timestamp,rainfall_mm,inflow_m3s,water_level_cm,capacity_pct,sensor_1_cm,sensor_2_cm,temperature_c,humidity_pct,sound_speed_mps,is_anomaly
2022-01-01 00:00:00,4.4,0.0,41.84,49.23,58.23,58.11,28.8,76.64,348.75,False
2022-01-01 01:00:00,0.0,4.34,41.94,49.34,58.26,58.1,29.58,73.77,349.23,False
2022-01-01 02:00:00,0.0,4.01,41.99,49.4,58.62,58.56,31.14,69.81,350.17,False
2022-01-01 03:00:00,0.0,4.16,42.08,49.5,57.83,58.41,32.6,68.32,351.05,False
2022-01-01 04:00:00,0.0,4.07,42.02,49.44,58.02,58.3,32.26,68.27,350.85,False
2022-01-01 05:00:00,0.0,3.45,41.95,49.36,57.65,57.62,32.71,62.93,351.12,False
2022-01-01 06:00:00,34.65,65.95,43.0,50.59,56.5,56.57,33.95,66.0,351.87,False
2022-01-01 07:00:00,0.0,62.1,43.97,51.73,56.03,55.74,33.31,62.91,351.48,False
2022-01-01 08:00:00,0.0,58.25,44.89,52.81,55.16,54.91,32.12,64.18,350.76,False
2022-01-01 09:00:00,0.0,54.29,45.71,53.78,54.56,54.37,32.01,69.74,350.7,False
2022-01-01 10:00:00,0.0,51.16,46.51,54.72,53.72,53.45,30.47,72.84,349.77,False
2022-01-01 11:00:00,0.0,48.04,47.22,55.55,52.89,52.72,29.39,76.08,349.11,False
2022-01-01 12:00:00,0.0,45.21,47.93,56.38,52.75,51.97,28.65,75.37,348.66,False
2022-01-01 13:00:00,0.0,42.02,48.47,57.03,51.4,51.18,26.19,80.69,347.17,False
2022-01-01 14:00:00,0.0,39.37,49.13,57.8,50.79,50.69,25.22,86.65,346.58,False
2022-01-01 15:00:00,0.0,37.16,49.73,58.51,50.38,51.24,24.98,87.98,346.44,False
2022-01-01 16:00:00,0.0,35.49,50.18,59.04,49.35,50.1,24.0,87.98,345.84,False
2022-01-01 17:00:00,0.0,33.3,50.8,59.77,49.47,49.21,24.34,92.44,346.05,False
2022-01-01 18:00:00,0.0,31.73,51.22,60.26,48.8,48.18,23.46,90.57,345.51,False
2022-01-01 19:00:00,0.0,30.07,51.78,60.92,48.26,47.82,23.31,95.11,345.42,False
2022-01-01 20:00:00,0.0,28.33,52.24,61.46,47.98,47.74,25.48,93.21,346.74,False
2022-01-01 21:00:00,0.0,26.33,52.72,62.02,47.43,47.83,25.18,89.11,346.56,False
2022-01-01 22:00:00,0.0,24.46,53.1,62.47,47.06,46.99,26.29,87.72,347.23,False
2022-01-01 23:00:00,0.0,23.18,53.49,62.93,46.35,46.6,26.48,81.75,347.35,False
2022-01-02 00:00:00,0.0,21.63,53.89,63.4,46.74,46.55,28.17,79.53,348.37,False
2022-01-02 01:00:00,0.0,20.14,54.34,63.93,45.08,45.27,29.73,77.33,349.32,False
2022-01-02 02:00:00,0.0,18.88,54.7,64.35,45.03,45.86,30.06,71.49,349.52,False
2022-01-02 03:00:00,0.0,17.7,54.99,64.69,44.79,44.86,31.91,67.59,350.64,False
2022-01-02 04:00:00,2.65,21.68,55.2,64.95,44.51,45.26,32.04,62.47,350.71,False
2022-01-02 05:00:00,0.0,20.22,55.31,65.07,43.99,45.36,32.67,64.31,351.1,False
2022-01-02 06:00:00,0.0,19.25,55.58,65.39,45.08,44.06,32.64,65.65,351.08,False
2022-01-02 07:00:00,0.0,18.23,55.78,65.63,44.47,44.22,33.96,66.37,351.88,False
2022-01-02 08:00:00,0.0,16.63,55.97,65.84,43.78,44.35,32.39,66.88,350.93,False
2022-01-02 09:00:00,0.0,15.72,56.18,66.1,44.1,43.7,31.05,67.02,350.11,False
2022-01-02 10:00:00,0.0,13.98,56.43,66.39,43.51,55.47,31.24,67.05,350.23,True
2022-01-02 11:00:00,0.0,12.87,56.55,66.53,43.33,43.29,28.93,73.39,348.83,False
2022-01-02 12:00:00,3.42,18.39,56.89,66.93,42.72,42.36,28.63,77.39,348.65,False
2022-01-02 13:00:00,0.0,17.28,57.14,67.23,42.86,43.28,26.16,81.0,347.15,False
2022-01-02 14:00:00,0.0,15.71,57.37,67.49,42.38,42.23,25.45,86.24,346.72,False
2022-01-02 15:00:00,0.0,14.44,57.72,67.9,41.89,41.37,25.44,91.87,346.71,False
2022-01-02 16:00:00,0.0,12.79,57.91,68.12,42.48,42.51,25.05,90.37,346.48,False
2022-01-02 17:00:00,0.0,11.62,58.05,68.3,41.62,42.14,24.26,91.09,346.0,False
2022-01-02 18:00:00,0.0,11.09,58.24,68.52,42.32,41.23,23.93,91.48,345.8,False
2022-01-02 19:00:00,0.0,10.26,58.52,68.84,41.2,41.92,23.97,91.77,345.83,False
2022-01-02 20:00:00,0.0,9.7,58.63,68.98,40.76,41.63,23.72,88.47,345.67,False
2022-01-02 21:00:00,0.0,9.12,58.78,69.15,41.43,41.22,24.89,88.14,346.38,False
2022-01-02 22:00:00,0.0,8.58,58.88,69.27,40.95,40.98,25.97,85.9,347.04,False
2022-01-02 23:00:00,0.0,8.37,58.97,69.37,40.4,52.98,27.97,82.04,348.25,True
2022-01-03 00:00:00,0.0,7.81,59.02,69.43,41.08,41.06,28.71,78.92,348.7,False
2022-01-03 01:00:00,12.4,29.93,59.43,69.92,40.05,40.25,28.61,75.24,348.64,False
2022-01-03 02:00:00,0.0,27.39,59.98,70.57,39.22,40.46,30.94,67.46,350.05,False
2022-01-03 03:00:00,21.31,64.44,60.57,71.26,39.7,39.65,31.45,69.37,350.36,False
2022-01-03 04:00:00,8.66,75.77,61.27,72.09,39.32,38.67,31.99,64.53,350.69,False
2022-01-03 05:00:00,4.91,79.73,62.17,73.14,37.67,38.52,33.21,62.29,351.43,False
2022-01-03 06:00:00,0.0,74.74,63.06,74.19,37.43,36.82,33.62,61.79,351.67,False
2022-01-03 07:00:00,0.0,70.58,63.9,75.17,36.43,36.72,33.41,65.34,351.54,False
2022-01-03 08:00:00,0.0,66.08,64.46,75.84,35.81,35.66,31.89,65.43,350.63,False
2022-01-03 09:00:00,9.4,78.83,65.42,76.97,34.51,34.88,31.5,64.74,350.39,False
2022-01-03 10:00:00,0.0,73.82,66.38,78.09,33.38,33.47,30.95,71.96,350.05,False
2022-01-03 11:00:00,0.0,69.46,66.48,78.21,33.66,32.77,30.25,71.5,349.63,False
2022-01-03 12:00:00,0.0,65.52,66.56,78.31,33.7,33.63,28.21,78.28,348.4,False
2022-01-03 13:00:00,0.0,62.1,66.5,78.23,33.0,33.03,27.22,82.1,347.8,False
2022-01-03 14:00:00,0.0,59.09,66.63,78.39,33.24,33.13,25.59,86.77,346.81,False
2022-01-03 15:00:00,0.0,55.74,66.44,78.16,33.49,33.59,24.6,91.46,346.21,False
2022-01-03 16:00:00,0.0,52.51,66.28,77.98,33.6,33.46,25.09,87.4,346.5,False
2022-01-03 17:00:00,0.0,48.99,66.72,78.5,33.01,33.27,24.97,91.42,346.43,False
2022-01-03 18:00:00,0.0,46.62,66.44,78.17,33.02,33.64,23.96,91.45,345.82,False
2022-01-03 19:00:00,0.0,43.89,66.1,77.76,33.78,33.31,24.76,92.39,346.3,False
2022-01-03 20:00:00,0.0,41.17,66.34,78.05,33.55,33.77,24.82,90.56,346.34,False
2022-01-03 21:00:00,0.0,38.82,66.18,77.85,33.63,33.57,24.93,87.19,346.41,False
2022-01-03 22:00:00,0.0,36.3,66.32,78.02,33.94,33.25,26.47,84.12,347.34,False
2022-01-03 23:00:00,0.0,33.42,65.86,77.48,33.59,33.34,28.26,79.39,348.42,False
2022-01-04 00:00:00,0.0,31.59,65.86,77.48,34.25,33.52,28.48,79.98,348.56,False
2022-01-04 01:00:00,0.0,30.09,65.95,77.59,33.33,34.06,30.6,75.29,349.85,False
2022-01-04 02:00:00,15.34,56.06,66.52,78.25,33.46,33.5,29.18,72.84,348.98,False
2022-01-04 03:00:00,0.0,52.7,66.35,78.05,32.75,33.86,32.18,67.48,350.8,False
2022-01-04 04:00:00,0.0,49.54,66.21,77.9,33.43,34.47,32.45,64.56,350.96,False
2022-01-04 05:00:00,0.0,46.62,66.5,78.24,33.49,34.04,32.67,62.32,351.1,False
2022-01-04 06:00:00,0.0,43.86,66.08,77.74,33.35,52.04,33.06,64.72,351.33,True
2022-01-04 07:00:00,0.0,41.21,66.37,78.08,33.07,34.11,31.65,62.4,350.48,False
2022-01-04 08:00:00,0.0,38.75,66.18,77.86,34.21,33.89,32.27,69.57,350.85,False
2022-01-04 09:00:00,3.04,42.36,66.35,78.06,33.01,33.72,31.9,65.49,350.63,False
2022-01-04 10:00:00,0.0,39.96,66.03,77.68,33.92,34.59,31.64,71.55,350.47,False
2022-01-04 11:00:00,0.0,37.59,66.32,78.02,34.27,33.77,29.35,77.51,349.09,False
2022-01-04 12:00:00,0.0,35.53,65.9,77.53,34.15,34.19,28.01,79.2,348.28,False
2022-01-04 13:00:00,0.0,33.6,65.91,77.54,34.1,34.56,27.03,81.97,347.68,False
2022-01-04 14:00:00,0.0,31.87,66.0,77.65,33.71,33.88,26.8,83.06,347.54,False
2022-01-04 15:00:00,0.0,29.73,66.18,77.86,33.54,33.77,25.52,85.14,346.76,False
2022-01-04 16:00:00,0.0,27.8,66.16,77.84,33.77,33.29,24.29,91.66,346.02,False
2022-01-04 17:00:00,0.0,25.89,66.17,77.85,33.03,33.64,24.46,94.54,346.12,False
2022-01-04 18:00:00,0.0,24.56,66.06,77.71,34.35,33.81,24.06,91.12,345.88,False
2022-01-04 19:00:00,0.0,23.31,66.0,77.64,34.09,33.89,24.73,89.24,346.29,False
2022-01-04 20:00:00,13.44,45.72,66.35,78.06,32.95,33.97,24.18,85.21,345.95,False
2022-01-04 21:00:00,0.0,43.1,66.08,77.74,34.33,33.52,25.12,85.94,346.52,False
2022-01-04 22:00:00,0.0,40.92,66.29,77.98,33.99,34.31,26.01,84.77,347.06,False
2022-01-04 23:00:00,0.0,38.4,66.52,78.26,33.65,32.65,26.46,84.82,347.33,False
2022-01-05 00:00:00,24.42,80.14,66.91,78.72,33.98,33.33,28.68,79.35,348.68,False
2022-01-05 01:00:00,0.0,75.55,67.23,79.09,32.81,33.1,29.82,74.99,349.37,False
2022-01-05 02:00:00,0.0,70.62,67.38,79.27,33.23,32.89,30.75,70.2,349.94,False
2022-01-05 03:00:00,0.0,66.43,67.44,79.34,32.57,33.0,31.54,66.93,350.41,False
2022-01-05 04:00:00,0.0,62.82,67.64,79.58,32.54,32.27,31.55,68.69,350.42,False
2022-01-05 05:00:00,0.0,58.88,67.64,79.57,32.14,32.86,32.59,64.88,351.05,False
2022-01-05 06:00:00,5.53,65.54,67.71,79.66,31.54,32.02,32.79,59.79,351.17,False
2022-01-05 07:00:00,0.0,61.62,67.62,79.55,31.65,32.14,32.37,63.13,350.91,False
2022-01-05 08:00:00,0.0,57.72,67.5,79.42,32.46,33.32,32.3,64.16,350.87,False
2022-01-05 09:00:00,2.18,58.16,67.42,79.32,32.48,32.65,31.92,67.01,350.65,False
2022-01-05 10:00:00,0.0,54.51,67.37,79.25,32.16,33.01,31.88,72.13,350.62,False
2022-01-05 11:00:00,5.72,61.28,67.36,79.25,32.53,32.84,29.77,74.16,349.34,False
2022-01-05 12:00:00,16.23,86.73,67.81,79.77,32.37,32.48,28.65,77.85,348.66,False
2022-01-05 13:00:00,0.0,81.54,68.05,80.06,32.47,31.15,27.29,84.25,347.84,False
2022-01-05 14:00:00,0.0,76.6,68.44,80.52,99.0,31.71,25.1,83.61,346.51,True
2022-01-05 15:00:00,0.0,71.93,68.58,80.68,31.58,31.43,25.3,91.63,346.63,False
2022-01-05 16:00:00,0.0,67.68,68.73,80.85,31.97,31.66,24.64,88.78,346.23,False
2022-01-05 17:00:00,0.0,63.78,68.75,80.88,31.55,30.94,25.63,91.7,346.83,False
2022-01-05 18:00:00,0.0,59.61,68.71,80.84,30.98,31.76,23.88,91.44,345.77,False
2022-01-05 19:00:00,0.0,55.96,68.58,80.69,31.46,30.93,24.33,91.77,346.05,False
2022-01-05 20:00:00,0.0,52.01,68.47,80.56,99.0,31.35,24.58,91.01,346.2,True
2022-01-05 21:00:00,21.91,88.27,68.87,81.02,31.39,30.5,24.62,88.77,346.22,False
2022-01-05 22:00:00,0.0,83.02,69.28,81.5,30.74,30.29,26.94,83.49,347.62,False
2022-01-05 23:00:00,0.0,78.21,69.57,81.85,30.62,30.43,27.79,79.38,348.14,False
2022-01-06 00:00:00,13.17,97.28,70.24,82.64,30.17,30.31,28.97,83.01,348.86,False
2022-01-06 01:00:00,0.0,91.6,70.83,83.32,28.75,29.19,29.12,73.41,348.95,False
2022-01-06 02:00:00,0.0,86.13,71.24,83.81,28.24,28.25,31.59,72.4,350.44,False
2022-01-06 03:00:00,0.0,80.76,71.61,84.25,28.63,27.54,30.84,64.89,349.99,False
2022-01-06 04:00:00,0.0,75.58,71.83,84.51,99.0,28.43,32.75,65.32,351.15,True
2022-01-06 05:00:00,0.0,70.96,72.12,84.85,28.22,27.61,34.16,64.22,352.0,False
2022-01-06 06:00:00,0.0,66.48,72.2,84.94,28.23,27.59,32.41,64.95,350.94,False
2022-01-06 07:00:00,0.0,62.45,72.23,84.97,27.03,28.2,32.51,59.03,351.0,False
2022-01-06 08:00:00,0.0,58.56,72.17,84.9,27.5,27.78,32.46,66.21,350.97,False
2022-01-06 09:00:00,0.0,55.17,72.03,84.74,27.92,27.85,31.38,65.8,350.32,False
2022-01-06 10:00:00,0.0,51.87,72.05,84.77,27.54,28.01,29.82,71.65,349.37,False
2022-01-06 11:00:00,0.0,48.9,71.91,84.6,99.0,28.69,29.71,72.3,349.3,True
2022-01-06 12:00:00,0.0,46.09,71.68,84.33,27.81,28.42,27.86,76.29,348.18,False
2022-01-06 13:00:00,1.19,45.42,71.4,84.0,28.42,27.74,27.62,81.08,348.04,False
2022-01-06 14:00:00,2.0,46.27,71.26,83.84,28.35,28.41,25.7,82.9,346.87,False
2022-01-06 15:00:00,0.0,43.64,70.94,83.46,29.19,28.94,26.25,86.95,347.21,False
2022-01-06 16:00:00,0.0,41.76,70.65,83.12,29.71,29.7,24.13,87.74,345.92,False
2022-01-06 17:00:00,0.0,38.96,70.47,82.91,29.69,29.03,23.96,87.86,345.82,False
2022-01-06 18:00:00,0.0,36.63,70.01,82.36,31.03,30.05,24.49,94.04,346.14,False
2022-01-06 19:00:00,0.0,34.07,69.62,81.91,30.76,30.35,23.41,88.93,345.49,False
2022-01-06 20:00:00,0.0,32.02,69.18,81.38,31.18,31.23,24.74,89.77,346.29,False
2022-01-06 21:00:00,0.0,29.9,68.72,80.84,31.25,30.88,26.1,89.41,347.12,False
2022-01-06 22:00:00,0.0,28.07,68.16,80.19,31.71,31.9,25.29,83.77,346.62,False
2022-01-06 23:00:00,0.0,26.43,67.56,79.48,32.95,33.06,27.45,79.97,347.93,False
2022-01-07 00:00:00,0.0,24.7,66.99,78.81,32.91,33.37,28.66,78.45,348.67,False
2022-01-07 01:00:00,0.0,22.68,66.33,78.03,33.69,33.91,30.13,76.61,349.56,False
2022-01-07 02:00:00,0.0,21.75,65.5,77.06,34.43,34.37,30.01,68.66,349.48,False
2022-01-07 03:00:00,0.0,20.7,65.34,76.87,34.87,34.72,30.89,67.8,350.02,False
2022-01-07 04:00:00,0.0,19.42,65.2,76.71,35.16,34.75,32.71,62.41,351.12,False
2022-01-07 05:00:00,0.0,17.98,64.97,76.44,35.45,35.37,33.02,63.69,351.31,False
2022-01-07 06:00:00,0.0,16.93,64.83,76.27,35.05,35.38,33.15,64.07,351.39,False
2022-01-07 07:00:00,23.33,58.01,65.29,76.82,34.78,34.45,33.05,62.77,351.33,False
2022-01-07 08:00:00,0.0,54.76,65.76,77.37,34.37,34.94,31.99,64.96,350.69,False
2022-01-07 09:00:00,0.0,51.73,66.36,78.07,34.23,34.12,31.82,65.28,350.58,False
2022-01-07 10:00:00,10.7,68.2,66.59,78.35,32.69,33.06,30.93,71.15,350.04,False
2022-01-07 11:00:00,0.0,63.58,66.7,78.47,33.3,33.16,29.24,76.49,349.02,False
2022-01-07 12:00:00,0.0,59.68,66.84,78.64,32.9,33.1,29.62,75.81,349.25,False
2022-01-07 13:00:00,0.0,56.39,66.77,78.56,33.01,33.55,27.62,80.38,348.04,False
2022-01-07 14:00:00,0.0,52.73,66.65,78.41,33.01,33.03,25.54,86.01,346.77,False
2022-01-07 15:00:00,0.58,50.98,66.41,78.13,33.8,33.32,25.71,90.32,346.88,False
2022-01-07 16:00:00,0.0,48.46,66.32,78.03,32.7,34.03,24.02,87.14,345.85,False
2022-01-07 17:00:00,0.0,45.91,66.24,77.94,33.7,33.98,24.63,91.19,346.22,False
2022-01-07 18:00:00,0.0,43.36,66.6,78.35,32.67,32.62,24.7,92.57,346.27,False
2022-01-07 19:00:00,0.0,40.62,66.39,78.11,33.33,33.87,23.66,91.32,345.64,False
2022-01-07 20:00:00,0.0,38.27,65.81,77.42,34.1,33.6,25.18,85.17,346.56,False
2022-01-07 21:00:00,0.0,35.57,66.15,77.82,33.69,33.6,25.57,88.9,346.79,False
2022-01-07 22:00:00,0.0,33.2,66.25,77.95,34.02,33.6,26.74,88.04,347.51,False
2022-01-07 23:00:00,0.0,30.99,66.52,78.26,33.98,33.29,28.47,81.86,348.55,False
2022-01-08 00:00:00,0.0,29.15,66.14,77.82,34.64,33.6,28.35,75.94,348.48,False
2022-01-08 01:00:00,0.0,27.29,66.22,77.91,33.78,33.36,29.21,73.35,349.0,False
2022-01-08 02:00:00,9.56,42.93,66.47,78.2,34.0,33.74,30.22,74.54,349.61,False
2022-01-08 03:00:00,0.0,40.62,66.16,77.83,34.43,33.2,31.19,69.92,350.2,False
2022-01-08 04:00:00,0.0,37.97,66.2,77.88,33.61,33.59,32.35,67.16,350.9,False
2022-01-08 05:00:00,0.0,35.74,66.43,78.15,34.06,33.89,33.05,65.19,351.33,False
2022-01-08 06:00:00,0.0,33.47,65.78,77.39,33.35,34.38,33.17,62.68,351.4,False
2022-01-08 07:00:00,0.0,31.52,65.84,77.46,34.28,33.6,33.34,64.08,351.51,False
2022-01-08 08:00:00,0.0,29.83,66.02,77.68,34.62,33.2,32.4,65.72,350.94,False
2022-01-08 09:00:00,9.08,44.67,66.39,78.1,33.65,33.18,32.55,69.2,351.03,False
2022-01-08 10:00:00,0.0,42.19,65.97,77.61,33.96,33.16,30.59,74.02,349.84,False
2022-01-08 11:00:00,0.0,39.78,66.08,77.74,33.84,33.95,31.3,76.61,350.27,False
2022-01-08 12:00:00,5.13,46.21,66.37,78.08,34.22,33.45,28.88,75.16,348.8,False
2022-01-08 13:00:00,0.0,43.11,66.09,77.75,33.27,33.76,26.82,82.07,347.55,False
2022-01-08 14:00:00,0.0,40.28,66.39,78.11,33.45,33.81,25.61,86.47,346.82,False
2022-01-08 15:00:00,0.0,37.97,66.07,77.73,34.26,34.28,25.61,89.14,346.82,False
2022-01-08 16:00:00,0.0,35.3,66.14,77.81,33.99,33.96,24.47,88.87,346.13,False
2022-01-08 17:00:00,0.0,33.29,66.3,78.0,34.17,33.61,24.58,97.35,346.2,False
2022-01-08 18:00:00,0.0,31.37,65.88,77.51,34.39,33.84,24.28,89.45,346.02,False
2022-01-08 19:00:00,0.69,30.16,65.98,77.63,33.83,33.88,24.11,89.36,345.91,False
2022-01-08 20:00:00,0.0,28.02,66.21,77.89,34.02,33.87,24.09,90.59,345.9,False
2022-01-08 21:00:00,0.0,26.65,66.27,77.97,33.2,34.1,24.41,92.13,346.09,False
2022-01-08 22:00:00,0.0,25.26,66.33,78.03,32.86,33.11,25.98,83.33,347.05,False
2022-01-08 23:00:00,0.0,23.49,65.87,77.5,33.88,33.68,27.85,81.09,348.18,False
2022-01-09 00:00:00,0.0,21.77,65.86,77.48,34.17,34.14,28.63,80.15,348.65,False
2022-01-09 01:00:00,0.0,19.73,65.71,77.3,33.97,33.45,28.92,74.34,348.82,False
2022-01-09 02:00:00,0.0,18.99,65.68,77.27,34.39,34.43,30.85,70.33,350.0,False
2022-01-09 03:00:00,0.0,17.86,65.51,77.07,34.52,34.91,31.91,69.23,350.64,False
2022-01-09 04:00:00,0.0,17.36,65.28,76.8,33.98,35.66,31.87,66.42,350.61,False
2022-01-09 05:00:00,0.0,16.26,65.04,76.52,34.75,34.99,32.94,66.54,351.26,False
2022-01-09 06:00:00,0.0,15.37,64.95,76.41,99.0,35.39,33.03,66.58,351.32,True
2022-01-09 07:00:00,0.0,14.71,64.81,76.24,35.39,35.2,32.16,65.09,350.79,False
2022-01-09 08:00:00,2.5,18.82,64.77,76.2,34.96,35.88,32.61,66.46,351.06,False
2022-01-09 09:00:00,11.13,37.87,65.01,76.48,35.24,34.82,32.02,68.53,350.7,False
2022-01-09 10:00:00,0.0,35.59,65.18,76.68,35.53,34.96,31.4,71.98,350.33,False
2022-01-09 11:00:00,6.29,44.78,65.51,77.07,34.32,34.73,30.3,74.49,349.66,False
2022-01-09 12:00:00,0.0,41.78,65.81,77.42,34.49,34.34,27.67,78.0,348.07,False
2022-01-09 13:00:00,0.0,39.16,65.98,77.62,34.26,33.72,26.77,84.02,347.52,False
2022-01-09 14:00:00,17.89,69.02,66.58,78.33,33.23,32.87,26.56,88.03,347.39,False
2022-01-09 15:00:00,0.0,65.3,66.63,78.39,32.91,33.78,25.63,84.88,346.83,False
2022-01-09 16:00:00,5.42,71.0,66.86,78.66,33.8,33.24,24.91,90.14,346.4,False
2022-01-09 17:00:00,0.0,67.06,66.92,78.74,33.51,33.11,26.46,90.15,347.34,False
2022-01-09 18:00:00,0.0,63.01,67.15,78.99,32.74,33.21,24.34,91.38,346.05,False
2022-01-09 19:00:00,0.0,59.61,67.17,79.03,33.31,33.16,24.83,92.33,346.35,False
2022-01-09 20:00:00,26.53,103.98,67.92,79.9,32.31,32.23,25.18,91.46,346.56,False
2022-01-09 21:00:00,0.0,97.92,68.5,80.59,31.98,31.75,25.71,87.68,346.88,False
2022-01-09 22:00:00,23.49,134.63,69.82,82.14,29.47,29.97,26.06,81.17,347.09,False
2022-01-09 23:00:00,0.0,126.8,70.83,83.33,29.0,29.38,27.79,79.69,348.14,False
2022-01-10 00:00:00,0.0,119.51,71.85,84.53,28.78,27.52,28.04,79.79,348.29,False
2022-01-10 01:00:00,0.0,112.98,72.7,85.53,28.36,27.31,29.52,68.9,349.19,False
2022-01-10 02:00:00,0.0,106.69,72.85,85.7,27.0,27.45,30.46,73.37,349.76,False
2022-01-10 03:00:00,0.0,100.43,72.92,85.79,26.92,26.79,31.73,69.14,350.53,False
2022-01-10 04:00:00,0.0,94.27,72.76,85.6,27.51,27.3,33.79,68.51,351.77,False
2022-01-10 05:00:00,0.0,88.72,72.46,85.25,27.67,27.66,31.73,64.08,350.53,False
2022-01-10 06:00:00,8.08,97.36,72.37,85.14,27.84,27.27,33.41,59.88,351.55,False
2022-01-10 07:00:00,0.0,91.77,72.33,85.1,26.8,28.12,31.88,65.34,350.62,False
2022-01-10 08:00:00,0.0,85.94,72.15,84.89,27.75,27.97,32.11,68.42,350.76,False
2022-01-10 09:00:00,45.35,162.75,73.83,86.86,26.49,25.49,32.34,69.95,350.9,False
2022-01-10 10:00:00,1.72,156.67,74.96,88.19,24.09,25.07,30.79,69.67,349.96,False
2022-01-10 11:00:00,0.0,146.84,75.87,89.26,23.48,24.71,29.02,74.55,348.88,False
2022-01-10 12:00:00,0.0,138.01,76.62,90.14,22.67,23.38,28.07,76.93,348.31,False
2022-01-10 13:00:00,0.0,129.41,77.08,90.68,23.18,22.66,27.74,79.98,348.11,False
2022-01-10 14:00:00,0.0,121.13,77.54,91.22,22.09,22.24,25.81,86.91,346.94,False
2022-01-10 15:00:00,0.0,113.83,77.82,91.56,21.7,22.11,25.45,85.5,346.72,False
2022-01-10 16:00:00,0.0,107.19,77.91,91.66,22.11,21.6,24.63,88.34,346.23,False
2022-01-10 17:00:00,0.0,100.98,77.95,91.7,21.56,22.62,23.76,89.31,345.7,False
2022-01-10 18:00:00,0.0,94.97,77.81,91.54,22.38,22.56,25.29,89.02,346.62,False
2022-01-10 19:00:00,0.0,88.77,77.59,91.28,23.38,22.84,24.53,91.82,346.17,False
2022-01-10 20:00:00,0.0,83.48,77.25,90.88,22.6,22.15,23.39,92.45,345.47,False
2022-01-10 21:00:00,0.0,78.03,76.98,90.57,22.24,23.07,25.43,87.53,346.71,False
2022-01-10 22:00:00,0.0,72.92,76.55,90.06,23.26,23.88,25.85,81.99,346.97,False
2022-01-10 23:00:00,1.92,71.69,76.03,89.45,24.16,23.59,27.85,83.3,348.18,False
2022-01-11 00:00:00,0.0,67.7,75.56,88.9,24.59,24.41,28.02,81.37,348.28,False
2022-01-11 01:00:00,0.0,63.81,74.99,88.22,25.35,24.57,29.6,73.08,349.24,False
2022-01-11 02:00:00,6.64,72.03,74.63,87.8,25.13,25.7,31.05,70.04,350.12,False
2022-01-11 03:00:00,5.11,76.64,74.28,87.39,25.61,25.63,32.2,69.13,350.81,False
2022-01-11 04:00:00,0.0,71.92,73.72,86.73,25.3,26.24,31.68,69.12,350.5,False
2022-01-11 05:00:00,0.0,67.2,73.16,86.07,27.08,26.39,32.65,63.44,351.08,False
2022-01-11 06:00:00,0.0,63.57,72.49,85.28,26.99,28.13,32.72,61.34,351.13,False
2022-01-11 07:00:00,0.0,60.42,71.9,84.59,28.18,28.12,32.45,65.74,350.97,False
2022-01-11 08:00:00,0.0,56.96,71.94,84.63,27.71,28.38,33.46,67.47,351.57,False
2022-01-11 09:00:00,0.0,53.76,71.71,84.37,28.25,28.44,31.92,68.11,350.65,False
2022-01-11 10:00:00,0.0,50.49,71.54,84.17,28.84,28.09,29.99,69.88,349.48,False
2022-01-11 11:00:00,46.02,129.81,72.8,85.65,27.03,26.55,30.22,76.37,349.61,False
2022-01-11 12:00:00,0.0,121.77,73.06,85.96,26.64,26.86,29.77,79.06,349.34,False
2022-01-11 13:00:00,0.0,114.32,73.29,86.23,26.71,27.15,27.95,80.09,348.24,False
2022-01-11 14:00:00,0.0,107.35,73.44,86.4,26.3,25.77,25.34,85.1,346.66,False
2022-01-11 15:00:00,0.0,100.72,73.57,86.55,26.06,27.21,25.03,85.2,346.47,False
2022-01-11 16:00:00,0.0,94.69,73.55,86.53,27.2,26.78,25.36,91.5,346.67,False
2022-01-11 17:00:00,0.0,88.76,73.45,86.41,25.81,26.63,23.73,91.0,345.68,False
2022-01-11 18:00:00,0.0,84.08,73.26,86.19,27.0,26.7,24.27,91.13,346.01,False
2022-01-11 19:00:00,0.0,78.63,72.9,85.76,27.05,27.45,24.62,91.46,346.22,False
2022-01-11 20:00:00,0.0,74.18,72.63,85.44,27.04,26.89,24.05,90.2,345.87,False
2022-01-11 21:00:00,0.0,69.65,72.09,84.82,28.05,28.08,25.28,89.69,346.62,False
2022-01-11 22:00:00,0.0,65.61,71.96,84.66,28.05,28.16,24.31,86.18,346.03,False
2022-01-11 23:00:00,0.0,61.82,71.85,84.53,28.68,28.87,26.72,81.31,347.49,False
2022-01-12 00:00:00,7.39,71.47,72.03,84.74,27.51,27.82,28.35,79.53,348.48,False
2022-01-12 01:00:00,12.15,88.72,72.48,85.28,27.31,27.53,28.92,75.18,348.82,False
2022-01-12 02:00:00,21.98,122.86,72.85,85.7,27.56,27.12,31.73,70.15,350.53,False
2022-01-12 03:00:00,0.0,115.53,73.15,86.05,26.77,26.65,30.82,67.85,349.98,False
2022-01-12 04:00:00,0.0,108.63,73.41,86.37,26.81,27.18,32.13,65.58,350.77,False
2022-01-12 05:00:00,0.0,101.81,73.51,86.48,26.98,26.1,32.93,65.49,351.25,False
2022-01-12 06:00:00,0.0,96.09,73.52,86.49,26.71,25.87,33.86,63.27,351.82,False
2022-01-12 07:00:00,0.0,89.58,73.29,86.22,46.47,26.81,31.99,63.7,350.68,True
2022-01-12 08:00:00,0.0,84.13,73.01,85.89,26.85,26.7,33.1,69.81,351.36,False
2022-01-12 09:00:00,17.25,109.85,73.25,86.18,27.24,26.85,31.69,69.98,350.5,False
2022-01-12 10:00:00,0.0,103.31,73.34,86.29,26.72,26.91,30.16,69.48,349.58,False
2022-01-12 11:00:00,0.0,97.42,73.37,86.31,26.55,26.69,29.94,75.52,349.44,False
2022-01-12 12:00:00,0.0,91.15,73.29,86.23,26.86,26.72,28.62,78.24,348.64,False
2022-01-12 13:00:00,0.0,86.39,73.11,86.01,26.38,26.07,26.98,82.41,347.65,False
2022-01-12 14:00:00,12.0,102.86,73.31,86.24,26.6,26.92,26.29,85.27,347.23,False
2022-01-12 15:00:00,0.0,96.8,73.24,86.16,26.73,26.84,25.09,90.28,346.5,False
2022-01-12 16:00:00,0.0,90.56,73.04,85.93,26.92,27.71,24.67,90.82,346.25,False
2022-01-12 17:00:00,0.0,85.11,72.68,85.51,27.16,27.77,24.55,91.4,346.18,False
2022-01-12 18:00:00,0.0,80.3,72.44,85.22,27.44,26.97,24.95,94.08,346.42,False
2022-01-12 19:00:00,0.0,75.54,72.01,84.72,27.94,28.41,23.41,91.99,345.49,False
2022-01-12 20:00:00,0.06,71.16,72.3,85.06,28.28,27.18,25.88,90.37,346.98,False
2022-01-12 21:00:00,6.69,78.92,71.99,84.7,47.12,28.34,24.15,88.53,345.93,True
2022-01-12 22:00:00,0.0,73.77,72.2,84.94,28.08,28.38,26.16,84.81,347.15,False
2022-01-12 23:00:00,7.3,82.08,72.48,85.27,27.48,28.27,27.69,81.64,348.08,False
2022-01-13 00:00:00,0.0,77.5,72.2,84.94,27.78,27.64,28.67,76.83,348.67,False
2022-01-13 01:00:00,0.0,73.12,72.41,85.19,27.42,27.87,29.29,72.87,349.05,False
2022-01-13 02:00:00,0.0,69.04,71.95,84.64,28.25,28.46,30.63,69.0,349.86,False
2022-01-13 03:00:00,0.0,64.65,72.07,84.79,28.31,28.12,31.39,65.32,350.32,False
2022-01-13 04:00:00,0.0,60.72,72.11,84.83,27.14,27.23,32.04,64.12,350.72,False
2022-01-13 05:00:00,0.0,57.45,71.99,84.7,28.84,28.07,33.36,64.13,351.51,False
2022-01-13 06:00:00,0.0,53.63,71.93,84.62,28.13,28.3,33.21,64.21,351.43,False
2022-01-13 07:00:00,0.0,50.76,71.84,84.52,28.2,28.16,32.43,63.93,350.95,False
2022-01-13 08:00:00,0.0,47.53,71.66,84.31,27.78,27.99,32.94,61.16,351.26,False
2022-01-13 09:00:00,15.51,72.34,71.92,84.61,27.85,28.0,31.87,71.25,350.61,False
2022-01-13 10:00:00,0.0,67.99,72.11,84.84,28.43,28.25,31.24,73.17,350.23,False
2022-01-13 11:00:00,0.0,63.58,72.14,84.87,27.89,28.02,30.04,75.27,349.51,False
2022-01-13 12:00:00,0.0,59.19,72.09,84.81,28.08,28.1,28.0,81.81,348.27,False
2022-01-13 13:00:00,0.0,55.66,72.2,84.94,27.62,27.7,27.0,79.67,347.66,False
2022-01-13 14:00:00,0.0,52.48,72.18,84.91,28.61,27.99,26.7,88.78,347.48,False
2022-01-13 15:00:00,3.74,56.43,72.11,84.84,27.82,27.04,25.68,85.97,346.86,False
2022-01-13 16:00:00,0.0,53.23,72.06,84.77,28.4,27.93,24.59,90.6,346.2,False
2022-01-13 17:00:00,0.0,50.62,71.82,84.5,28.12,28.02,24.22,88.98,345.98,False
2022-01-13 18:00:00,0.0,47.99,71.58,84.21,28.56,28.43,24.77,92.03,346.31,False
2022-01-13 19:00:00,0.0,45.33,71.23,83.8,28.91,28.3,23.8,92.3,345.72,False
2022-01-13 20:00:00,7.52,56.3,71.19,83.76,29.18,28.95,24.93,89.81,346.41,False
2022-01-13 21:00:00,0.0,53.29,71.11,83.65,29.19,29.66,25.2,89.33,346.57,False
2022-01-13 22:00:00,0.0,49.43,71.02,83.55,28.79,29.02,26.12,85.2,347.13,False
2022-01-13 23:00:00,0.0,46.32,70.77,83.26,29.69,29.25,27.99,80.58,348.26,False
2022-01-14 00:00:00,0.0,42.98,70.57,83.03,29.03,30.43,29.0,76.87,348.87,False
2022-01-14 01:00:00,0.0,40.6,70.3,82.71,29.23,29.32,30.15,76.0,349.57,False
2022-01-14 02:00:00,16.36,67.4,70.62,83.08,29.26,29.58,31.53,69.69,350.41,False
2022-01-14 03:00:00,0.0,64.26,70.83,83.32,29.33,29.81,31.69,69.93,350.51,False
2022-01-14 04:00:00,0.0,60.25,70.95,83.47,28.64,28.89,32.81,68.32,351.18,False
2022-01-14 05:00:00,0.0,56.66,70.96,83.48,29.01,29.38,32.66,61.14,351.09,False
2022-01-14 06:00:00,0.0,53.14,70.77,83.26,48.67,29.29,33.19,66.27,351.42,True
2022-01-14 07:00:00,0.0,49.81,70.63,83.09,29.26,28.94,32.77,68.6,351.16,False
2022-01-14 08:00:00,0.0,46.45,70.58,83.04,29.81,29.35,32.46,66.38,350.97,False
2022-01-14 09:00:00,0.0,43.28,70.34,82.76,29.32,29.64,32.04,69.3,350.72,False
2022-01-14 10:00:00,0.0,40.03,69.95,82.29,29.57,29.8,30.26,73.07,349.64,False
2022-01-14 11:00:00,0.0,37.79,69.6,81.88,30.55,29.76,30.92,73.83,350.04,False
2022-01-14 12:00:00,0.0,35.39,69.11,81.31,30.57,30.72,27.9,78.36,348.21,False
2022-01-14 13:00:00,0.0,33.85,68.61,80.72,32.36,30.79,26.61,79.0,347.42,False
2022-01-14 14:00:00,0.0,31.45,68.17,80.19,31.91,32.05,26.94,85.28,347.63,False
2022-01-14 15:00:00,4.53,38.16,67.86,79.84,32.55,32.36,25.79,88.9,346.93,False
2022-01-14 16:00:00,0.0,36.34,67.4,79.3,32.07,32.09,24.98,91.16,346.44,False
2022-01-14 17:00:00,0.0,34.54,66.93,78.75,33.25,33.1,24.53,93.65,346.17,False
2022-01-14 18:00:00,0.0,32.54,66.36,78.07,33.24,33.1,23.99,90.45,345.84,False
2022-01-14 19:00:00,0.0,30.49,65.86,77.48,34.07,34.0,23.61,90.46,345.61,False
2022-01-14 20:00:00,0.0,29.04,65.75,77.35,33.95,33.98,24.65,93.92,346.24,False
2022-01-14 21:00:00,5.51,36.98,65.9,77.53,34.52,34.29,24.91,87.6,346.4,False
2022-01-14 22:00:00,0.0,34.84,66.05,77.7,34.08,33.31,26.84,85.4,347.56,False
2022-01-14 23:00:00,0.0,32.74,66.01,77.66,34.03,34.38,27.25,81.49,347.81,False
2022-01-15 00:00:00,0.0,30.51,66.0,77.65,34.54,34.49,28.0,76.36,348.27,False
2022-01-15 01:00:00,2.41,33.1,66.11,77.77,33.9,33.84,29.47,77.62,349.16,False
2022-01-15 02:00:00,29.55,84.52,67.06,78.89,33.35,32.4,31.0,69.94,350.08,False
2022-01-15 03:00:00,22.59,119.82,68.04,80.05,32.68,31.12,31.34,65.85,350.29,False
2022-01-15 04:00:00,0.0,112.77,68.95,81.11,31.11,31.49,31.9,64.97,350.63,False
2022-01-15 05:00:00,0.0,105.34,69.57,81.85,30.53,31.22,32.99,60.47,351.29,False
2022-01-15 06:00:00,0.0,98.7,70.27,82.67,99.0,29.75,33.15,62.7,351.39,True
2022-01-15 07:00:00,0.0,92.64,70.79,83.28,29.78,28.75,32.54,62.54,351.02,False
2022-01-15 08:00:00,0.0,87.19,71.2,83.76,28.86,28.37,32.11,67.11,350.76,False
2022-01-15 09:00:00,0.0,82.22,71.42,84.02,28.33,29.06,31.82,66.75,350.58,False
2022-01-15 10:00:00,3.84,84.22,71.8,84.47,28.55,28.27,29.88,72.78,349.41,False
2022-01-15 11:00:00,0.0,79.34,72.16,84.9,28.07,27.45,28.82,77.17,348.77,False
2022-01-15 12:00:00,0.0,74.53,72.42,85.19,27.93,28.5,28.07,79.56,348.31,False
2022-01-15 13:00:00,0.0,70.18,71.96,84.66,28.32,28.46,27.21,81.19,347.79,False
2022-01-15 14:00:00,0.0,66.07,72.03,84.74,28.05,28.19,26.44,85.28,347.32,False
2022-01-15 15:00:00,26.31,109.32,72.85,85.71,27.26,46.19,26.2,84.85,347.18,True
2022-01-15 16:00:00,0.0,102.66,72.83,85.69,27.45,27.66,25.12,89.86,346.52,False
2022-01-15 17:00:00,8.66,112.26,73.06,85.96,26.36,27.29,24.06,89.8,345.88,False
2022-01-15 18:00:00,0.56,107.08,73.17,86.08,27.36,26.79,23.99,93.39,345.84,False
2022-01-15 19:00:00,0.0,101.02,73.12,86.03,27.06,27.31,23.55,96.67,345.57,False
2022-01-15 20:00:00,0.0,94.62,73.12,86.02,26.54,27.3,24.59,91.12,346.2,False
2022-01-15 21:00:00,0.0,88.6,72.83,85.68,27.24,45.3,25.14,83.92,346.54,True
2022-01-15 22:00:00,0.0,83.13,72.62,85.43,27.91,26.92,26.44,84.28,347.32,False
2022-01-15 23:00:00,0.0,78.17,72.33,85.09,27.79,27.26,26.84,81.87,347.56,False
2022-01-16 00:00:00,0.0,73.49,71.87,84.55,27.84,27.5,28.81,78.17,348.76,False
2022-01-16 01:00:00,0.0,69.46,72.11,84.84,27.38,28.42,30.58,72.91,349.83,False
2022-01-16 02:00:00,0.0,65.68,72.16,84.89,28.83,27.25,30.68,71.49,349.89,False
2022-01-16 03:00:00,11.25,82.0,72.48,85.27,26.83,27.54,31.92,65.62,350.65,False
2022-01-16 04:00:00,0.0,77.01,72.03,84.74,28.11,27.34,32.81,63.99,351.18,False
2022-01-16 05:00:00,0.0,72.54,72.23,84.98,27.53,28.44,32.61,65.77,351.06,False
2022-01-16 06:00:00,14.28,94.21,72.73,85.56,27.69,26.81,33.13,61.97,351.38,False
2022-01-16 07:00:00,0.0,88.72,72.5,85.3,27.01,27.63,32.85,65.55,351.21,False
2022-01-16 08:00:00,49.9,173.1,73.74,86.76,26.9,25.63,32.46,63.14,350.97,False
2022-01-16 09:00:00,0.0,162.53,74.81,88.01,25.14,25.54,31.22,71.63,350.22,False
2022-01-16 10:00:00,0.0,152.44,75.81,89.19,24.1,24.62,30.76,69.45,349.94,False
2022-01-16 11:00:00,0.0,143.36,76.63,90.16,23.24,23.37,29.96,73.93,349.46,False
2022-01-16 12:00:00,6.03,145.8,77.47,91.14,22.29,22.5,29.37,78.66,349.1,False
2022-01-16 13:00:00,0.0,137.27,78.1,91.89,21.75,22.22,27.91,80.49,348.21,False
2022-01-16 14:00:00,0.0,129.38,78.59,92.46,21.7,21.17,27.54,85.29,347.99,False
2022-01-16 15:00:00,0.0,122.06,78.98,92.92,20.33,21.45,24.86,89.05,346.36,False
2022-01-16 16:00:00,0.0,114.33,79.2,93.18,20.5,20.92,25.13,92.05,346.53,False
2022-01-16 17:00:00,0.0,107.59,79.3,93.29,21.3,20.07,24.26,93.11,346.0,False
2022-01-16 18:00:00,0.0,101.26,79.34,93.34,20.62,21.4,25.31,91.66,346.64,False
2022-01-16 19:00:00,0.0,95.17,79.22,93.2,20.55,20.86,23.67,91.23,345.64,False
2022-01-16 20:00:00,0.0,89.21,79.0,92.94,20.49,20.87,24.1,94.82,345.9,False
2022-01-16 21:00:00,15.12,111.51,79.29,93.29,20.24,20.77,24.96,89.8,346.42,False
2022-01-16 22:00:00,0.0,104.64,79.29,93.28,21.11,20.43,24.98,83.16,346.44,False
2022-01-16 23:00:00,0.0,97.71,79.19,93.17,20.48,20.75,27.02,81.82,347.67,False
2022-01-17 00:00:00,0.0,91.85,79.18,93.16,21.14,21.13,28.04,77.33,348.29,False
2022-01-17 01:00:00,0.0,86.27,78.95,92.88,20.66,21.32,29.75,74.11,349.33,False
2022-01-17 02:00:00,0.0,81.65,78.78,92.68,21.17,21.47,30.96,68.54,350.06,False
2022-01-17 03:00:00,0.0,76.9,78.33,92.15,21.64,21.43,32.81,67.28,351.18,False
2022-01-17 04:00:00,0.0,72.19,77.9,91.65,21.8,21.76,32.97,69.5,351.28,False
2022-01-17 05:00:00,0.0,67.8,77.45,91.12,22.58,22.7,32.5,65.64,351.0,False
2022-01-17 06:00:00,0.0,63.67,76.8,90.35,22.35,23.51,32.46,59.02,350.97,False
2022-01-17 07:00:00,0.0,60.51,76.3,89.77,8.66,23.41,33.14,66.91,351.38,True
2022-01-17 08:00:00,27.17,105.99,76.4,89.88,23.78,23.51,31.6,68.05,350.45,False
2022-01-17 09:00:00,0.0,99.21,76.45,89.94,23.21,23.71,32.78,67.38,351.17,False
2022-01-17 10:00:00,0.0,93.19,76.31,89.78,23.77,23.65,31.46,72.43,350.36,False
2022-01-17 11:00:00,0.0,87.59,76.25,89.71,23.81,24.21,29.38,72.66,349.11,False
2022-01-17 12:00:00,0.0,82.0,76.0,89.41,24.08,23.48,27.47,77.06,347.95,False
2022-01-17 13:00:00,0.0,76.55,75.8,89.18,23.66,23.61,28.15,84.62,348.36,False
2022-01-17 14:00:00,0.0,72.13,75.46,88.78,24.58,24.98,26.18,84.46,347.17,False
2022-01-17 15:00:00,0.0,67.56,75.01,88.25,24.3,25.23,26.06,84.16,347.09,False
2022-01-17 16:00:00,0.0,63.88,74.36,87.48,25.39,25.67,23.65,90.0,345.63,False
2022-01-17 17:00:00,5.39,69.75,73.89,86.93,26.11,25.98,23.79,91.37,345.72,False
2022-01-17 18:00:00,0.0,65.42,73.32,86.25,26.77,26.87,24.0,94.4,345.85,False
2022-01-17 19:00:00,0.0,60.77,72.69,85.52,26.83,27.38,24.18,91.55,345.95,False
2022-01-17 20:00:00,0.0,57.49,72.02,84.73,27.87,28.1,24.33,89.28,346.05,False
2022-01-17 21:00:00,0.0,54.13,71.85,84.53,28.47,28.12,25.69,89.99,346.87,False
2022-01-17 22:00:00,0.0,50.75,71.68,84.33,27.92,28.53,25.61,85.24,346.82,False
2022-01-17 23:00:00,0.0,47.44,71.47,84.08,27.67,28.9,27.25,80.12,347.81,False
2022-01-18 00:00:00,56.02,145.9,72.82,85.67,27.39,27.54,28.57,80.31,348.61,False
2022-01-18 01:00:00,0.0,136.83,73.52,86.5,26.1,26.66,29.97,74.76,349.46,False
2022-01-18 02:00:00,6.22,139.7,74.23,87.33,25.52,25.77,31.18,71.01,350.19,False
2022-01-18 03:00:00,0.0,131.49,74.85,88.05,25.21,25.33,31.01,68.46,350.09,False
2022-01-18 04:00:00,38.04,192.51,76.45,89.94,23.58,24.03,31.48,63.73,350.37,False
2022-01-18 05:00:00,0.0,180.9,77.69,91.4,22.72,22.25,33.61,63.42,351.67,False
2022-01-18 06:00:00,0.0,169.82,78.81,92.72,21.09,21.08,33.2,64.01,351.42,False
2022-01-18 07:00:00,0.0,159.6,79.97,94.08,20.06,20.23,32.4,64.09,350.93,False
2022-01-18 08:00:00,0.0,150.3,80.89,95.17,18.43,19.4,33.33,68.42,351.5,False
2022-01-18 09:00:00,0.0,141.62,81.48,95.86,18.77,18.47,31.75,68.54,350.54,False
2022-01-18 10:00:00,0.0,132.71,82.09,96.58,17.63,18.09,31.46,72.71,350.36,False
2022-01-18 11:00:00,0.0,124.78,82.47,97.02,18.83,17.2,29.71,74.4,349.3,False
2022-01-18 12:00:00,0.0,116.86,82.61,97.19,17.31,17.39,29.74,80.11,349.32,False
2022-01-18 13:00:00,0.0,110.12,82.94,97.57,17.23,17.69,28.39,82.42,348.5,False
2022-01-18 14:00:00,0.0,103.64,83.03,97.68,17.23,17.21,26.1,85.03,347.12,False
2022-01-18 15:00:00,0.0,97.14,83.02,97.68,16.94,16.72,25.9,87.87,347.0,False
2022-01-18 16:00:00,0.0,91.77,82.81,97.43,17.36,16.98,24.99,88.22,346.44,False
2022-01-18 17:00:00,0.0,86.37,82.52,97.08,18.38,16.98,24.97,92.54,346.43,False
2022-01-18 18:00:00,0.0,81.25,82.11,96.6,17.59,18.54,23.42,91.92,345.49,False
2022-01-18 19:00:00,0.0,76.32,81.85,96.3,17.25,17.75,24.56,90.52,346.19,False
2022-01-18 20:00:00,0.0,71.74,81.28,95.62,18.2,17.71,25.24,92.34,346.59,False
2022-01-18 21:00:00,0.0,67.32,80.89,95.16,19.51,18.55,24.26,85.4,346.0,False
2022-01-18 22:00:00,0.0,63.06,80.22,94.38,19.59,19.8,25.54,84.16,346.78,False
2022-01-18 23:00:00,0.0,59.65,79.48,93.5,21.46,20.24,26.11,83.68,347.12,False
2022-01-19 00:00:00,0.0,55.92,78.76,92.66,21.53,21.29,28.34,78.63,348.47,False
2022-01-19 01:00:00,15.01,79.42,78.39,92.23,21.35,21.74,30.1,74.28,349.54,False
2022-01-19 02:00:00,0.0,74.62,78.0,91.77,21.68,21.75,31.65,71.5,350.48,False
2022-01-19 03:00:00,0.0,70.57,77.47,91.14,22.35,22.16,31.73,68.46,350.53,False
2022-01-19 04:00:00,0.0,66.67,76.92,90.49,42.26,23.45,33.37,62.84,351.52,True
2022-01-19 05:00:00,0.0,62.55,76.26,89.72,23.85,23.86,32.02,63.78,350.7,False
2022-01-19 06:00:00,0.0,59.17,75.67,89.03,24.6,23.26,31.98,67.23,350.68,False
2022-01-19 07:00:00,0.0,55.65,75.0,88.24,24.61,24.38,32.81,63.16,351.18,False
2022-01-19 08:00:00,0.0,52.06,74.25,87.35,25.13,25.03,32.63,65.24,351.07,False
2022-01-19 09:00:00,0.0,48.79,73.51,86.48,26.13,26.43,31.66,67.02,350.49,False
2022-01-19 10:00:00,0.0,46.28,72.66,85.48,27.74,27.42,29.51,70.83,349.18,False
2022-01-19 11:00:00,39.08,114.48,72.94,85.81,27.38,26.99,29.61,73.21,349.24,False
2022-01-19 12:00:00,0.0,107.71,73.09,85.99,27.0,26.66,27.72,78.97,348.1,False
2022-01-19 13:00:00,0.0,101.07,73.07,85.97,27.58,27.33,27.74,82.02,348.11,False
2022-01-19 14:00:00,0.0,94.97,72.96,85.84,26.36,27.17,26.47,86.55,347.34,False
2022-01-19 15:00:00,0.0,89.04,72.82,85.67,27.1,26.82,24.75,85.8,346.3,False
2022-01-19 16:00:00,0.0,83.52,72.65,85.47,27.57,27.01,24.29,89.44,346.02,False
2022-01-19 17:00:00,15.09,105.46,72.81,85.66,27.5,26.88,23.52,91.07,345.55,False
2022-01-19 18:00:00,0.0,99.11,72.87,85.73,27.45,26.99,23.96,92.91,345.82,False
2022-01-19 19:00:00,0.0,93.2,72.69,85.52,27.59,27.32,24.73,89.94,346.28,False
2022-01-19 20:00:00,0.0,87.56,72.56,85.36,27.97,27.61,24.01,91.96,345.85,False
2022-01-19 21:00:00,0.0,82.24,72.25,85.01,28.05,27.42,25.62,90.27,346.83,False
2022-01-19 22:00:00,0.0,77.54,71.92,84.61,27.62,27.54,25.93,83.02,347.01,False
2022-01-19 23:00:00,0.0,72.81,72.18,84.92,27.64,27.98,26.86,80.64,347.58,False
2022-01-20 00:00:00,0.0,68.4,72.23,84.97,27.1,28.11,28.44,76.94,348.53,False
2022-01-20 01:00:00,0.0,64.24,72.31,85.07,28.09,28.37,29.04,79.64,348.9,False
2022-01-20 02:00:00,0.0,60.85,71.7,84.36,28.78,28.46,30.42,70.14,349.73,False
2022-01-20 03:00:00,0.75,58.41,71.76,84.42,27.76,27.95,30.96,71.46,350.06,False
2022-01-20 04:00:00,0.0,55.08,71.63,84.27,28.22,28.61,33.58,63.34,351.65,False
2022-01-20 05:00:00,7.23,64.57,71.7,84.36,27.59,28.24,32.87,62.5,351.22,False
2022-01-20 06:00:00,0.0,60.8,71.73,84.39,28.22,27.73,32.58,62.63,351.04,False
2022-01-20 07:00:00,0.0,57.32,71.64,84.29,28.02,28.34,32.98,62.79,351.28,False
2022-01-20 08:00:00,0.0,54.2,71.51,84.12,28.03,28.61,32.33,65.34,350.89,False
2022-01-20 09:00:00,0.0,50.84,71.31,83.89,28.68,29.27,31.55,66.68,350.42,False
2022-01-20 10:00:00,0.0,47.45,71.09,83.63,29.67,28.94,31.12,69.36,350.16,False
2022-01-20 11:00:00,0.0,44.37,70.97,83.49,29.35,28.71,30.12,76.69,349.55,False
2022-01-20 12:00:00,0.0,42.0,70.66,83.13,29.24,28.59,28.18,80.45,348.38,False
2022-01-20 13:00:00,0.48,40.97,70.38,82.8,29.6,29.13,26.99,83.52,347.66,False
2022-01-20 14:00:00,0.0,38.76,70.03,82.39,30.72,29.58,26.08,86.05,347.11,False
2022-01-20 15:00:00,0.0,36.06,69.61,81.89,30.9,31.06,23.94,88.08,345.81,False
2022-01-20 16:00:00,0.0,34.13,69.17,81.38,30.7,30.75,23.69,89.13,345.66,False
2022-01-20 17:00:00,85.47,185.65,71.33,83.92,28.87,28.64,24.97,89.62,346.43,False
2022-01-20 18:00:00,0.0,174.41,73.23,86.15,26.37,27.21,24.99,92.73,346.44,False
2022-01-20 19:00:00,0.0,164.0,74.31,87.43,25.7,25.93,24.0,89.18,345.85,False
2022-01-20 20:00:00,0.0,154.27,75.22,88.5,25.08,24.67,24.95,88.14,346.42,False
2022-01-20 21:00:00,0.0,145.03,75.92,89.32,24.49,24.54,25.5,90.21,346.76,False
2022-01-20 22:00:00,0.0,136.15,76.63,90.16,23.11,23.09,28.1,88.8,348.33,False
2022-01-20 23:00:00,0.0,128.3,77.1,90.7,23.3,23.02,28.01,82.41,348.27,False
2022-01-21 00:00:00,0.0,120.44,77.58,91.27,22.48,21.92,28.42,80.21,348.52,False
2022-01-21 01:00:00,0.0,113.59,77.85,91.59,22.03,22.25,29.09,73.88,348.93,False
2022-01-21 02:00:00,0.0,106.37,78.1,91.88,22.66,22.31,29.79,68.32,349.35,False
2022-01-21 03:00:00,0.0,100.05,78.11,91.9,21.75,22.24,31.8,69.32,350.57,False
2022-01-21 04:00:00,0.0,93.68,77.97,91.73,21.58,22.39,31.94,67.01,350.66,False
2022-01-21 05:00:00,0.0,87.81,77.88,91.62,21.85,23.27,31.99,64.62,350.69,False
2022-01-21 06:00:00,0.0,82.39,77.57,91.26,22.72,22.32,32.61,63.52,351.06,False
2022-01-21 07:00:00,0.84,79.41,77.35,91.01,22.25,22.28,32.2,66.4,350.81,False
2022-01-21 08:00:00,0.0,75.03,77.01,90.6,23.32,23.17,33.41,63.9,351.55,False
2022-01-21 09:00:00,27.15,119.67,77.48,91.16,22.18,22.16,32.21,66.55,350.82,False
2022-01-21 10:00:00,0.0,112.5,77.64,91.34,22.33,21.91,30.75,68.98,349.93,False
2022-01-21 11:00:00,4.57,114.04,77.98,91.74,22.91,21.92,30.55,74.55,349.81,False
2022-01-21 12:00:00,24.38,151.46,78.8,92.71,20.84,21.99,28.55,75.82,348.6,False
2022-01-21 13:00:00,0.0,142.58,79.35,93.35,19.84,20.93,26.82,80.25,347.55,False
2022-01-21 14:00:00,0.0,134.03,80.01,94.13,20.53,20.14,27.16,83.59,347.76,False
2022-01-21 15:00:00,0.0,126.44,80.48,94.68,18.96,18.85,25.64,87.38,346.84,False
2022-01-21 16:00:00,0.0,119.1,80.9,95.18,18.77,18.85,23.98,87.15,345.83,False
2022-01-21 17:00:00,0.0,112.02,81.14,95.45,19.16,19.44,24.04,91.7,345.87,False
2022-01-21 18:00:00,0.0,105.16,81.25,95.59,19.03,18.64,23.47,94.49,345.53,False
2022-01-21 19:00:00,0.0,98.69,81.37,95.73,17.68,19.5,23.32,91.79,345.43,False
2022-01-21 20:00:00,0.0,92.67,81.29,95.63,18.57,18.89,25.16,93.21,346.55,False
2022-01-21 21:00:00,0.0,87.24,81.06,95.37,19.28,18.88,26.46,90.57,347.34,False
2022-01-21 22:00:00,0.0,82.26,80.79,95.05,20.02,19.09,25.41,86.56,346.7,False
2022-01-21 23:00:00,0.0,76.89,80.44,94.64,19.06,19.53,27.67,81.77,348.07,False
2022-01-22 00:00:00,0.0,71.69,79.77,93.85,20.66,19.65,28.11,78.05,348.33,False
2022-01-22 01:00:00,0.0,67.11,79.29,93.28,20.45,21.1,29.37,75.9,349.1,False
2022-01-22 02:00:00,0.0,62.96,78.81,92.71,21.61,21.37,30.39,70.22,349.72,False
2022-01-22 03:00:00,0.0,59.54,78.15,91.95,21.43,21.74,31.16,64.34,350.19,False
2022-01-22 04:00:00,0.0,55.88,77.41,91.07,22.5,22.54,32.43,66.86,350.95,False
2022-01-22 05:00:00,7.02,65.24,76.89,90.46,23.26,23.43,32.35,62.21,350.9,False
2022-01-22 06:00:00,0.0,61.45,76.41,89.9,23.97,24.4,33.16,62.08,351.4,False
2022-01-22 07:00:00,0.0,57.46,75.77,89.14,24.46,24.84,32.82,64.48,351.19,False
2022-01-22 08:00:00,0.0,54.45,75.05,88.3,24.77,25.02,32.25,65.69,350.85,False
2022-01-22 09:00:00,0.0,50.98,74.23,87.33,25.57,25.44,31.14,65.28,350.17,False
2022-01-22 10:00:00,11.34,68.8,73.65,86.65,27.06,25.73,30.4,71.33,349.72,False
2022-01-22 11:00:00,0.0,64.64,73.09,85.99,27.02,26.96,30.12,76.31,349.55,False
2022-01-22 12:00:00,0.0,60.66,72.47,85.26,27.34,27.22,28.8,75.74,348.75,False
2022-01-22 13:00:00,0.0,56.69,71.62,84.26,28.6,28.45,26.75,84.17,347.51,False
2022-01-22 14:00:00,0.0,53.34,71.45,84.06,28.8,28.67,26.31,81.88,347.24,False
2022-01-22 15:00:00,0.0,50.82,71.39,83.99,28.07,28.9,25.77,92.13,346.92,False
2022-01-22 16:00:00,12.92,71.15,71.55,84.18,28.64,27.98,23.6,89.3,345.6,False
2022-01-22 17:00:00,0.0,66.96,71.47,84.08,27.93,28.17,24.48,91.81,346.13,False
2022-01-22 18:00:00,0.0,62.74,71.65,84.29,28.1,28.23,23.6,88.22,345.6,False
2022-01-22 19:00:00,0.0,59.15,71.56,84.19,28.04,28.54,24.5,91.4,346.14,False
2022-01-22 20:00:00,4.74,64.19,71.59,84.23,28.36,28.49,24.14,90.58,345.93,False
2022-01-22 21:00:00,24.89,105.13,72.43,85.21,27.4,28.6,24.24,87.73,345.99,False
2022-01-22 22:00:00,0.0,98.97,72.38,85.15,27.54,26.72,25.27,83.87,346.62,False
2022-01-22 23:00:00,0.0,92.48,72.12,84.85,27.12,28.32,27.36,79.73,347.88,False
2022-01-23 00:00:00,0.0,86.9,72.59,85.4,27.38,27.83,28.66,80.26,348.67,False
2022-01-23 01:00:00,0.02,81.36,72.37,85.14,27.19,27.26,29.12,74.44,348.95,False
2022-01-23 02:00:00,0.0,76.49,71.97,84.67,28.95,27.84,31.13,74.08,350.17,False
2022-01-23 03:00:00,0.23,72.09,72.16,84.89,27.68,28.55,30.69,67.05,349.9,False
2022-01-23 04:00:00,0.0,67.57,72.19,84.93,27.71,27.56,32.36,65.01,350.91,False
2022-01-23 05:00:00,0.0,63.12,72.16,84.9,28.12,27.6,32.12,66.11,350.76,False
2022-01-23 06:00:00,0.0,59.66,72.13,84.86,28.4,27.92,32.61,60.75,351.06,False
2022-01-23 07:00:00,0.0,55.88,72.11,84.84,27.41,28.09,32.88,62.05,351.22,False
2022-01-23 08:00:00,0.0,52.34,71.99,84.7,28.23,28.4,31.88,68.07,350.62,False
2022-01-23 09:00:00,3.94,56.76,72.02,84.73,28.36,28.39,31.45,65.76,350.36,False
2022-01-23 10:00:00,0.0,53.52,72.05,84.76,28.03,28.27,31.35,67.36,350.3,False
2022-01-23 11:00:00,0.0,49.7,71.95,84.64,28.12,27.29,29.32,78.11,349.07,False
2022-01-23 12:00:00,0.0,47.13,71.6,84.24,28.19,28.38,29.0,75.21,348.87,False
2022-01-23 13:00:00,0.0,44.8,71.33,83.92,28.54,28.94,26.66,81.99,347.45,False
2022-01-23 14:00:00,0.0,42.58,71.11,83.66,28.85,29.17,26.57,85.14,347.4,False
2022-01-23 15:00:00,0.0,40.22,70.77,83.26,29.06,28.95,26.18,82.28,347.17,False
2022-01-23 16:00:00,0.0,37.48,70.26,82.66,30.09,29.33,23.12,89.59,345.31,False
2022-01-23 17:00:00,0.0,35.22,69.81,82.12,29.85,29.76,23.68,92.42,345.65,False
2022-01-23 18:00:00,0.0,32.67,69.17,81.38,31.17,31.02,24.35,92.71,346.05,False
2022-01-23 19:00:00,0.0,30.45,68.65,80.77,31.88,31.75,24.03,93.33,345.86,False
2022-01-23 20:00:00,0.0,28.29,68.07,80.08,32.08,31.99,24.83,89.35,346.34,False
2022-01-23 21:00:00,0.84,27.92,67.51,79.42,31.78,32.06,24.96,89.32,346.42,False
2022-01-23 22:00:00,0.0,26.29,67.04,78.87,33.2,33.03,26.3,83.62,347.24,False
2022-01-23 23:00:00,47.53,110.13,67.77,79.73,31.97,31.85,27.24,78.8,347.81,False
2022-01-24 00:00:00,0.0,103.38,68.43,80.51,31.35,31.27,29.2,75.4,349.0,False
2022-01-24 01:00:00,0.0,97.09,68.96,81.13,31.18,30.89,29.82,71.45,349.37,False
2022-01-24 02:00:00,0.0,91.71,69.58,81.85,30.87,30.11,30.95,73.02,350.06,False
2022-01-24 03:00:00,0.0,86.86,70.11,82.49,29.22,29.43,31.43,65.07,350.35,False
2022-01-24 04:00:00,0.0,81.51,70.5,82.94,29.52,30.12,32.1,66.42,350.76,False
2022-01-24 05:00:00,0.0,76.72,70.8,83.3,29.99,28.44,32.59,63.95,351.05,False
2022-01-24 06:00:00,18.59,105.32,71.46,84.07,28.1,28.3,33.24,63.79,351.44,False
2022-01-24 07:00:00,0.0,99.23,72.13,84.86,27.79,27.78,32.59,67.2,351.05,False
2022-01-24 08:00:00,0.0,93.13,72.6,85.41,27.16,27.9,32.57,65.0,351.04,False
2022-01-24 09:00:00,0.0,87.33,72.41,85.19,27.87,27.7,32.93,69.32,351.25,False
2022-01-24 10:00:00,0.0,82.69,72.13,84.85,27.37,27.76,31.27,71.08,350.25,False
2022-01-24 11:00:00,0.0,77.33,72.37,85.14,27.01,27.34,29.47,74.07,349.16,False
2022-01-24 12:00:00,0.0,71.95,71.93,84.62,28.4,28.53,29.22,82.6,349.01,False
2022-01-24 13:00:00,5.06,76.96,72.26,85.02,27.83,27.41,27.09,78.74,347.72,False
2022-01-24 14:00:00,0.0,72.23,71.97,84.67,27.55,28.11,25.03,87.58,346.47,False
2022-01-24 15:00:00,0.0,67.7,72.14,84.87,27.83,27.79,24.71,89.21,346.28,False
2022-01-24 16:00:00,0.0,64.46,72.4,85.18,27.09,27.79,23.48,89.17,345.53,False
2022-01-24 17:00:00,0.0,60.81,71.79,84.46,28.58,28.84,23.94,94.78,345.81,False
2022-01-24 18:00:00,0.0,57.15,71.88,84.57,28.23,28.4,24.01,88.3,345.85,False
2022-01-24 19:00:00,0.0,53.5,71.81,84.48,27.9,28.14,25.16,90.48,346.55,False
2022-01-24 20:00:00,0.0,50.43,71.67,84.32,28.1,29.0,24.8,87.71,346.33,False
2022-01-24 21:00:00,0.0,46.88,71.44,84.05,28.38,29.19,25.19,88.72,346.56,False
2022-01-24 22:00:00,3.25,49.77,71.29,83.87,28.28,29.16,26.75,82.77,347.51,False
2022-01-24 23:00:00,0.0,46.78,71.11,83.65,29.43,29.01,26.01,82.49,347.06,False
2022-01-25 00:00:00,0.0,44.03,70.73,83.21,29.74,28.96,28.64,77.63,348.66,False
2022-01-25 01:00:00,0.0,41.35,70.47,82.91,29.37,28.58,30.13,73.42,349.56,False
2022-01-25 02:00:00,71.29,166.99,72.14,84.87,27.74,27.95,29.86,71.78,349.4,False
2022-01-25 03:00:00,0.0,157.25,73.81,86.84,25.74,26.5,32.37,67.56,350.92,False
2022-01-25 04:00:00,0.0,147.32,74.68,87.85,25.26,24.79,32.6,63.7,351.06,False
2022-01-25 05:00:00,0.0,138.39,75.46,88.77,24.74,24.71,32.6,70.08,351.05,False
2022-01-25 06:00:00,0.0,129.94,75.91,89.31,24.56,23.91,33.38,63.03,351.53,False
2022-01-25 07:00:00,0.0,122.44,76.24,89.69,23.41,23.97,34.21,60.04,352.03,False
2022-01-25 08:00:00,0.0,114.96,76.6,90.12,99.0,23.15,32.51,64.19,351.0,True
2022-01-25 09:00:00,0.0,108.19,76.68,90.21,22.92,23.03,31.83,65.57,350.59,False
2022-01-25 10:00:00,0.0,101.8,76.64,90.16,23.58,23.34,30.47,72.65,349.77,False
2022-01-25 11:00:00,0.0,95.14,76.6,90.12,23.38,22.93,29.15,75.02,348.97,False
2022-01-25 12:00:00,0.0,89.41,76.45,89.94,23.95,23.94,29.0,78.8,348.87,False
2022-01-25 13:00:00,0.0,83.53,76.21,89.66,23.8,23.79,26.82,80.88,347.55,False
2022-01-25 14:00:00,22.52,119.16,76.6,90.12,24.04,22.94,26.29,84.44,347.23,False
2022-01-25 15:00:00,0.0,111.79,76.87,90.43,22.5,22.89,25.03,87.16,346.47,False
2022-01-25 16:00:00,34.41,167.38,78.01,91.78,20.99,22.22,24.89,89.96,346.38,False
2022-01-25 17:00:00,0.0,157.28,79.0,92.94,21.54,20.88,24.35,93.19,346.06,False
2022-01-25 18:00:00,0.0,147.61,79.81,93.9,19.87,20.47,24.62,92.67,346.22,False
2022-01-25 19:00:00,0.0,139.12,80.49,94.7,19.56,19.11,23.85,92.52,345.75,False
2022-01-25 20:00:00,0.0,130.51,80.92,95.2,19.14,18.97,24.44,91.12,346.11,False
2022-01-25 21:00:00,0.0,122.94,81.39,95.75,18.74,18.58,24.73,89.67,346.29,False
2022-01-25 22:00:00,0.0,115.71,81.76,96.19,18.05,19.13,25.98,85.58,347.05,False
2022-01-25 23:00:00,0.0,108.66,81.98,96.45,17.64,17.73,27.56,82.34,348.0,False
2022-01-26 00:00:00,0.0,101.74,82.08,96.57,17.51,18.17,28.95,80.38,348.85,False
2022-01-26 01:00:00,0.0,96.0,81.96,96.43,18.28,18.23,29.11,73.05,348.94,False
2022-01-26 02:00:00,0.0,90.39,81.72,96.14,18.59,18.98,31.27,69.29,350.25,False
2022-01-26 03:00:00,0.0,84.74,81.55,95.95,18.35,18.99,32.5,65.73,350.99,False
2022-01-26 04:00:00,0.0,79.73,81.25,95.58,18.52,18.57,32.65,66.24,351.08,False
2022-01-26 05:00:00,0.0,75.25,80.87,95.15,19.35,18.71,33.97,60.77,351.89,False
2022-01-26 06:00:00,0.0,70.77,80.43,94.62,18.98,19.0,32.54,64.92,351.02,False
2022-01-26 07:00:00,0.0,66.59,79.92,94.02,20.86,20.17,32.1,64.26,350.75,False
2022-01-26 08:00:00,0.0,62.9,79.38,93.39,20.8,21.02,31.33,68.14,350.29,False
2022-01-26 09:00:00,0.0,59.59,78.73,92.62,21.21,21.73,32.58,66.76,351.04,False
2022-01-26 10:00:00,0.0,55.98,77.87,91.61,22.46,22.03,31.14,70.59,350.17,False
2022-01-26 11:00:00,0.0,52.22,77.15,90.77,23.1,22.87,29.63,76.62,349.26,False
2022-01-26 12:00:00,0.0,48.7,76.37,89.85,23.72,24.2,28.67,80.77,348.67,False
2022-01-26 13:00:00,0.0,45.57,75.39,88.69,23.86,24.31,26.66,80.26,347.46,False
2022-01-26 14:00:00,0.0,42.55,74.36,87.48,25.8,24.65,27.72,85.36,348.1,False
2022-01-26 15:00:00,9.76,57.05,73.74,86.76,26.84,26.72,25.4,88.49,346.69,False
2022-01-26 16:00:00,0.0,54.19,73.1,86.0,26.68,26.44,24.67,90.87,346.25,False
2022-01-26 17:00:00,0.0,51.09,72.09,84.82,28.29,27.79,24.59,91.0,346.2,False
2022-01-26 18:00:00,0.0,47.87,71.93,84.62,28.41,28.25,24.29,94.56,346.02,False
2022-01-26 19:00:00,0.0,44.99,71.66,84.31,28.46,28.16,24.29,87.74,346.02,False
2022-01-26 20:00:00,7.6,55.43,71.59,84.22,28.48,28.84,24.13,89.28,345.92,False
2022-01-26 21:00:00,0.0,52.45,71.47,84.09,28.75,29.59,25.6,88.8,346.81,False
2022-01-26 22:00:00,0.0,48.72,71.23,83.79,28.94,28.45,27.38,85.91,347.89,False
2022-01-26 23:00:00,0.0,45.95,71.04,83.58,29.71,29.01,28.14,84.33,348.35,False
2022-01-27 00:00:00,0.0,42.64,70.7,83.18,29.69,29.3,29.46,80.4,349.15,False
2022-01-27 01:00:00,0.0,39.96,70.42,82.85,29.86,29.7,29.36,73.81,349.09,False
2022-01-27 02:00:00,44.71,118.41,71.48,84.09,28.95,28.28,30.16,73.6,349.57,False
2022-01-27 03:00:00,0.0,110.82,72.25,85.0,28.03,27.49,31.61,66.67,350.45,False
2022-01-27 04:00:00,0.0,104.12,72.28,85.04,26.89,27.47,32.43,67.74,350.95,False
2022-01-27 05:00:00,0.0,98.06,72.28,85.04,27.67,27.53,33.5,68.1,351.6,False
2022-01-27 06:00:00,0.0,92.32,72.3,85.06,27.45,27.52,31.98,66.43,350.68,False
2022-01-27 07:00:00,0.0,86.8,72.06,84.78,28.07,26.94,33.76,64.69,351.76,False
2022-01-27 08:00:00,29.66,135.13,73.28,86.21,26.5,26.75,32.3,65.21,350.88,False
2022-01-27 09:00:00,0.0,126.84,73.78,86.8,26.45,26.1,31.43,65.04,350.34,False
2022-01-27 10:00:00,10.52,138.75,74.51,87.65,25.33,25.21,30.14,71.62,349.57,False
2022-01-27 11:00:00,8.0,144.35,75.31,88.61,25.36,24.72,28.67,72.15,348.68,False
2022-01-27 12:00:00,0.0,136.03,75.94,89.35,24.72,24.05,28.99,76.41,348.87,False
2022-01-27 13:00:00,0.0,127.93,76.41,89.9,23.01,23.43,27.38,79.24,347.89,False
2022-01-27 14:00:00,8.24,135.26,77.05,90.65,23.08,22.95,25.48,84.08,346.74,False
2022-01-27 15:00:00,0.0,127.38,77.28,90.92,22.54,22.49,24.54,87.84,346.17,False
2022-01-27 16:00:00,0.0,119.91,77.79,91.52,22.31,21.74,24.4,90.67,346.09,False
2022-01-27 17:00:00,0.0,112.47,78.01,91.77,22.23,22.78,25.15,90.32,346.54,False
2022-01-27 18:00:00,0.0,105.64,78.14,91.93,21.35,21.66,23.84,94.14,345.75,False
2022-01-27 19:00:00,0.0,98.86,78.32,92.14,21.29,21.79,23.25,91.11,345.39,False
2022-01-27 20:00:00,0.0,92.84,78.17,91.96,21.49,22.87,24.46,88.55,346.12,False
2022-01-27 21:00:00,1.97,90.92,78.23,92.03,21.55,21.61,25.15,88.35,346.54,False
2022-01-27 22:00:00,0.0,85.65,78.08,91.85,21.72,22.11,24.63,88.93,346.23,False
2022-01-27 23:00:00,0.0,80.63,77.81,91.55,22.5,23.12,27.3,82.29,347.85,False
2022-01-28 00:00:00,6.49,86.95,77.68,91.38,22.41,21.66,28.36,77.27,348.49,False
2022-01-28 01:00:00,3.39,87.67,77.43,91.09,22.22,23.1,30.08,71.32,349.53,False
2022-01-28 02:00:00,36.48,147.87,78.12,91.91,21.75,21.97,31.86,70.56,350.61,False
2022-01-28 03:00:00,9.76,156.18,78.99,92.93,20.06,20.81,32.36,68.57,350.91,False
2022-01-28 04:00:00,0.0,146.56,79.88,93.98,20.93,20.14,32.24,65.1,350.83,False
2022-01-28 05:00:00,0.0,137.77,80.46,94.66,19.55,19.39,32.18,61.15,350.8,False
2022-01-28 06:00:00,0.0,129.92,80.85,95.12,19.54,19.78,34.54,62.3,352.23,False
2022-01-28 07:00:00,0.0,121.84,81.24,95.57,19.08,18.75,32.88,67.39,351.23,False
2022-01-28 08:00:00,0.0,114.19,81.55,95.94,18.44,18.73,32.41,68.74,350.94,False
2022-01-28 09:00:00,0.0,107.16,81.7,96.11,17.35,18.09,31.67,66.33,350.49,False
2022-01-28 10:00:00,0.0,100.83,81.79,96.22,17.99,18.33,30.87,72.35,350.01,False
2022-01-28 11:00:00,48.68,182.77,83.28,97.98,16.86,16.56,29.58,72.02,349.22,False
2022-01-28 12:00:00,0.0,171.78,84.55,99.47,15.47,14.88,28.16,80.81,348.36,False
2022-01-28 13:00:00,0.0,161.04,85.0,100.0,15.42,15.52,27.01,82.11,347.67,False
2022-01-28 14:00:00,0.0,151.0,85.0,100.0,15.0,15.14,26.23,86.9,347.2,False
2022-01-28 15:00:00,7.09,154.76,85.0,100.0,15.74,15.31,24.99,84.47,346.45,False
2022-01-28 16:00:00,0.0,145.77,85.0,100.0,14.58,14.71,24.18,91.48,345.95,False
2022-01-28 17:00:00,0.0,137.57,85.0,100.0,15.21,15.47,24.22,91.51,345.98,False
2022-01-28 18:00:00,0.0,128.96,85.0,100.0,14.59,15.19,23.85,93.7,345.75,False
2022-01-28 19:00:00,12.96,144.58,85.0,100.0,15.37,15.06,25.06,93.35,346.48,False
2022-01-28 20:00:00,0.0,135.6,85.0,100.0,14.7,15.41,23.01,90.26,345.25,False
2022-01-28 21:00:00,0.0,127.19,85.0,100.0,14.3,14.87,25.97,86.7,347.04,False
2022-01-28 22:00:00,0.0,119.27,85.0,100.0,14.41,15.52,27.0,86.56,347.66,False
2022-01-28 23:00:00,0.0,112.01,85.0,100.0,14.81,14.74,26.09,81.5,347.11,False
2022-01-29 00:00:00,0.0,105.03,85.0,100.0,15.62,15.01,28.29,76.25,348.45,False
2022-01-29 01:00:00,0.0,99.47,84.86,99.84,15.43,14.76,29.44,72.54,349.14,False
2022-01-29 02:00:00,0.0,93.36,84.67,99.61,15.51,14.87,29.91,68.05,349.42,False
2022-01-29 03:00:00,0.0,88.06,84.52,99.43,15.46,15.3,31.22,67.08,350.22,False
2022-01-29 04:00:00,40.01,154.59,85.0,100.0,14.55,14.94,31.73,68.08,350.53,False
2022-01-29 05:00:00,0.0,145.99,85.0,100.0,14.63,15.22,33.9,64.83,351.84,False
2022-01-29 06:00:00,0.0,137.33,85.0,100.0,14.78,14.74,33.56,62.94,351.64,False
2022-01-29 07:00:00,8.15,144.01,85.0,100.0,14.74,15.23,33.61,66.09,351.67,False
2022-01-29 08:00:00,0.0,135.19,85.0,100.0,14.74,14.87,32.83,64.21,351.2,False
2022-01-29 09:00:00,0.0,127.37,85.0,100.0,14.62,14.8,31.0,68.29,350.09,False
2022-01-29 10:00:00,23.41,161.97,85.0,100.0,15.0,15.25,30.44,70.64,349.74,False
2022-01-29 11:00:00,0.0,152.14,85.0,100.0,14.7,14.78,29.96,75.93,349.45,False
2022-01-29 12:00:00,0.0,142.69,85.0,100.0,15.45,15.73,27.77,74.85,348.13,False
2022-01-29 13:00:00,0.0,134.06,85.0,100.0,15.45,15.17,27.76,79.92,348.12,False
2022-01-29 14:00:00,0.0,125.92,85.0,100.0,15.24,14.45,26.11,81.72,347.12,False
2022-01-29 15:00:00,0.0,118.62,85.0,100.0,15.19,14.95,25.09,87.38,346.51,False
2022-01-29 16:00:00,0.0,111.43,85.0,100.0,14.38,14.74,25.03,92.55,346.47,False
2022-01-29 17:00:00,0.0,104.17,85.0,100.0,15.92,14.34,24.42,90.51,346.1,False
2022-01-29 18:00:00,0.0,98.12,85.0,100.0,14.89,15.42,23.78,90.98,345.71,False
2022-01-29 19:00:00,0.0,92.62,84.69,99.64,15.63,15.74,24.85,93.27,346.36,False
2022-01-29 20:00:00,0.0,86.56,84.49,99.4,15.84,15.22,23.95,92.26,345.82,False
2022-01-29 21:00:00,0.0,81.91,84.19,99.05,15.4,16.1,25.69,87.72,346.87,False
2022-01-29 22:00:00,0.0,77.41,83.85,98.65,15.9,16.5,26.61,86.37,347.42,False
2022-01-29 23:00:00,0.0,72.58,83.27,97.96,16.89,16.73,27.15,79.47,347.75,False
2022-01-30 00:00:00,0.0,67.89,82.97,97.61,16.41,17.41,28.7,80.76,348.69,False
2022-01-30 01:00:00,0.0,64.13,82.4,96.94,17.57,17.72,28.91,78.67,348.82,False
2022-01-30 02:00:00,15.61,87.96,82.13,96.62,16.91,18.33,31.3,72.04,350.27,False
2022-01-30 03:00:00,0.0,82.48,81.87,96.32,18.13,17.66,31.57,63.93,350.43,False
2022-01-30 04:00:00,0.0,77.14,81.64,96.04,18.91,18.42,32.08,64.76,350.74,False
2022-01-30 05:00:00,0.0,72.51,81.1,95.42,18.9,18.98,33.48,65.7,351.59,False
2022-01-30 06:00:00,0.0,68.6,80.49,94.69,18.93,19.05,32.58,63.16,351.04,False
2022-01-30 07:00:00,7.23,77.62,80.13,94.27,19.65,19.44,32.0,67.02,350.69,False
2022-01-30 08:00:00,0.0,73.27,79.71,93.78,20.54,19.66,31.46,67.05,350.37,False
2022-01-30 09:00:00,0.0,68.77,79.27,93.26,20.79,20.75,32.05,66.69,350.72,False
2022-01-30 10:00:00,0.0,64.67,78.83,92.74,21.35,21.0,29.98,71.06,349.47,False
2022-01-30 11:00:00,22.22,100.42,78.92,92.85,21.01,20.56,30.72,72.59,349.91,False
2022-01-30 12:00:00,5.65,104.53,78.92,92.84,20.78,21.57,27.25,77.63,347.81,False
2022-01-30 13:00:00,0.0,98.04,78.82,92.73,21.23,21.34,28.35,80.51,348.48,False
2022-01-30 14:00:00,0.0,92.11,78.66,92.54,21.37,21.05,26.38,87.35,347.28,False
2022-01-30 15:00:00,16.35,115.93,79.01,92.95,21.4,21.07,25.26,92.13,346.61,False
2022-01-30 16:00:00,4.27,116.58,79.36,93.37,20.45,20.54,24.28,87.26,346.01,False
2022-01-30 17:00:00,0.0,110.22,79.66,93.72,20.36,19.72,24.39,87.68,346.08,False
2022-01-30 18:00:00,0.0,104.13,79.8,93.88,20.14,20.31,23.98,91.51,345.83,False
2022-01-30 19:00:00,58.86,204.26,81.51,95.9,19.4,19.14,24.82,88.49,346.34,False
2022-01-30 20:00:00,0.0,192.54,83.07,97.73,16.63,17.5,24.67,90.22,346.25,False
2022-01-30 21:00:00,0.0,181.42,84.33,99.22,15.51,15.71,25.41,89.4,346.7,False
2022-01-30 22:00:00,0.0,170.53,85.0,100.0,14.62,14.83,26.03,87.99,347.08,False
2022-01-30 23:00:00,0.0,160.26,85.0,100.0,15.52,15.23,27.3,82.03,347.84,False
2022-01-31 00:00:00,0.0,150.71,85.0,100.0,15.55,15.11,28.68,77.61,348.68,False
2022-01-31 01:00:00,0.0,141.61,85.0,100.0,14.91,14.94,28.64,70.42,348.65,False
2022-01-31 02:00:00,0.0,132.8,85.0,100.0,15.47,15.74,29.94,71.05,349.44,False
2022-01-31 03:00:00,0.0,124.92,85.0,100.0,15.13,14.84,32.13,68.24,350.77,False
2022-01-31 04:00:00,0.0,116.95,85.0,100.0,15.28,15.38,32.5,67.15,350.99,False
2022-01-31 05:00:00,0.0,109.98,85.0,100.0,14.6,15.06,32.74,63.06,351.14,False
2022-01-31 06:00:00,0.0,103.08,85.0,100.0,15.06,15.06,33.01,63.13,351.3,False
2022-01-31 07:00:00,0.0,96.87,84.95,99.95,15.8,14.39,33.06,61.52,351.33,False
2022-01-31 08:00:00,0.0,91.12,84.91,99.9,15.68,15.53,32.07,61.29,350.74,False
2022-01-31 09:00:00,0.0,85.54,84.59,99.52,15.73,15.74,31.21,65.88,350.22,False
2022-01-31 10:00:00,0.0,79.92,84.29,99.16,16.09,15.79,30.87,67.86,350.01,False
2022-01-31 11:00:00,12.57,97.39,84.14,98.98,16.84,16.28,29.08,75.05,348.92,False
2022-01-31 12:00:00,29.26,144.35,84.93,99.92,15.38,15.23,28.74,76.96,348.72,False
2022-01-31 13:00:00,0.0,135.52,85.0,100.0,14.74,14.48,26.31,80.55,347.25,False
2022-01-31 14:00:00,0.0,127.56,85.0,100.0,15.49,14.61,26.87,83.03,347.58,False
2022-01-31 15:00:00,0.0,119.91,85.0,100.0,14.97,14.98,25.6,81.43,346.81,False
2022-01-31 16:00:00,0.0,112.65,85.0,100.0,15.2,14.32,24.76,93.14,346.3,False
2022-01-31 17:00:00,0.0,106.0,85.0,100.0,15.05,15.45,24.74,89.52,346.29,False
2022-01-31 18:00:00,0.0,99.44,85.0,100.0,14.72,14.91,25.0,91.18,346.45,False
2022-01-31 19:00:00,0.0,93.59,85.0,100.0,15.12,15.05,24.76,88.61,346.31,False
2022-01-31 20:00:00,1.32,90.22,84.83,99.79,15.56,14.78,23.5,92.07,345.54,False
2022-01-31 21:00:00,23.6,128.04,85.0,100.0,15.3,15.26,24.55,88.19,346.18,False
2022-01-31 22:00:00,20.85,157.55,85.0,100.0,15.19,14.94,25.88,83.35,346.98,False
2022-01-31 23:00:00,0.0,147.99,85.0,100.0,14.92,14.87,27.35,80.84,347.87,False
2022-02-01 00:00:00,0.0,139.01,85.0,100.0,14.34,15.56,28.81,81.36,348.76,False
2022-02-01 01:00:00,0.0,130.27,85.0,100.0,14.98,15.52,29.23,74.23,349.01,False
2022-02-01 02:00:00,0.0,122.67,85.0,100.0,15.22,15.3,30.86,70.64,350.0,False
2022-02-01 03:00:00,0.0,115.18,85.0,100.0,14.14,15.08,31.23,66.22,350.22,False
2022-02-01 04:00:00,0.0,107.56,85.0,100.0,14.97,14.79,32.03,62.09,350.71,False
2022-02-01 05:00:00,0.0,101.31,85.0,100.0,14.96,14.88,32.0,64.16,350.69,False
2022-02-01 06:00:00,9.64,112.4,85.0,100.0,14.63,14.87,32.45,64.65,350.96,False
2022-02-01 07:00:00,49.46,194.65,85.0,100.0,15.3,15.16,32.04,66.68,350.71,False
2022-02-01 08:00:00,0.0,183.17,85.0,100.0,15.38,14.99,31.81,61.38,350.58,False
2022-02-01 09:00:00,1.65,175.04,85.0,100.0,15.73,15.0,32.31,65.85,350.88,False
2022-02-01 10:00:00,0.0,164.43,85.0,100.0,14.99,15.62,30.18,69.84,349.59,False
2022-02-01 11:00:00,0.0,155.3,85.0,100.0,15.52,15.46,31.24,74.37,350.23,False
2022-02-01 12:00:00,0.0,145.34,85.0,100.0,14.67,26.69,28.8,77.71,348.75,True
2022-02-01 13:00:00,0.0,136.23,85.0,100.0,14.85,15.12,27.45,81.38,347.93,False
2022-02-01 14:00:00,0.0,127.73,85.0,100.0,15.27,14.69,25.73,85.82,346.9,False
2022-02-01 15:00:00,0.0,120.6,85.0,100.0,14.74,15.24,25.74,86.09,346.9,False
2022-02-01 16:00:00,0.79,114.59,85.0,100.0,14.94,15.77,24.26,91.99,346.0,False
2022-02-01 17:00:00,0.0,107.79,85.0,100.0,15.34,14.86,24.23,92.39,345.98,False
2022-02-01 18:00:00,0.0,101.18,85.0,100.0,15.0,15.32,25.54,91.36,346.77,False
2022-02-01 19:00:00,0.0,95.29,85.0,100.0,14.63,15.65,24.1,94.72,345.9,False
2022-02-01 20:00:00,0.0,89.57,84.95,99.94,14.81,15.0,25.29,93.24,346.63,False
2022-02-01 21:00:00,3.64,90.82,84.8,99.76,15.1,15.4,24.9,89.77,346.39,False
2022-02-01 22:00:00,0.0,85.75,84.6,99.53,15.64,16.09,26.23,78.96,347.19,False
2022-02-01 23:00:00,0.0,80.74,84.4,99.3,15.47,15.22,28.4,84.78,348.51,False
2022-02-02 00:00:00,0.0,75.67,84.03,98.86,14.99,15.56,28.12,79.59,348.34,False
2022-02-02 01:00:00,0.0,71.23,83.63,98.39,16.68,15.87,30.75,78.39,349.94,False
2022-02-02 02:00:00,0.0,67.68,83.16,97.83,17.1,17.15,31.17,73.47,350.19,False
2022-02-02 03:00:00,31.94,121.27,83.48,98.22,16.09,16.11,31.34,71.26,350.29,False
2022-02-02 04:00:00,0.0,114.04,83.67,98.44,15.88,16.55,32.78,67.63,351.16,False
2022-02-02 05:00:00,3.34,112.79,84.0,98.82,16.55,16.55,33.43,67.17,351.56,False
2022-02-02 06:00:00,0.0,106.24,83.91,98.72,15.99,15.82,33.37,67.99,351.52,False
2022-02-02 07:00:00,0.0,100.13,83.89,98.69,16.41,15.81,31.9,64.91,350.63,False
2022-02-02 08:00:00,0.0,94.22,83.71,98.48,16.02,16.56,31.96,62.73,350.67,False
2022-02-02 09:00:00,0.0,88.6,83.63,98.39,16.63,16.39,31.53,67.49,350.41,False
2022-02-02 10:00:00,0.0,84.13,83.5,98.23,16.13,15.56,30.71,71.78,349.91,False
2022-02-02 11:00:00,12.14,101.18,83.49,98.22,16.68,17.13,30.04,74.53,349.5,False
2022-02-02 12:00:00,12.5,117.98,84.03,98.86,16.11,16.19,28.61,75.51,348.64,False
2022-02-02 13:00:00,13.08,134.47,84.75,99.7,14.43,15.1,26.53,78.36,347.38,False
2022-02-02 14:00:00,0.0,126.36,85.0,100.0,15.05,14.83,26.48,83.52,347.35,False
2022-02-02 15:00:00,13.06,142.47,85.0,100.0,14.71,15.28,25.68,89.51,346.86,False
2022-02-02 16:00:00,0.0,133.89,85.0,100.0,15.44,14.98,24.94,93.29,346.41,False
2022-02-02 17:00:00,0.0,125.84,85.0,100.0,15.09,15.02,24.8,93.36,346.33,False
2022-02-02 18:00:00,0.0,118.43,85.0,100.0,14.9,15.06,24.5,94.11,346.15,False
2022-02-02 19:00:00,0.0,111.17,85.0,100.0,15.61,14.67,24.43,91.36,346.1,False
2022-02-02 20:00:00,0.0,104.56,85.0,100.0,14.24,14.86,24.56,86.64,346.18,False
2022-02-02 21:00:00,0.0,98.31,84.92,99.91,15.85,15.0,24.32,86.99,346.04,False
2022-02-02 22:00:00,0.0,92.71,84.81,99.78,15.94,14.88,26.51,84.48,347.36,False
2022-02-02 23:00:00,0.0,86.96,84.66,99.6,15.18,15.45,27.46,80.63,347.94,False
2022-02-03 00:00:00,0.0,81.14,84.35,99.23,16.01,15.85,28.66,78.11,348.67,False
2022-02-03 01:00:00,0.0,76.18,83.84,98.64,16.35,16.83,28.9,75.26,348.81,False
2022-02-03 02:00:00,0.0,71.73,83.44,98.16,15.57,16.26,30.1,72.71,349.54,False
2022-02-03 03:00:00,0.0,67.71,83.03,97.68,16.93,17.33,32.31,67.54,350.88,False
2022-02-03 04:00:00,4.29,71.17,82.52,97.08,16.97,18.05,32.37,62.07,350.92,False
2022-02-03 05:00:00,8.55,82.46,82.39,96.93,17.07,17.99,33.26,63.51,351.45,False
2022-02-03 06:00:00,73.88,210.83,84.33,99.21,15.55,15.47,33.02,64.09,351.31,False
2022-02-03 07:00:00,0.0,198.4,85.0,100.0,14.9,14.88,32.86,66.92,351.22,False
2022-02-03 08:00:00,0.0,186.26,85.0,100.0,15.49,15.61,32.96,64.74,351.27,False
2022-02-03 09:00:00,0.0,174.88,85.0,100.0,14.7,14.93,31.37,69.13,350.31,False
2022-02-03 10:00:00,0.0,164.52,85.0,100.0,14.84,14.99,30.81,71.58,349.97,False
2022-02-03 11:00:00,16.99,185.71,85.0,100.0,15.55,14.81,29.39,74.46,349.11,False
2022-02-03 12:00:00,0.0,174.58,85.0,100.0,14.93,15.31,28.24,79.86,348.41,False
2022-02-03 13:00:00,0.0,164.05,85.0,100.0,14.79,14.02,27.15,80.3,347.75,False
2022-02-03 14:00:00,0.0,153.8,85.0,100.0,15.34,14.68,26.38,83.85,347.29,False
2022-02-03 15:00:00,0.0,144.46,85.0,100.0,15.21,14.61,25.03,87.88,346.47,False
2022-02-03 16:00:00,0.0,135.58,85.0,100.0,15.04,15.64,25.36,88.84,346.67,False
2022-02-03 17:00:00,21.38,165.93,85.0,100.0,15.37,15.09,23.62,92.54,345.61,False
2022-02-03 18:00:00,0.0,155.52,85.0,100.0,14.5,14.92,23.89,90.57,345.78,False
2022-02-03 19:00:00,0.0,146.09,85.0,100.0,14.77,14.92,23.89,91.98,345.78,False
2022-02-03 20:00:00,0.0,137.02,85.0,100.0,15.8,14.45,25.47,89.92,346.74,False
2022-02-03 21:00:00,0.0,129.09,85.0,100.0,13.79,15.54,25.44,88.33,346.71,False
2022-02-03 22:00:00,0.0,121.08,85.0,100.0,14.73,14.86,26.87,84.08,347.58,False
2022-02-03 23:00:00,0.0,113.65,85.0,100.0,14.53,15.24,26.44,80.95,347.33,False
2022-02-04 00:00:00,0.0,106.91,85.0,100.0,15.03,14.74,28.66,78.19,348.67,False
2022-02-04 01:00:00,0.0,100.36,84.96,99.95,15.28,15.02,30.2,74.78,349.6,False
2022-02-04 02:00:00,0.0,95.05,84.81,99.78,15.63,14.82,30.8,70.99,349.96,False
2022-02-04 03:00:00,0.0,89.62,84.6,99.53,15.23,15.3,32.32,71.51,350.89,False
2022-02-04 04:00:00,33.85,145.17,85.0,100.0,14.63,15.42,32.09,63.89,350.74,False
2022-02-04 05:00:00,0.0,136.57,85.0,100.0,14.42,15.04,33.69,64.35,351.72,False
2022-02-04 06:00:00,0.0,127.67,85.0,100.0,15.02,15.15,34.38,60.85,352.13,False
2022-02-04 07:00:00,0.0,120.38,85.0,100.0,15.85,15.03,32.63,65.22,351.07,False
2022-02-04 08:00:00,0.0,113.31,85.0,100.0,14.76,15.65,32.13,63.65,350.77,False
2022-02-04 09:00:00,0.0,106.49,84.97,99.96,15.0,14.71,32.55,67.54,351.03,False
2022-02-04 10:00:00,0.0,100.27,85.0,100.0,15.05,14.94,31.7,70.26,350.51,False
2022-02-04 11:00:00,0.0,94.46,84.96,99.95,14.87,15.12,29.35,74.94,349.09,False
2022-02-04 12:00:00,0.0,88.67,84.74,99.7,15.83,14.86,28.25,76.89,348.42,False
2022-02-04 13:00:00,0.0,83.46,84.41,99.3,16.08,15.64,27.17,80.43,347.76,False
2022-02-04 14:00:00,0.0,78.77,83.98,98.8,16.35,16.03,25.44,87.87,346.72,False
2022-02-04 15:00:00,0.0,74.18,83.59,98.34,16.8,16.46,24.77,88.47,346.31,False
2022-02-04 16:00:00,0.0,69.65,83.12,97.78,16.61,16.93,24.0,89.0,345.84,False
2022-02-04 17:00:00,0.0,65.56,82.66,97.25,16.88,17.07,23.69,91.02,345.66,False
2022-02-04 18:00:00,12.42,84.4,82.37,96.9,17.36,16.98,23.98,95.29,345.83,False
2022-02-04 19:00:00,0.0,79.57,82.03,96.5,18.08,18.04,24.29,91.05,346.02,False
2022-02-04 20:00:00,0.0,74.45,81.63,96.04,18.24,18.01,25.53,88.75,346.77,False
2022-02-04 21:00:00,0.0,70.15,81.12,95.43,19.11,18.85,24.72,86.53,346.28,False
2022-02-04 22:00:00,0.0,66.08,80.64,94.88,19.4,19.06,26.84,83.9,347.57,False
2022-02-04 23:00:00,35.49,126.35,81.21,95.54,18.25,18.2,27.21,80.43,347.79,False
2022-02-05 00:00:00,0.0,118.78,81.46,95.84,19.04,18.68,28.47,75.44,348.55,False
2022-02-05 01:00:00,0.0,111.54,81.64,96.05,18.15,18.64,30.07,72.13,349.52,False
2022-02-05 02:00:00,0.0,104.44,81.85,96.29,18.46,18.59,30.08,69.34,349.53,False
2022-02-05 03:00:00,0.0,97.97,81.87,96.32,17.79,17.95,31.91,69.28,350.64,False
2022-02-05 04:00:00,0.0,92.45,81.78,96.21,17.87,18.24,32.5,65.11,350.99,False
2022-02-05 05:00:00,0.0,86.96,81.62,96.02,18.01,18.52,33.14,64.06,351.38,False
2022-02-05 06:00:00,0.0,81.71,81.39,95.75,18.04,19.02,33.17,66.54,351.4,False
2022-02-05 07:00:00,0.0,77.2,81.07,95.37,18.37,18.23,34.32,67.07,352.1,False
2022-02-05 08:00:00,0.0,72.9,80.66,94.89,19.49,18.75,32.01,65.31,350.7,False
2022-02-05 09:00:00,0.0,68.3,80.16,94.3,19.47,20.4,31.36,66.84,350.31,False
2022-02-05 10:00:00,0.0,64.56,79.7,93.77,20.44,19.62,30.38,69.27,349.71,False
2022-02-05 11:00:00,38.9,130.21,80.21,94.37,19.83,20.16,29.33,75.76,349.07,False
2022-02-05 12:00:00,0.0,122.54,80.61,94.84,19.74,19.92,28.12,77.59,348.34,False
2022-02-05 13:00:00,0.0,115.29,81.02,95.32,18.57,19.3,28.05,80.85,348.3,False
2022-02-05 14:00:00,0.0,108.72,81.22,95.55,19.21,18.38,27.1,83.37,347.72,False
2022-02-05 15:00:00,0.81,103.77,81.3,95.65,18.34,18.34,24.98,86.36,346.44,False
2022-02-05 16:00:00,0.0,97.47,81.34,95.69,17.57,18.64,24.1,90.76,345.91,False
2022-02-05 17:00:00,0.0,91.57,81.24,95.58,18.84,19.46,24.44,88.89,346.11,False
2022-02-05 18:00:00,0.0,86.88,80.99,95.28,18.66,19.71,23.67,93.99,345.64,False
2022-02-05 19:00:00,0.0,81.69,80.73,94.98,19.87,19.39,24.53,90.46,346.17,False
2022-02-05 20:00:00,0.0,76.97,80.31,94.48,19.81,19.05,24.72,89.83,346.28,False
2022-02-05 21:00:00,0.0,71.75,80.01,94.13,19.95,20.05,24.41,85.23,346.09,False
2022-02-05 22:00:00,8.67,82.8,79.77,93.85,20.31,20.15,27.18,84.98,347.77,False
2022-02-05 23:00:00,0.0,77.98,79.35,93.36,20.45,20.65,28.41,80.97,348.52,False
2022-02-06 00:00:00,12.86,95.97,79.28,93.27,21.39,20.05,28.13,77.9,348.35,False
2022-02-06 01:00:00,0.0,90.38,79.21,93.19,20.57,20.89,29.43,77.32,349.14,False
2022-02-06 02:00:00,0.0,84.74,78.89,92.82,21.29,20.5,30.92,71.36,350.04,False
2022-02-06 03:00:00,0.0,79.34,78.79,92.7,20.88,20.19,31.88,66.51,350.62,False
2022-02-06 04:00:00,39.03,144.61,79.45,93.47,20.55,20.64,32.79,64.45,351.17,False
2022-02-06 05:00:00,0.0,136.39,80.16,94.3,19.35,20.61,34.05,65.67,351.94,False
2022-02-06 06:00:00,20.94,166.01,81.24,95.58,18.85,18.42,32.89,66.6,351.23,False
2022-02-06 07:00:00,0.0,155.77,82.14,96.63,17.89,17.68,32.37,65.04,350.91,False
2022-02-06 08:00:00,0.0,146.66,82.98,97.63,17.24,17.38,31.57,67.25,350.43,False
2022-02-06 09:00:00,0.0,138.11,83.61,98.36,16.58,16.86,31.24,69.32,350.23,False
2022-02-06 10:00:00,8.54,145.08,84.51,99.43,15.5,15.53,30.73,73.84,349.92,False
2022-02-06 11:00:00,0.0,136.66,85.0,100.0,15.82,14.72,30.74,70.48,349.93,False
2022-02-06 12:00:00,44.91,209.6,85.0,100.0,14.99,15.53,28.19,79.33,348.38,False
2022-02-06 13:00:00,0.0,197.28,85.0,100.0,15.02,14.51,27.47,83.59,347.95,False
2022-02-06 14:00:00,0.0,185.24,85.0,100.0,14.97,14.79,26.24,82.32,347.2,False
2022-02-06 15:00:00,0.0,173.77,85.0,100.0,15.08,15.24,26.03,86.13,347.07,False
2022-02-06 16:00:00,0.0,162.84,85.0,100.0,14.89,14.37,26.12,88.42,347.13,False
2022-02-06 17:00:00,0.0,152.87,85.0,100.0,14.85,15.16,23.83,90.07,345.74,False
2022-02-06 18:00:00,0.0,143.59,85.0,100.0,15.3,15.46,23.71,91.04,345.67,False
2022-02-06 19:00:00,0.0,134.89,85.0,100.0,14.98,33.46,24.78,92.01,346.32,True
2022-02-06 20:00:00,0.0,126.78,85.0,100.0,15.42,14.84,25.01,91.86,346.46,False
2022-02-06 21:00:00,0.0,119.69,85.0,100.0,14.24,14.82,26.43,90.06,347.31,False
2022-02-06 22:00:00,0.0,112.41,85.0,100.0,15.61,15.29,26.6,83.32,347.42,False
2022-02-06 23:00:00,0.0,105.65,85.0,100.0,15.36,14.75,27.12,79.93,347.73,False
2022-02-07 00:00:00,0.0,98.77,85.0,100.0,14.98,14.88,28.85,80.63,348.79,False
2022-02-07 01:00:00,0.0,93.51,85.0,100.0,14.97,15.13,30.33,75.67,349.68,False
2022-02-07 02:00:00,0.0,87.5,84.89,99.87,15.36,15.26,31.24,71.17,350.23,False
2022-02-07 03:00:00,0.0,82.04,84.59,99.52,15.0,14.65,31.99,69.05,350.68,False
2022-02-07 04:00:00,0.0,77.33,84.24,99.11,15.77,15.29,33.04,65.82,351.32,False
2022-02-07 05:00:00,0.0,72.76,83.89,98.69,16.17,15.38,33.55,65.53,351.63,False
2022-02-07 06:00:00,14.39,94.79,83.7,98.47,15.48,15.63,33.83,63.33,351.8,False
2022-02-07 07:00:00,0.0,89.32,83.6,98.35,16.54,15.95,33.24,65.01,351.44,False
2022-02-07 08:00:00,25.14,129.18,84.22,99.08,15.24,15.7,32.3,62.85,350.87,False
2022-02-07 09:00:00,34.75,184.3,85.0,100.0,99.0,14.95,31.77,66.72,350.55,True
2022-02-07 10:00:00,0.0,173.59,85.0,100.0,15.54,14.14,31.47,69.65,350.37,False
2022-02-07 11:00:00,14.6,189.25,85.0,100.0,15.6,14.63,29.17,73.63,348.98,False
2022-02-07 12:00:00,0.0,178.19,85.0,100.0,14.87,14.39,28.72,76.15,348.71,False
2022-02-07 13:00:00,0.0,167.43,85.0,100.0,14.87,14.92,27.1,80.56,347.72,False
2022-02-07 14:00:00,0.0,157.35,85.0,100.0,14.21,14.74,26.27,81.97,347.22,False
2022-02-07 15:00:00,0.0,147.95,85.0,100.0,15.27,15.5,26.09,89.0,347.11,False
2022-02-07 16:00:00,0.0,138.96,85.0,100.0,14.4,14.94,24.72,89.96,346.28,False
2022-02-07 17:00:00,52.37,224.76,85.0,100.0,14.42,14.76,24.18,88.11,345.95,False
2022-02-07 18:00:00,0.0,211.57,85.0,100.0,14.88,14.9,23.18,90.33,345.35,False
2022-02-07 19:00:00,0.0,198.42,85.0,100.0,14.56,14.74,24.6,92.2,346.21,False
2022-02-07 20:00:00,0.0,186.2,85.0,100.0,14.62,15.54,24.99,89.04,346.44,False
2022-02-07 21:00:00,0.0,175.23,85.0,100.0,15.02,14.87,26.62,86.51,347.43,False
2022-02-07 22:00:00,0.0,164.69,85.0,100.0,15.35,15.18,26.07,84.85,347.1,False
2022-02-07 23:00:00,0.0,155.11,85.0,100.0,15.22,15.32,27.47,82.31,347.94,False
2022-02-08 00:00:00,0.0,145.91,85.0,100.0,15.08,14.74,28.65,75.13,348.66,False
2022-02-08 01:00:00,0.0,136.75,85.0,100.0,15.46,14.28,30.61,75.48,349.85,False
2022-02-08 02:00:00,0.0,128.57,85.0,100.0,15.05,14.81,30.69,69.4,349.9,False
2022-02-08 03:00:00,0.0,121.01,85.0,100.0,14.79,15.25,31.85,68.06,350.6,False
2022-02-08 04:00:00,0.0,113.82,85.0,100.0,14.69,14.32,32.76,65.8,351.15,False
2022-02-08 05:00:00,0.0,106.85,85.0,100.0,15.22,15.1,32.96,63.42,351.27,False
2022-02-08 06:00:00,0.0,100.36,84.99,99.98,14.57,15.35,32.73,61.95,351.14,False
2022-02-08 07:00:00,0.0,94.17,84.96,99.95,15.18,15.6,32.96,63.91,351.28,False
2022-02-08 08:00:00,0.0,88.12,84.73,99.69,15.1,15.54,33.04,69.13,351.32,False
2022-02-08 09:00:00,0.0,82.4,84.58,99.51,15.08,15.54,31.07,65.38,350.13,False
2022-02-08 10:00:00,0.0,77.57,84.15,99.0,15.51,15.92,30.83,74.38,349.98,False
2022-02-08 11:00:00,19.32,107.44,84.04,98.87,16.35,15.48,29.24,73.86,349.02,False
2022-02-08 12:00:00,0.0,101.16,84.02,98.85,15.64,15.6,29.22,78.07,349.01,False
2022-02-08 13:00:00,0.0,94.92,83.99,98.81,15.9,15.32,26.42,79.45,347.31,False
2022-02-08 14:00:00,0.0,88.83,83.9,98.7,15.91,16.13,25.91,83.46,347.0,False
2022-02-08 15:00:00,0.0,83.38,83.61,98.37,16.81,16.56,25.54,86.89,346.78,False
2022-02-08 16:00:00,3.68,85.62,83.38,98.09,17.24,16.67,25.54,88.03,346.78,False
2022-02-08 17:00:00,0.0,80.46,83.08,97.74,17.29,17.04,24.11,91.11,345.91,False
2022-02-08 18:00:00,60.19,184.16,84.65,99.58,15.2,15.66,23.67,91.19,345.64,False
2022-02-08 19:00:00,2.29,177.28,85.0,100.0,15.14,14.47,25.28,95.22,346.62,False
2022-02-08 20:00:00,0.0,166.23,85.0,100.0,14.64,15.03,23.73,87.79,345.68,False
2022-02-08 21:00:00,0.0,156.69,85.0,100.0,15.08,15.1,24.0,88.1,345.84,False
2022-02-08 22:00:00,0.0,147.21,85.0,100.0,14.3,14.81,26.51,85.5,347.37,False
2022-02-08 23:00:00,0.0,137.98,85.0,100.0,15.09,14.15,27.03,79.48,347.68,False
2022-02-09 00:00:00,18.87,163.52,85.0,100.0,14.98,14.59,27.89,79.37,348.2,False
2022-02-09 01:00:00,0.0,153.65,85.0,100.0,15.18,32.59,30.09,73.58,349.53,True
2022-02-09 02:00:00,0.0,144.66,85.0,100.0,15.0,15.06,30.9,66.02,350.02,False
2022-02-09 03:00:00,0.0,135.77,85.0,100.0,15.33,15.01,31.34,69.42,350.29,False
2022-02-09 04:00:00,0.0,128.41,85.0,100.0,14.69,15.77,31.63,63.64,350.47,False
2022-02-09 05:00:00,0.0,120.43,85.0,100.0,15.3,15.38,33.37,62.38,351.52,False
2022-02-09 06:00:00,0.0,113.39,85.0,100.0,15.19,14.99,33.39,65.38,351.53,False
2022-02-09 07:00:00,0.0,105.99,85.0,99.99,15.44,15.05,32.79,63.78,351.17,False
2022-02-09 08:00:00,0.0,99.59,85.0,100.0,15.46,15.51,33.51,67.71,351.6,False
2022-02-09 09:00:00,0.0,93.73,85.0,100.0,14.62,15.52,31.04,70.52,350.11,False
2022-02-09 10:00:00,32.37,146.04,85.0,100.0,15.21,15.13,29.83,69.71,349.38,False
2022-02-09 11:00:00,0.0,137.72,85.0,100.0,14.53,15.69,29.25,75.96,349.03,False
2022-02-09 12:00:00,0.0,129.59,85.0,100.0,15.46,14.64,28.47,76.49,348.55,False
2022-02-09 13:00:00,0.0,121.72,85.0,100.0,14.66,14.99,27.48,86.09,347.95,False
2022-02-09 14:00:00,0.0,114.54,85.0,100.0,14.85,16.27,26.11,83.61,347.12,False
2022-02-09 15:00:00,0.0,107.49,85.0,100.0,15.09,15.28,25.53,89.95,346.77,False
2022-02-09 16:00:00,0.0,101.42,85.0,100.0,15.3,14.94,23.85,91.81,345.75,False
2022-02-09 17:00:00,0.0,95.64,84.96,99.95,15.19,32.94,25.02,92.16,346.46,True
2022-02-09 18:00:00,0.0,90.01,84.85,99.82,15.46,15.23,23.95,90.66,345.81,False
2022-02-09 19:00:00,0.0,84.8,84.57,99.5,15.43,16.09,24.82,91.22,346.34,False
2022-02-09 20:00:00,0.0,79.26,84.21,99.07,15.88,16.11,24.81,85.82,346.33,False
2022-02-09 21:00:00,0.0,74.95,83.83,98.63,15.46,16.13,25.59,88.35,346.81,False
2022-02-09 22:00:00,0.0,70.42,83.32,98.03,17.09,16.01,26.59,85.7,347.41,False
2022-02-09 23:00:00,73.96,199.63,84.8,99.77,15.08,14.91,27.6,81.89,348.03,False
2022-02-10 00:00:00,0.0,187.88,85.0,100.0,14.83,15.02,28.89,72.05,348.8,False
2022-02-10 01:00:00,0.0,176.91,85.0,100.0,15.77,14.95,30.46,71.85,349.76,False
2022-02-10 02:00:00,0.0,165.98,85.0,100.0,13.92,15.44,30.87,69.5,350.01,False
2022-02-10 03:00:00,0.0,155.74,85.0,100.0,15.04,14.91,32.11,68.68,350.76,False
2022-02-10 04:00:00,0.0,147.07,85.0,100.0,14.1,15.34,32.34,66.45,350.9,False
2022-02-10 05:00:00,0.0,137.79,85.0,100.0,15.14,14.41,33.71,64.14,351.73,False
2022-02-10 06:00:00,0.0,129.2,85.0,100.0,14.72,14.79,32.59,65.27,351.05,False
2022-02-10 07:00:00,0.0,121.46,85.0,100.0,13.83,15.28,33.93,62.42,351.86,False
2022-02-10 08:00:00,0.0,114.18,85.0,100.0,15.44,15.83,32.37,67.1,350.92,False
2022-02-10 09:00:00,0.0,107.17,85.0,100.0,14.48,14.94,30.82,69.05,349.98,False
2022-02-10 10:00:00,0.0,100.92,85.0,100.0,15.38,15.33,30.83,71.76,349.98,False
2022-02-10 11:00:00,4.33,102.93,85.0,100.0,14.61,15.53,29.26,74.01,349.03,False
2022-02-10 12:00:00,22.73,137.66,85.0,100.0,14.81,15.38,29.0,81.66,348.88,False
2022-02-10 13:00:00,0.0,129.32,85.0,100.0,14.09,15.3,26.94,82.61,347.63,False
2022-02-10 14:00:00,0.0,121.56,85.0,100.0,15.17,14.86,25.98,83.06,347.05,False
2022-02-10 15:00:00,15.5,142.02,85.0,100.0,14.77,15.61,24.18,88.4,345.96,False
2022-02-10 16:00:00,0.0,132.99,85.0,100.0,14.85,14.47,24.33,91.63,346.04,False
2022-02-10 17:00:00,0.0,125.1,85.0,100.0,14.96,14.49,22.7,90.35,345.06,False
2022-02-10 18:00:00,0.0,117.83,85.0,100.0,14.34,15.75,23.05,94.18,345.27,False
2022-02-10 19:00:00,0.0,110.71,85.0,100.0,15.28,15.14,24.61,92.29,346.21,False
2022-02-10 20:00:00,0.0,103.39,85.0,100.0,14.77,14.5,25.07,85.44,346.5,False
2022-02-10 21:00:00,11.85,118.34,85.0,100.0,15.92,14.43,25.57,88.5,346.8,False
2022-02-10 22:00:00,10.9,131.14,85.0,100.0,14.81,14.41,25.67,84.19,346.86,False
2022-02-10 23:00:00,27.89,173.04,85.0,100.0,14.84,15.81,27.31,82.7,347.85,False
2022-02-11 00:00:00,0.0,162.87,85.0,100.0,14.46,14.97,28.5,79.89,348.57,False
2022-02-11 01:00:00,0.0,152.96,85.0,100.0,14.35,14.79,28.97,74.77,348.86,False
2022-02-11 02:00:00,0.0,143.78,85.0,100.0,15.35,15.65,31.65,74.33,350.48,False
2022-02-11 03:00:00,0.0,134.95,85.0,100.0,15.42,15.1,32.21,67.74,350.82,False
2022-02-11 04:00:00,0.0,126.51,85.0,100.0,14.77,14.87,32.26,67.13,350.85,False
2022-02-11 05:00:00,0.0,119.35,85.0,100.0,15.05,15.42,32.86,66.09,351.21,False
2022-02-11 06:00:00,0.0,112.43,85.0,100.0,15.5,15.24,33.13,63.81,351.37,False
2022-02-11 07:00:00,0.0,105.88,85.0,100.0,15.12,15.24,31.62,66.03,350.46,False
2022-02-11 08:00:00,0.0,99.8,85.0,100.0,15.19,14.89,32.25,64.69,350.84,False
2022-02-11 09:00:00,0.0,93.96,85.0,100.0,15.04,14.64,31.27,67.26,350.25,False
2022-02-11 10:00:00,0.0,88.61,84.95,99.95,14.79,14.64,30.15,68.38,349.57,False
2022-02-11 11:00:00,0.0,83.09,84.58,99.51,15.57,15.46,29.5,74.86,349.17,False
2022-02-11 12:00:00,0.66,79.7,84.19,99.05,16.56,15.81,29.58,78.65,349.22,False
2022-02-11 13:00:00,0.0,75.31,83.75,98.53,16.04,16.44,27.72,83.98,348.1,False
2022-02-11 14:00:00,0.0,70.9,83.43,98.15,16.92,16.4,25.91,86.58,347.0,False
2022-02-11 15:00:00,37.27,133.65,84.02,98.85,16.05,16.49,25.66,87.33,346.85,False
2022-02-11 16:00:00,18.04,157.73,85.0,100.0,14.76,14.47,25.44,87.77,346.72,False
2022-02-11 17:00:00,0.0,148.33,85.0,100.0,15.36,15.17,24.71,92.39,346.27,False
2022-02-11 18:00:00,0.0,139.94,85.0,100.0,15.31,14.64,24.04,94.22,345.87,False
2022-02-11 19:00:00,0.0,131.2,85.0,100.0,15.23,14.9,23.77,93.03,345.7,False
2022-02-11 20:00:00,0.0,123.63,85.0,100.0,15.7,14.63,25.02,92.29,346.46,False
2022-02-11 21:00:00,19.05,150.37,85.0,100.0,15.73,14.85,25.55,87.48,346.79,False
2022-02-11 22:00:00,0.0,141.23,85.0,100.0,15.02,14.57,26.79,84.07,347.53,False
2022-02-11 23:00:00,0.0,132.4,85.0,100.0,14.96,14.6,27.72,80.15,348.1,False
2022-02-12 00:00:00,0.0,124.23,85.0,100.0,14.43,15.39,29.13,77.89,348.95,False
2022-02-12 01:00:00,0.0,116.97,85.0,100.0,15.61,14.44,29.34,74.22,349.08,False
2022-02-12 02:00:00,0.0,110.19,85.0,100.0,14.97,15.26,31.54,71.41,350.41,False
2022-02-12 03:00:00,0.0,103.65,85.0,100.0,14.76,15.34,31.8,67.84,350.57,False
2022-02-12 04:00:00,0.0,97.28,85.0,100.0,14.63,15.29,33.64,65.61,351.69,False
2022-02-12 05:00:00,5.22,100.5,85.0,100.0,14.62,14.99,32.43,62.92,350.95,False
2022-02-12 06:00:00,0.0,94.49,84.88,99.86,15.82,14.68,34.04,65.88,351.93,False
2022-02-12 07:00:00,6.47,100.36,84.98,99.98,15.38,14.4,32.97,64.63,351.28,False
2022-02-12 08:00:00,0.0,94.4,84.96,99.96,14.44,14.57,32.01,65.53,350.7,False
2022-02-12 09:00:00,0.0,88.64,84.89,99.87,14.53,14.64,31.39,66.61,350.32,False
2022-02-12 10:00:00,0.0,83.24,84.6,99.53,15.45,15.51,30.56,68.34,349.82,False
2022-02-12 11:00:00,0.0,78.29,84.17,99.02,15.42,15.26,29.92,76.99,349.43,False
2022-02-12 12:00:00,0.0,73.7,83.71,98.48,16.19,16.21,28.81,79.11,348.76,False
2022-02-12 13:00:00,0.0,69.64,83.14,97.81,17.48,16.87,26.99,78.38,347.66,False
2022-02-12 14:00:00,0.0,65.36,82.55,97.11,37.88,17.33,26.24,86.53,347.2,True
2022-02-12 15:00:00,0.0,61.61,81.91,96.36,17.41,17.99,26.6,89.74,347.42,False
2022-02-12 16:00:00,0.0,58.45,81.17,95.49,18.43,19.34,25.64,90.37,346.84,False
2022-02-12 17:00:00,0.0,55.11,80.45,94.64,19.65,19.75,24.42,94.72,346.1,False
2022-02-12 18:00:00,0.0,52.16,79.58,93.63,20.87,20.7,24.02,92.43,345.86,False
2022-02-12 19:00:00,0.0,48.84,78.75,92.65,20.92,21.1,24.23,88.69,345.98,False
2022-02-12 20:00:00,0.0,45.69,77.83,91.57,22.32,22.48,24.97,90.85,346.43,False
2022-02-12 21:00:00,0.0,42.91,76.9,90.47,22.92,23.22,24.7,88.39,346.27,False
2022-02-12 22:00:00,0.0,40.32,75.96,89.37,24.74,24.12,26.1,83.79,347.11,False
2022-02-12 23:00:00,0.0,38.22,74.92,88.15,25.32,24.92,26.33,82.77,347.26,False
2022-02-13 00:00:00,0.0,35.71,73.82,86.84,26.11,26.28,28.74,74.66,348.72,False
2022-02-13 01:00:00,0.0,33.54,72.68,85.51,26.72,28.16,30.05,76.36,349.51,False
2022-02-13 02:00:00,0.0,31.85,71.66,84.3,27.92,28.58,30.46,69.24,349.76,False
2022-02-13 03:00:00,0.0,30.0,71.26,83.83,27.73,29.42,32.63,66.13,351.07,False
2022-02-13 04:00:00,0.0,28.2,70.69,83.16,29.42,28.56,31.66,65.65,350.49,False
2022-02-13 05:00:00,3.6,33.05,70.23,82.62,30.04,29.8,31.97,65.34,350.67,False
2022-02-13 06:00:00,0.0,30.73,69.6,81.88,30.68,30.73,33.13,64.33,351.38,False
2022-02-13 07:00:00,9.77,46.14,69.36,81.6,30.4,30.8,33.47,62.99,351.59,False
2022-02-13 08:00:00,0.0,42.89,68.95,81.12,31.56,31.25,33.41,64.86,351.54,False
2022-02-13 09:00:00,7.72,54.27,68.82,80.97,31.81,31.02,31.41,65.83,350.33,False
2022-02-13 10:00:00,2.55,55.87,68.84,80.99,30.9,31.65,31.4,70.55,350.33,False
2022-02-13 11:00:00,0.0,52.75,68.6,80.7,31.88,30.76,29.64,76.53,349.26,False
2022-02-13 12:00:00,0.0,49.93,68.36,80.42,31.7,31.58,28.4,77.99,348.51,False
2022-02-13 13:00:00,0.0,47.37,68.07,80.09,31.71,31.98,27.87,83.34,348.19,False
2022-02-13 14:00:00,0.0,44.57,67.68,79.63,32.81,32.09,26.64,87.91,347.44,False
2022-02-13 15:00:00,0.0,41.88,67.45,79.35,32.07,32.56,24.37,86.72,346.07,False
2022-02-13 16:00:00,0.0,39.81,67.14,78.98,32.27,32.08,25.49,89.75,346.75,False
2022-02-13 17:00:00,0.0,37.21,66.9,78.71,32.94,32.58,24.98,95.87,346.44,False
2022-02-13 18:00:00,0.0,34.62,66.4,78.12,33.51,34.11,23.62,94.89,345.62,False
2022-02-13 19:00:00,0.0,32.44,65.8,77.41,33.55,34.3,24.39,88.18,346.08,False
2022-02-13 20:00:00,0.0,30.36,65.94,77.57,34.26,33.91,24.9,90.9,346.39,False
2022-02-13 21:00:00,0.0,28.55,65.95,77.58,33.74,34.45,25.47,87.9,346.74,False
2022-02-13 22:00:00,0.46,27.41,65.93,77.56,33.55,34.63,25.92,86.65,347.01,False
2022-02-13 23:00:00,0.0,25.88,66.03,77.69,34.23,34.69,26.93,80.13,347.62,False
2022-02-14 00:00:00,0.0,24.15,66.01,77.66,33.82,33.23,28.48,76.32,348.56,False
2022-02-14 01:00:00,18.37,56.14,66.58,78.33,33.84,33.97,30.37,73.02,349.7,False
2022-02-14 02:00:00,0.0,52.41,66.4,78.12,33.78,33.13,31.08,69.86,350.13,False
2022-02-14 03:00:00,37.34,116.45,67.29,79.16,32.64,32.84,31.46,69.73,350.36,False
2022-02-14 04:00:00,0.0,109.36,68.08,80.09,32.36,32.17,32.86,63.51,351.21,False
2022-02-14 05:00:00,0.0,102.87,68.85,81.0,31.32,31.8,31.14,63.23,350.17,False
2022-02-14 06:00:00,0.0,96.97,69.47,81.73,30.53,30.72,33.69,60.42,351.72,False
2022-02-14 07:00:00,0.0,91.23,70.03,82.38,30.18,30.09,31.8,66.49,350.57,False
2022-02-14 08:00:00,0.0,85.72,70.25,82.64,29.97,29.42,32.18,68.42,350.8,False
2022-02-14 09:00:00,0.0,80.79,70.44,82.87,29.12,28.88,31.01,67.45,350.09,False
2022-02-14 10:00:00,0.0,76.19,70.54,82.99,30.4,29.12,29.97,70.4,349.46,False
2022-02-14 11:00:00,0.28,72.2,70.71,83.19,29.32,29.85,30.36,75.28,349.7,False
2022-02-14 12:00:00,0.0,67.99,70.73,83.22,29.3,29.28,28.22,80.95,348.4,False
2022-02-14 13:00:00,0.0,64.1,70.94,83.46,28.36,29.73,27.54,82.44,347.99,False
2022-02-14 14:00:00,0.0,59.76,70.93,83.45,29.12,28.78,26.22,83.6,347.19,False
2022-02-14 15:00:00,0.0,56.07,70.88,83.39,29.19,29.43,25.6,84.66,346.82,False
2022-02-14 16:00:00,0.0,52.82,70.68,83.15,28.86,29.39,24.65,87.89,346.24,False
2022-02-14 17:00:00,12.09,71.32,70.78,83.26,28.81,29.74,23.38,91.67,345.47,False
2022-02-14 18:00:00,5.32,76.53,71.17,83.73,28.47,28.74,24.6,90.69,346.21,False
2022-02-14 19:00:00,0.0,72.05,71.52,84.14,28.36,28.43,23.86,91.91,345.76,False
2022-02-14 20:00:00,0.0,67.85,71.68,84.33,28.4,28.8,23.67,89.02,345.64,False
2022-02-14 21:00:00,27.44,113.3,72.41,85.19,27.5,26.76,25.06,85.78,346.49,False
2022-02-14 22:00:00,0.0,106.27,72.51,85.3,27.62,27.44,27.15,82.65,347.75,False
2022-02-14 23:00:00,22.19,139.4,73.21,86.13,27.06,26.12,27.85,84.75,348.17,False
2022-02-15 00:00:00,0.0,131.28,73.74,86.76,26.47,26.25,28.29,79.78,348.44,False
2022-02-15 01:00:00,0.0,123.18,73.99,87.04,26.16,25.85,29.46,77.84,349.15,False
2022-02-15 02:00:00,4.34,123.36,74.55,87.71,25.56,25.69,30.56,72.08,349.82,False
2022-02-15 03:00:00,0.0,115.69,74.77,87.97,25.34,25.41,32.93,67.24,351.25,False
2022-02-15 04:00:00,12.57,131.73,75.22,88.49,24.72,24.67,32.63,68.52,351.07,False
2022-02-15 05:00:00,0.0,123.89,75.64,88.99,24.09,23.97,33.1,64.41,351.36,False
2022-02-15 06:00:00,0.0,116.56,76.04,89.46,23.92,23.99,33.62,64.44,351.67,False
2022-02-15 07:00:00,2.11,113.57,76.33,89.8,23.93,24.19,32.99,64.39,351.29,False
2022-02-15 08:00:00,0.0,106.75,76.37,89.84,23.89,23.24,32.24,59.98,350.84,False
2022-02-15 09:00:00,0.0,100.65,76.29,89.75,23.92,23.11,31.56,71.31,350.43,False
2022-02-15 10:00:00,0.0,94.25,76.04,89.46,23.77,23.22,30.71,71.98,349.91,False
2022-02-15 11:00:00,0.0,88.27,75.85,89.23,24.06,23.54,29.64,75.04,349.26,False
2022-02-15 12:00:00,5.06,91.74,75.7,89.06,24.21,24.3,28.94,77.88,348.84,False
2022-02-15 13:00:00,0.0,86.36,75.54,88.87,99.0,23.9,27.37,81.95,347.88,True
2022-02-15 14:00:00,0.0,81.33,75.2,88.47,25.16,24.65,26.69,83.81,347.47,False
2022-02-15 15:00:00,0.0,76.31,74.91,88.13,24.35,25.27,25.27,89.13,346.61,False
2022-02-15 16:00:00,0.0,71.66,74.52,87.67,26.29,24.63,24.65,87.51,346.24,False
2022-02-15 17:00:00,0.0,67.74,73.95,87.0,26.88,26.45,22.95,91.9,345.21,False
2022-02-15 18:00:00,0.0,63.47,73.4,86.35,26.62,27.17,24.55,93.12,346.18,False
2022-02-15 19:00:00,0.0,59.75,72.86,85.72,27.3,27.89,24.36,91.13,346.06,False
2022-02-15 20:00:00,0.0,55.96,72.08,84.8,28.26,28.51,25.2,90.87,346.57,False
2022-02-15 21:00:00,0.0,52.93,71.94,84.64,27.76,29.02,23.58,85.92,345.59,False
2022-02-15 22:00:00,0.0,49.94,71.75,84.42,28.47,28.34,27.5,83.07,347.97,False
2022-02-15 23:00:00,0.0,46.53,71.5,84.12,29.03,28.82,27.25,82.1,347.81,False
2022-02-16 00:00:00,0.0,43.66,71.29,83.87,27.99,28.61,29.16,79.36,348.97,False
2022-02-16 01:00:00,0.0,40.41,71.04,83.57,28.39,29.23,29.04,70.63,348.9,False
2022-02-16 02:00:00,0.0,38.26,70.71,83.19,29.59,29.35,31.12,72.04,350.16,False
2022-02-16 03:00:00,0.0,36.58,70.35,82.76,29.55,28.99,31.05,67.01,350.12,False
2022-02-16 04:00:00,13.99,58.91,70.28,82.69,29.56,29.12,32.02,65.49,350.71,False
2022-02-16 05:00:00,0.0,54.95,70.23,82.62,29.64,30.5,34.0,61.8,351.9,False
2022-02-16 06:00:00,0.0,51.7,69.98,82.33,29.57,30.08,32.89,62.3,351.23,False
2022-02-16 07:00:00,0.0,48.59,69.99,82.34,29.84,30.58,32.98,66.41,351.28,False
2022-02-16 08:00:00,0.0,45.55,69.86,82.19,29.61,29.91,32.92,65.94,351.25,False
2022-02-16 09:00:00,0.0,42.3,69.64,81.93,30.88,30.0,31.98,67.33,350.68,False
2022-02-16 10:00:00,0.0,39.86,69.34,81.57,30.72,30.63,30.84,70.77,349.99,False
2022-02-16 11:00:00,0.0,37.73,69.0,81.18,31.04,43.31,29.88,75.35,349.41,True
2022-02-16 12:00:00,0.0,36.32,68.47,80.55,31.8,32.09,29.94,78.88,349.44,False
2022-02-16 13:00:00,0.0,34.54,67.94,79.93,33.17,32.13,27.3,81.47,347.84,False
2022-02-16 14:00:00,40.64,105.23,68.61,80.71,30.97,31.65,26.37,87.19,347.28,False
2022-02-16 15:00:00,0.0,98.91,69.26,81.48,30.0,30.68,25.95,89.84,347.02,False
2022-02-16 16:00:00,0.0,93.16,69.79,82.11,30.2,30.79,25.27,90.95,346.61,False
2022-02-16 17:00:00,0.0,87.36,70.31,82.72,28.96,30.28,24.87,91.63,346.37,False
2022-02-16 18:00:00,0.0,82.35,70.61,83.07,29.26,29.08,24.38,93.31,346.08,False
2022-02-16 19:00:00,7.39,90.93,71.2,83.77,29.14,28.95,23.47,92.15,345.52,False
2022-02-16 20:00:00,0.0,85.84,71.57,84.2,29.04,28.03,25.58,92.25,346.8,False
2022-02-16 21:00:00,0.0,80.93,71.89,84.57,27.49,28.44,24.63,89.7,346.23,False
2022-02-16 22:00:00,0.0,76.16,72.23,84.97,27.4,27.62,26.43,82.96,347.32,False
2022-02-16 23:00:00,0.0,71.4,72.46,85.24,27.69,27.22,26.88,79.45,347.59,False
2022-02-17 00:00:00,0.0,66.73,71.83,84.5,28.47,27.36,28.46,76.6,348.55,False
2022-02-17 01:00:00,0.0,62.79,71.96,84.66,28.36,28.47,29.86,76.33,349.4,False
2022-02-17 02:00:00,0.0,58.9,71.95,84.65,28.64,28.13,30.94,67.85,350.05,False
2022-02-17 03:00:00,3.4,61.4,71.8,84.47,28.49,28.3,31.94,68.89,350.65,False
2022-02-17 04:00:00,0.0,58.05,71.7,84.35,28.25,28.63,33.37,66.6,351.52,False
2022-02-17 05:00:00,0.0,54.98,71.59,84.22,28.84,28.11,33.12,66.8,351.37,False
2022-02-17 06:00:00,0.0,51.31,71.35,83.94,28.68,28.29,32.85,64.36,351.21,False
2022-02-17 07:00:00,0.0,48.17,71.26,83.83,28.85,28.96,33.43,61.79,351.56,False
2022-02-17 08:00:00,4.31,52.9,71.11,83.66,28.69,29.35,33.11,63.96,351.37,False
2022-02-17 09:00:00,0.0,49.82,70.98,83.5,29.09,29.24,30.95,65.74,350.05,False
2022-02-17 10:00:00,0.0,46.15,70.76,83.25,28.59,29.88,31.11,69.92,350.15,False
2022-02-17 11:00:00,0.0,42.94,70.53,82.98,29.88,29.69,30.09,74.01,349.53,False
2022-02-17 12:00:00,89.76,201.9,73.03,85.92,26.56,27.17,28.32,75.67,348.46,False
2022-02-17 13:00:00,0.0,190.02,74.61,87.78,25.03,25.72,28.16,84.56,348.37,False
2022-02-17 14:00:00,0.0,178.64,76.09,89.52,22.98,23.82,26.16,82.35,347.15,False
2022-02-17 15:00:00,0.0,168.12,77.31,90.95,22.36,22.19,25.39,90.59,346.69,False
2022-02-17 16:00:00,0.0,158.09,78.31,92.13,21.3,21.69,24.5,92.49,346.15,False
2022-02-17 17:00:00,0.0,148.99,79.18,93.16,20.9,33.1,24.16,93.32,345.94,True
2022-02-17 18:00:00,34.83,203.19,80.72,94.96,18.76,18.94,23.34,90.61,345.45,False
2022-02-17 19:00:00,0.0,190.77,82.22,96.73,17.6,17.22,23.29,92.21,345.41,False
2022-02-17 20:00:00,0.0,179.59,83.56,98.31,16.16,16.15,25.56,87.57,346.79,False
2022-02-17 21:00:00,9.75,186.51,85.0,100.0,14.3,15.53,24.81,89.72,346.33,False
2022-02-17 22:00:00,5.12,185.28,85.0,100.0,15.1,15.2,25.66,84.85,346.85,False
2022-02-17 23:00:00,0.0,173.93,85.0,100.0,14.91,14.95,26.04,80.8,347.08,False
2022-02-18 00:00:00,0.0,163.46,85.0,100.0,15.02,14.61,28.12,75.55,348.34,False
2022-02-18 01:00:00,0.0,153.34,85.0,100.0,15.33,15.11,28.87,69.42,348.8,False
2022-02-18 02:00:00,31.66,200.84,85.0,100.0,15.0,15.07,31.74,68.92,350.53,False
2022-02-18 03:00:00,0.0,188.9,85.0,100.0,14.87,15.18,32.29,70.33,350.87,False
2022-02-18 04:00:00,13.15,201.29,85.0,100.0,15.37,16.0,31.98,65.07,350.68,False
2022-02-18 05:00:00,0.0,189.38,85.0,100.0,14.87,15.2,34.2,64.14,352.02,False
2022-02-18 06:00:00,0.0,178.17,85.0,100.0,14.8,14.72,33.59,65.31,351.65,False
2022-02-18 07:00:00,0.0,167.41,85.0,100.0,15.27,14.45,32.65,68.09,351.09,False
2022-02-18 08:00:00,0.0,157.29,85.0,100.0,14.69,14.78,30.9,68.53,350.02,False
2022-02-18 09:00:00,26.1,194.54,85.0,100.0,15.47,14.82,33.06,66.16,351.33,False
2022-02-18 10:00:00,0.0,182.66,85.0,100.0,15.06,15.33,29.92,67.11,349.43,False
2022-02-18 11:00:00,0.0,171.68,85.0,100.0,15.63,14.75,28.68,79.1,348.68,False
2022-02-18 12:00:00,0.0,161.44,85.0,100.0,14.98,14.6,29.11,82.54,348.94,False
2022-02-18 13:00:00,0.0,151.97,85.0,100.0,15.38,15.22,28.8,82.0,348.75,False
2022-02-18 14:00:00,0.0,143.03,85.0,100.0,14.34,14.75,27.08,82.46,347.71,False
2022-02-18 15:00:00,0.0,134.92,85.0,100.0,15.51,15.23,25.66,89.83,346.85,False
2022-02-18 16:00:00,0.0,126.53,85.0,100.0,15.28,14.66,24.96,89.91,346.43,False
2022-02-18 17:00:00,0.0,118.87,85.0,100.0,14.74,14.81,24.67,91.3,346.25,False
2022-02-18 18:00:00,0.0,111.47,85.0,100.0,15.35,14.77,24.46,93.79,346.12,False
2022-02-18 19:00:00,0.0,105.17,85.0,100.0,14.49,15.16,24.32,92.19,346.04,False
2022-02-18 20:00:00,0.0,98.71,84.92,99.91,14.88,15.02,24.67,87.75,346.25,False
2022-02-18 21:00:00,0.0,93.13,85.0,100.0,14.66,14.51,25.28,87.25,346.62,False
2022-02-18 22:00:00,0.0,87.98,84.83,99.8,15.54,14.65,25.8,86.32,346.93,False
2022-02-18 23:00:00,15.78,111.22,85.0,100.0,15.5,14.87,27.17,82.64,347.76,False
2022-02-19 00:00:00,0.0,104.64,85.0,100.0,14.82,14.43,27.48,78.52,347.96,False
2022-02-19 01:00:00,0.0,98.37,84.99,99.99,14.5,14.84,29.61,76.24,349.24,False
2022-02-19 02:00:00,13.5,116.68,85.0,100.0,14.61,15.1,30.16,70.28,349.58,False
2022-02-19 03:00:00,6.8,121.78,85.0,100.0,15.04,14.53,31.02,68.46,350.1,False
2022-02-19 04:00:00,0.0,114.43,85.0,100.0,15.01,15.34,32.51,59.12,351.0,False
2022-02-19 05:00:00,0.0,108.11,85.0,100.0,14.86,15.55,33.68,63.58,351.71,False
2022-02-19 06:00:00,0.0,101.31,85.0,100.0,14.67,15.43,33.55,65.53,351.63,False
2022-02-19 07:00:00,0.0,95.29,85.0,100.0,15.65,15.27,31.9,63.7,350.63,False
2022-02-19 08:00:00,2.65,94.56,84.84,99.82,14.91,15.32,31.8,64.94,350.57,False
2022-02-19 09:00:00,0.0,88.8,84.74,99.7,14.92,15.35,32.25,66.02,350.84,False
2022-02-19 10:00:00,5.32,93.16,84.7,99.65,15.76,15.44,30.16,73.01,349.58,False
2022-02-19 11:00:00,0.0,87.12,84.5,99.41,15.39,15.26,29.53,75.47,349.2,False
2022-02-19 12:00:00,0.0,82.29,84.29,99.16,15.92,15.7,28.83,79.65,348.77,False
2022-02-19 13:00:00,0.0,77.69,83.98,98.79,15.67,16.08,26.75,78.17,347.51,False
2022-02-19 14:00:00,0.0,73.0,83.61,98.36,16.6,16.65,26.31,84.68,347.25,False
2022-02-19 15:00:00,0.0,68.36,83.15,97.83,17.14,16.21,24.52,87.34,346.16,False
2022-02-19 16:00:00,0.0,64.49,82.59,97.17,16.96,17.49,24.24,89.56,345.99,False
2022-02-19 17:00:00,0.0,60.28,81.91,96.36,17.88,18.52,24.35,90.29,346.05,False
2022-02-19 18:00:00,0.0,56.36,81.16,95.48,18.48,18.6,23.04,91.31,345.26,False
2022-02-19 19:00:00,0.0,52.96,80.38,94.57,19.4,19.57,24.42,93.22,346.1,False
2022-02-19 20:00:00,11.31,70.6,79.99,94.1,20.65,19.27,24.59,86.3,346.2,False
2022-02-19 21:00:00,0.0,66.56,79.51,93.54,20.59,20.52,25.65,91.45,346.84,False
2022-02-19 22:00:00,0.0,62.37,78.99,92.93,21.79,20.42,26.38,85.97,347.29,False
2022-02-19 23:00:00,0.0,58.12,78.41,92.24,22.19,21.37,28.15,81.54,348.36,False
2022-02-20 00:00:00,0.0,54.65,77.66,91.36,22.79,22.32,28.58,79.81,348.62,False
2022-02-20 01:00:00,11.29,71.76,77.37,91.03,23.21,22.38,29.41,71.47,349.12,False
2022-02-20 02:00:00,0.0,67.43,76.85,90.41,23.62,23.09,30.82,69.67,349.98,False
2022-02-20 03:00:00,0.0,63.93,76.23,89.69,24.45,23.92,32.01,67.86,350.7,False
2022-02-20 04:00:00,0.0,60.05,75.62,88.97,24.6,24.36,32.43,68.61,350.95,False
2022-02-20 05:00:00,0.0,55.77,74.95,88.18,25.32,25.11,32.87,64.38,351.22,False
2022-02-20 06:00:00,0.0,52.3,74.12,87.2,26.14,25.13,32.58,64.9,351.04,False
2022-02-20 07:00:00,12.21,71.28,73.66,86.66,26.17,26.28,32.45,63.3,350.96,False
2022-02-20 08:00:00,0.0,67.12,73.1,86.0,27.24,26.01,31.56,66.85,350.42,False
2022-02-20 09:00:00,11.63,83.98,72.87,85.73,27.63,26.97,32.73,71.45,351.14,False
2022-02-20 10:00:00,0.0,78.84,72.61,85.42,27.15,28.13,30.0,72.99,349.48,False
2022-02-20 11:00:00,0.0,73.51,72.17,84.91,27.48,28.2,29.25,74.21,349.02,False
2022-02-20 12:00:00,0.0,69.13,72.37,85.14,27.41,27.06,28.07,79.35,348.31,False
2022-02-20 13:00:00,0.0,64.88,71.7,84.35,28.84,28.08,27.87,82.78,348.19,False
2022-02-20 14:00:00,0.0,61.06,71.79,84.46,28.12,28.14,26.07,86.01,347.1,False
2022-02-20 15:00:00,3.48,63.8,71.82,84.49,27.74,28.39,26.07,90.12,347.1,False
2022-02-20 16:00:00,0.0,60.34,71.79,84.45,27.8,28.56,24.2,92.33,345.96,False
2022-02-20 17:00:00,6.64,68.39,71.96,84.66,27.68,28.69,24.32,91.27,346.04,False
2022-02-20 18:00:00,0.0,63.9,72.06,84.77,27.66,27.56,23.5,93.28,345.54,False
2022-02-20 19:00:00,0.0,59.9,72.05,84.76,27.39,28.04,25.44,90.76,346.72,False
2022-02-20 20:00:00,60.51,164.99,73.73,86.74,26.52,25.57,23.89,88.28,345.78,False
2022-02-20 21:00:00,0.0,154.85,74.63,87.8,25.3,25.54,25.5,87.36,346.76,False
2022-02-20 22:00:00,0.0,145.99,75.43,88.74,24.78,24.77,26.63,84.85,347.44,False
2022-02-20 23:00:00,0.0,137.27,76.12,89.55,22.96,23.89,27.58,78.3,348.02,False
2022-02-21 00:00:00,0.0,129.63,76.57,90.08,23.86,23.69,28.39,79.72,348.5,False
2022-02-21 01:00:00,0.0,121.85,76.91,90.48,23.06,22.74,29.59,68.84,349.23,False
2022-02-21 02:00:00,0.0,114.19,77.2,90.82,23.0,22.28,30.78,76.43,349.95,False
2022-02-21 03:00:00,0.0,107.09,77.33,90.98,23.28,22.29,31.59,71.1,350.45,False
2022-02-21 04:00:00,0.0,100.98,77.39,91.04,22.76,22.76,32.98,65.35,351.28,False
2022-02-21 05:00:00,0.0,94.58,77.12,90.72,23.73,23.41,34.17,64.5,352.01,False
2022-02-21 06:00:00,0.0,89.07,76.94,90.51,22.31,22.72,32.67,64.61,351.1,False
2022-02-21 07:00:00,19.37,118.49,77.34,90.99,22.53,22.39,32.02,63.3,350.71,False
2022-02-21 08:00:00,0.0,111.1,77.5,91.18,21.78,22.54,32.34,66.26,350.9,False
2022-02-21 09:00:00,1.37,107.32,77.69,91.4,22.44,23.69,33.23,67.81,351.44,False
2022-02-21 10:00:00,0.0,100.71,77.63,91.33,22.4,22.19,30.27,70.81,349.64,False
2022-02-21 11:00:00,0.0,94.42,77.44,91.11,22.12,22.95,30.65,74.74,349.87,False
2022-02-21 12:00:00,0.0,88.73,77.31,90.96,23.56,22.62,29.51,75.37,349.18,False
2022-02-21 13:00:00,1.78,86.46,77.11,90.72,22.75,22.68,27.0,81.7,347.66,False
2022-02-21 14:00:00,0.0,81.94,76.81,90.36,22.31,22.66,26.59,85.33,347.41,False
2022-02-21 15:00:00,0.0,77.34,76.52,90.03,23.75,23.35,26.3,88.16,347.23,False
2022-02-21 16:00:00,19.34,107.34,76.65,90.17,23.63,23.69,24.38,89.69,346.07,False
2022-02-21 17:00:00,0.0,100.76,76.64,90.16,23.17,23.02,24.03,93.8,345.86,False
2022-02-21 18:00:00,0.0,94.11,76.51,90.01,23.81,23.53,23.65,91.29,345.63,False
2022-02-21 19:00:00,39.58,159.74,77.45,91.12,22.17,22.21,23.54,91.98,345.57,False
2022-02-21 20:00:00,0.0,149.93,78.35,92.17,21.49,21.48,24.21,92.72,345.97,False
2022-02-21 21:00:00,0.0,140.96,79.03,92.98,21.12,20.36,24.58,87.74,346.2,False
2022-02-21 22:00:00,0.0,131.91,79.68,93.74,20.69,21.24,26.27,85.43,347.22,False
2022-02-21 23:00:00,0.0,123.99,79.87,93.97,20.04,20.25,26.87,81.43,347.59,False
2022-02-22 00:00:00,0.0,117.06,80.26,94.42,19.55,19.61,28.64,80.47,348.66,False
2022-02-22 01:00:00,28.03,160.51,81.32,95.67,18.66,19.19,28.73,73.86,348.71,False
2022-02-22 02:00:00,0.0,150.65,82.19,96.69,17.0,17.78,30.95,73.57,350.05,False
2022-02-22 03:00:00,1.96,145.13,82.86,97.48,17.03,17.32,32.18,67.89,350.8,False
2022-02-22 04:00:00,0.0,136.4,83.36,98.07,15.85,17.26,31.2,64.16,350.21,False
2022-02-22 05:00:00,0.0,128.87,83.93,98.74,15.73,16.66,33.07,65.84,351.34,False
2022-02-22 06:00:00,27.4,170.37,85.0,100.0,14.43,14.54,33.74,63.39,351.74,False
2022-02-22 07:00:00,21.7,198.85,85.0,100.0,15.21,15.01,32.12,65.72,350.77,False
2022-02-22 08:00:00,0.0,186.93,85.0,100.0,14.71,15.51,33.4,60.42,351.54,False
2022-02-22 09:00:00,17.48,207.24,85.0,100.0,15.5,14.57,31.93,68.11,350.65,False
2022-02-22 10:00:00,0.0,194.97,85.0,100.0,14.26,14.9,30.33,70.08,349.68,False
2022-02-22 11:00:00,0.0,183.5,85.0,100.0,14.9,14.88,29.63,72.25,349.26,False
2022-02-22 12:00:00,0.0,173.08,85.0,100.0,15.03,15.2,28.83,76.89,348.77,False
2022-02-22 13:00:00,0.0,162.51,85.0,100.0,15.2,15.32,27.38,80.48,347.89,False
2022-02-22 14:00:00,0.0,152.56,85.0,100.0,15.86,15.46,26.57,84.9,347.4,False
2022-02-22 15:00:00,9.89,160.65,85.0,100.0,14.21,15.03,24.77,85.16,346.31,False
2022-02-22 16:00:00,0.0,151.21,85.0,100.0,14.7,14.58,24.7,90.76,346.27,False
2022-02-22 17:00:00,0.0,141.87,85.0,100.0,15.8,14.86,23.31,94.26,345.42,False
2022-02-22 18:00:00,0.0,133.63,85.0,100.0,14.63,14.58,23.93,92.56,345.8,False
2022-02-22 19:00:00,0.0,125.46,85.0,100.0,15.18,14.73,23.61,93.14,345.61,False
2022-02-22 20:00:00,0.0,118.45,85.0,100.0,14.62,15.28,24.16,92.31,345.94,False
2022-02-22 21:00:00,0.0,110.92,85.0,100.0,14.44,14.43,26.06,90.37,347.09,False
2022-02-22 22:00:00,4.14,112.02,85.0,100.0,14.67,14.78,26.9,88.74,347.6,False
2022-02-22 23:00:00,0.0,105.57,85.0,100.0,15.79,15.36,27.7,80.63,348.09,False
2022-02-23 00:00:00,0.0,99.39,85.0,100.0,14.53,15.27,27.84,76.56,348.17,False
2022-02-23 01:00:00,0.0,93.09,85.0,100.0,14.88,14.68,29.47,75.94,349.16,False
2022-02-23 02:00:00,0.0,87.67,84.73,99.68,15.17,14.91,31.48,72.42,350.38,False
2022-02-23 03:00:00,0.0,82.45,84.31,99.19,16.05,16.32,31.77,69.65,350.55,False
2022-02-23 04:00:00,0.0,76.95,84.0,98.82,16.45,16.15,33.79,69.65,351.78,False
2022-02-23 05:00:00,0.0,72.8,83.65,98.42,16.39,16.02,33.08,64.5,351.35,False
2022-02-23 06:00:00,24.85,113.06,83.8,98.58,14.93,16.19,33.12,64.85,351.37,False
2022-02-23 07:00:00,0.0,106.72,83.83,98.63,15.81,16.6,32.66,62.52,351.09,False
2022-02-23 08:00:00,0.0,100.3,83.89,98.7,15.63,15.75,32.48,70.15,350.98,False
2022-02-23 09:00:00,13.63,119.11,84.37,99.26,16.09,15.26,31.59,67.43,350.44,False
2022-02-23 10:00:00,0.0,111.71,84.53,99.44,15.11,15.56,31.17,70.38,350.19,False
2022-02-23 11:00:00,0.0,105.07,84.64,99.58,16.03,14.82,30.24,73.68,349.62,False
2022-02-23 12:00:00,0.0,98.81,84.5,99.41,15.66,15.23,28.03,76.71,348.29,False
2022-02-23 13:00:00,0.0,92.78,84.39,99.28,16.06,15.44,26.54,80.16,347.38,False
2022-02-23 14:00:00,0.0,86.96,84.19,99.05,16.71,14.75,25.15,83.95,346.54,False
2022-02-23 15:00:00,21.96,120.35,84.67,99.61,14.95,15.36,25.62,85.17,346.83,False
2022-02-23 16:00:00,0.0,112.87,84.86,99.83,14.49,15.39,23.94,88.55,345.81,False
2022-02-23 17:00:00,0.0,106.31,85.0,100.0,15.07,15.78,22.86,95.42,345.15,False
2022-02-23 18:00:00,0.0,99.51,84.96,99.95,15.42,15.28,24.23,93.47,345.99,False
2022-02-23 19:00:00,0.0,93.19,84.88,99.86,14.86,14.71,25.65,93.37,346.84,False
2022-02-23 20:00:00,0.0,87.16,84.86,99.83,15.16,14.96,24.6,92.48,346.21,False
2022-02-23 21:00:00,0.0,82.0,84.73,99.68,15.76,16.02,25.82,91.57,346.95,False
2022-02-23 22:00:00,0.0,76.81,84.52,99.44,15.92,15.66,26.3,81.46,347.24,False
2022-02-23 23:00:00,1.22,74.76,84.16,99.01,15.61,16.26,27.28,79.16,347.83,False
2022-02-24 00:00:00,3.28,76.4,83.78,98.56,16.33,15.99,29.05,76.39,348.91,False
2022-02-24 01:00:00,15.66,100.07,83.83,98.62,15.8,16.09,29.49,73.44,349.17,False
2022-02-24 02:00:00,0.0,94.15,83.79,98.58,15.63,16.18,30.91,70.4,350.03,False
2022-02-24 03:00:00,0.0,88.28,83.66,98.42,16.89,16.71,31.87,67.21,350.62,False
2022-02-24 04:00:00,0.0,82.75,83.34,98.05,15.81,16.49,32.0,66.31,350.69,False
2022-02-24 05:00:00,5.75,88.34,83.11,97.78,16.96,17.13,33.44,64.55,351.57,False
2022-02-24 06:00:00,0.0,83.32,82.81,97.43,17.04,17.19,32.9,62.55,351.23,False
2022-02-24 07:00:00,28.92,130.58,83.43,98.16,16.79,16.08,32.39,60.13,350.93,False
2022-02-24 08:00:00,0.0,122.61,83.93,98.74,15.79,16.07,32.72,63.89,351.13,False
2022-02-24 09:00:00,0.0,115.13,84.47,99.37,15.99,15.98,31.14,67.0,350.17,False
2022-02-24 10:00:00,6.09,118.91,84.84,99.81,15.07,15.16,30.77,70.51,349.94,False
2022-02-24 11:00:00,0.0,112.0,85.0,100.0,15.58,14.87,29.66,72.12,349.27,False
2022-02-24 12:00:00,0.0,104.69,85.0,100.0,15.09,15.57,29.15,77.02,348.97,False
2022-02-24 13:00:00,0.0,97.75,84.98,99.97,14.6,15.18,27.62,79.36,348.04,False
2022-02-24 14:00:00,0.0,91.28,84.98,99.97,15.24,14.47,26.23,84.75,347.2,False
2022-02-24 15:00:00,0.0,85.16,84.82,99.78,15.35,15.07,25.81,85.75,346.94,False
2022-02-24 16:00:00,0.0,80.46,84.41,99.31,15.55,15.7,25.44,88.43,346.71,False
2022-02-24 17:00:00,0.0,75.87,84.03,98.86,15.67,16.06,24.49,88.91,346.14,False
2022-02-24 18:00:00,0.0,70.96,83.45,98.18,16.89,16.75,24.01,91.69,345.85,False
2022-02-24 19:00:00,0.0,66.67,82.97,97.62,16.64,16.96,23.37,89.79,345.46,False
2022-02-24 20:00:00,0.0,63.11,82.33,96.86,17.33,17.59,23.96,91.94,345.82,False
2022-02-24 21:00:00,7.44,72.86,81.85,96.3,18.36,18.15,25.13,88.71,346.53,False
2022-02-24 22:00:00,0.0,69.12,81.22,95.55,18.7,19.1,25.88,84.86,346.99,False
2022-02-24 23:00:00,19.43,99.91,81.3,95.65,17.91,18.43,27.22,80.03,347.8,False
2022-02-25 00:00:00,5.68,103.93,81.49,95.87,18.13,18.48,28.53,78.76,348.59,False
2022-02-25 01:00:00,2.34,101.59,81.49,95.87,18.67,18.61,29.98,75.76,349.47,False
2022-02-25 02:00:00,0.78,96.91,81.45,95.82,18.44,18.33,30.71,71.29,349.91,False
2022-02-25 03:00:00,32.75,150.33,82.28,96.8,17.68,17.91,31.97,71.31,350.68,False
2022-02-25 04:00:00,1.41,143.87,83.02,97.67,17.09,17.12,32.44,66.79,350.96,False
2022-02-25 05:00:00,0.0,135.13,83.56,98.31,16.62,15.61,31.66,66.3,350.49,False
2022-02-25 06:00:00,0.0,127.4,83.96,98.78,16.09,16.05,32.44,64.27,350.96,False
2022-02-25 07:00:00,10.62,139.03,84.75,99.7,13.92,15.82,32.76,65.83,351.15,False
2022-02-25 08:00:00,0.0,130.66,85.0,100.0,14.98,15.6,31.67,64.28,350.49,False
2022-02-25 09:00:00,0.0,122.59,85.0,100.0,14.79,15.27,32.04,67.18,350.72,False
2022-02-25 10:00:00,14.12,140.56,85.0,100.0,15.01,15.51,31.67,71.7,350.49,False
2022-02-25 11:00:00,0.0,132.27,85.0,100.0,15.43,14.94,30.4,75.06,349.72,False
2022-02-25 12:00:00,0.0,124.1,85.0,100.0,14.57,15.23,28.37,79.02,348.49,False
2022-02-25 13:00:00,0.0,116.29,85.0,100.0,15.03,15.07,28.23,83.82,348.41,False
2022-02-25 14:00:00,0.0,109.16,85.0,100.0,15.19,15.27,26.34,82.15,347.26,False
2022-02-25 15:00:00,0.0,102.6,85.0,100.0,14.88,15.74,25.12,85.95,346.52,False
2022-02-25 16:00:00,0.0,96.85,84.92,99.9,14.56,15.48,24.23,90.58,345.99,False
2022-02-25 17:00:00,0.0,90.69,84.7,99.65,14.82,15.16,23.97,90.07,345.83,False
2022-02-25 18:00:00,0.0,85.32,84.42,99.32,15.56,16.21,23.77,98.76,345.7,False
2022-02-25 19:00:00,0.0,80.12,84.04,98.87,15.71,16.06,24.26,92.55,346.0,False
2022-02-25 20:00:00,5.93,85.92,83.75,98.53,15.48,16.51,24.7,89.97,346.27,False
2022-02-25 21:00:00,0.0,81.22,83.47,98.2,16.21,16.43,25.32,86.87,346.64,False
2022-02-25 22:00:00,36.64,142.33,84.19,99.05,15.29,16.1,26.51,84.04,347.37,False
2022-02-25 23:00:00,0.0,133.52,84.82,99.79,15.48,15.34,28.05,81.68,348.3,False
2022-02-26 00:00:00,0.0,125.77,85.0,100.0,14.41,15.45,29.07,78.22,348.92,False
2022-02-26 01:00:00,0.0,118.47,85.0,100.0,15.57,14.8,28.77,73.46,348.74,False
2022-02-26 02:00:00,0.0,111.06,85.0,100.0,15.86,15.38,29.22,70.45,349.01,False
2022-02-26 03:00:00,0.0,104.04,85.0,100.0,14.7,14.02,32.24,70.79,350.84,False
2022-02-26 04:00:00,17.68,129.74,85.0,100.0,14.75,14.75,31.58,68.64,350.44,False
2022-02-26 05:00:00,0.0,121.95,85.0,100.0,15.38,14.46,32.71,64.98,351.12,False
2022-02-26 06:00:00,0.0,114.49,85.0,100.0,15.43,15.13,32.3,61.32,350.87,False
2022-02-26 07:00:00,0.0,107.94,85.0,100.0,14.8,15.38,31.77,65.55,350.55,False
2022-02-26 08:00:00,0.0,101.28,85.0,100.0,14.82,15.0,32.72,68.98,351.13,False
2022-02-26 09:00:00,0.0,95.33,84.98,99.98,14.85,33.0,32.14,70.84,350.78,True
2022-02-26 10:00:00,0.0,89.96,84.99,99.98,14.67,14.71,30.4,72.47,349.72,False
2022-02-26 11:00:00,0.0,84.47,84.78,99.74,15.59,14.66,28.11,77.22,348.33,False
2022-02-26 12:00:00,0.0,78.85,84.61,99.54,15.45,15.68,28.17,78.11,348.37,False
2022-02-26 13:00:00,0.0,74.0,84.15,99.0,15.56,16.31,27.57,82.88,348.01,False
2022-02-26 14:00:00,0.0,69.61,83.62,98.38,16.4,16.42,25.36,83.64,346.67,False
2022-02-26 15:00:00,0.0,65.74,83.06,97.72,16.79,17.67,25.43,88.48,346.71,False
2022-02-26 16:00:00,0.0,61.64,82.45,97.0,18.56,17.76,24.59,92.78,346.2,False
2022-02-26 17:00:00,0.0,58.46,81.75,96.18,18.15,18.4,24.5,90.34,346.15,False
2022-02-26 18:00:00,0.0,54.56,81.07,95.37,19.23,18.76,24.07,90.28,345.89,False
2022-02-26 19:00:00,0.0,51.33,80.27,94.44,19.9,19.2,23.57,91.72,345.58,False
2022-02-26 20:00:00,0.0,48.18,79.39,93.4,20.55,20.5,25.32,89.67,346.64,False
2022-02-26 21:00:00,0.0,45.7,78.48,92.33,21.7,22.15,25.22,89.2,346.59,False
2022-02-26 22:00:00,0.0,42.51,77.64,91.35,22.44,22.43,26.23,84.09,347.2,False
2022-02-26 23:00:00,37.61,107.79,77.83,91.56,23.17,22.02,26.78,85.06,347.53,False
2022-02-27 00:00:00,0.0,101.25,77.74,91.46,22.22,21.9,28.23,75.42,348.41,False
2022-02-27 01:00:00,0.0,95.64,77.82,91.55,21.14,22.4,29.13,76.88,348.96,False
2022-02-27 02:00:00,0.0,89.65,77.7,91.42,23.17,21.85,30.65,69.47,349.87,False
2022-02-27 03:00:00,0.0,84.4,77.52,91.2,22.27,22.62,32.71,64.51,351.12,False
2022-02-27 04:00:00,0.0,79.08,77.27,90.91,22.76,22.54,31.57,66.35,350.43,False
2022-02-27 05:00:00,0.0,74.39,76.95,90.53,22.83,22.94,31.88,63.97,350.62,False
2022-02-27 06:00:00,0.0,69.82,76.4,89.89,23.36,23.85,33.88,61.78,351.83,False
2022-02-27 07:00:00,81.21,211.7,78.21,92.01,21.35,21.41,32.72,61.11,351.13,False
2022-02-27 08:00:00,0.0,198.4,80.06,94.19,19.14,19.94,32.0,65.86,350.69,False
2022-02-27 09:00:00,0.0,186.62,81.48,95.86,18.23,17.91,32.31,70.05,350.88,False
2022-02-27 10:00:00,0.0,175.1,82.79,97.4,17.42,17.17,30.39,72.17,349.71,False
2022-02-27 11:00:00,0.0,164.26,84.01,98.84,15.33,16.18,30.76,74.49,349.94,False
2022-02-27 12:00:00,0.0,153.94,84.9,99.89,15.3,15.41,28.91,78.96,348.82,False
2022-02-27 13:00:00,0.0,144.38,85.0,100.0,15.93,15.45,27.04,81.57,347.69,False
2022-02-27 14:00:00,0.0,135.87,85.0,100.0,15.11,15.26,27.54,82.14,347.99,False
2022-02-27 15:00:00,0.0,127.85,85.0,100.0,14.44,14.84,24.95,85.06,346.42,False
2022-02-27 16:00:00,0.0,120.38,85.0,100.0,15.16,14.28,25.05,89.72,346.48,False
2022-02-27 17:00:00,0.0,112.85,85.0,100.0,15.38,15.4,24.33,91.2,346.05,False
2022-02-27 18:00:00,0.0,106.14,85.0,100.0,15.52,14.79,24.78,93.7,346.32,False
2022-02-27 19:00:00,0.0,99.59,84.99,99.99,15.08,14.43,25.09,93.04,346.5,False
2022-02-27 20:00:00,0.0,93.9,85.0,100.0,15.24,15.75,24.62,91.33,346.22,False
2022-02-27 21:00:00,0.0,88.4,84.81,99.78,15.53,15.17,24.87,87.34,346.37,False
2022-02-27 22:00:00,0.0,82.89,84.59,99.51,15.66,15.61,26.53,82.24,347.37,False
2022-02-27 23:00:00,1.26,80.51,84.21,99.07,15.92,15.88,26.93,82.45,347.62,False
2022-02-28 00:00:00,1.88,79.22,84.05,98.89,15.69,15.94,29.71,79.05,349.3,False
2022-02-28 01:00:00,0.0,74.05,83.67,98.44,16.71,16.17,29.75,69.6,349.33,False
2022-02-28 02:00:00,0.0,69.11,83.21,97.9,16.57,16.55,30.53,69.33,349.8,False
2022-02-28 03:00:00,0.0,64.56,82.72,97.32,18.32,18.17,31.79,66.72,350.57,False
2022-02-28 04:00:00,0.0,61.18,82.06,96.54,17.68,17.35,31.59,66.11,350.44,False
2022-02-28 05:00:00,0.0,57.2,81.47,95.85,18.85,18.35,32.26,62.87,350.85,False
2022-02-28 06:00:00,0.0,54.33,80.62,94.84,18.87,19.03,33.72,63.92,351.73,False
2022-02-28 07:00:00,0.0,50.75,79.77,93.85,20.04,20.43,32.45,64.06,350.97,False
2022-02-28 08:00:00,20.36,84.01,79.47,93.49,20.3,20.37,31.77,65.56,350.55,False
2022-02-28 09:00:00,0.0,79.23,79.0,92.94,20.45,20.8,32.0,66.67,350.69,False
2022-02-28 10:00:00,0.0,74.76,78.56,92.43,21.21,21.69,31.46,69.72,350.37,False
2022-02-28 11:00:00,0.0,70.44,78.09,91.87,22.05,22.68,30.1,72.22,349.54,False
2022-02-28 12:00:00,0.0,66.41,77.47,91.14,22.43,22.2,29.1,78.76,348.93,False
2022-02-28 13:00:00,0.0,62.19,76.77,90.32,23.71,22.61,26.88,82.77,347.59,False
2022-02-28 14:00:00,0.0,58.71,76.11,89.54,23.52,23.91,25.4,83.46,346.69,False
2022-02-28 15:00:00,0.0,55.26,75.39,88.69,24.89,36.95,26.22,90.94,347.19,True
2022-02-28 16:00:00,0.0,51.83,74.59,87.75,25.17,25.33,24.41,89.5,346.09,False
2022-02-28 17:00:00,3.18,54.47,73.76,86.77,26.7,26.5,24.0,94.58,345.85,False
2022-02-28 18:00:00,0.0,51.52,72.94,85.81,27.37,26.84,24.8,90.72,346.33,False
2022-02-28 19:00:00,3.9,55.56,72.18,84.91,28.23,28.78,24.49,87.47,346.14,False
2022-02-28 20:00:00,0.0,51.58,72.04,84.75,27.89,28.2,24.88,90.93,346.38,False
2022-02-28 21:00:00,0.0,48.75,71.81,84.48,28.72,28.0,26.62,88.4,347.43,False
2022-02-28 22:00:00,13.66,70.67,71.98,84.69,27.35,27.72,25.86,85.07,346.97,False
2022-02-28 23:00:00,0.0,66.31,71.98,84.69,28.19,28.12,27.89,80.34,348.2,False
2022-03-01 00:00:00,0.0,62.37,71.91,84.6,28.14,28.36,28.53,77.93,348.59,False
2022-03-01 01:00:00,0.0,58.66,71.93,84.63,28.4,27.54,29.83,73.35,349.37,False
2022-03-01 02:00:00,4.93,63.42,72.05,84.77,27.92,27.95,31.67,70.4,350.49,False
2022-03-01 03:00:00,0.0,59.5,72.01,84.72,27.59,28.28,31.99,69.78,350.68,False
2022-03-01 04:00:00,14.3,81.55,72.37,85.15,27.19,27.76,32.72,66.24,351.13,False
2022-03-01 05:00:00,0.0,76.61,71.98,84.68,28.02,28.27,33.49,65.7,351.6,False
2022-03-01 06:00:00,0.0,71.86,72.26,85.01,27.64,28.34,32.78,63.54,351.17,False
2022-03-01 07:00:00,13.17,91.44,72.13,84.86,28.21,26.63,32.34,63.79,350.9,False
2022-03-01 08:00:00,0.0,85.72,72.52,85.31,27.86,27.57,31.77,63.57,350.55,False
2022-03-01 09:00:00,0.61,81.94,72.32,85.08,27.7,26.74,30.5,67.36,349.78,False
2022-03-01 10:00:00,0.0,77.21,71.91,84.59,28.11,28.08,31.98,64.36,350.68,False
2022-03-01 11:00:00,0.0,72.99,72.13,84.86,28.29,28.39,29.0,73.2,348.88,False
2022-03-01 12:00:00,0.0,69.13,72.2,84.94,27.7,27.75,28.37,77.84,348.49,False
2022-03-01 13:00:00,0.0,65.5,72.35,85.11,27.57,27.28,27.17,82.75,347.76,False
2022-03-01 14:00:00,0.0,61.22,71.79,84.46,27.68,28.54,26.43,84.46,347.32,False
2022-03-01 15:00:00,0.0,57.65,71.65,84.29,28.7,28.41,25.81,88.59,346.94,False
2022-03-01 16:00:00,1.67,56.99,71.48,84.1,28.48,28.59,25.12,85.76,346.52,False
2022-03-01 17:00:00,0.0,54.55,71.42,84.02,29.04,29.45,23.8,91.41,345.72,False
2022-03-01 18:00:00,26.23,98.68,72.22,84.96,27.3,27.18,23.9,88.64,345.78,False
2022-03-01 19:00:00,0.0,93.18,72.84,85.69,26.96,26.9,24.32,89.11,346.04,False
2022-03-01 20:00:00,0.0,87.72,72.65,85.47,27.73,27.5,24.45,89.75,346.12,False
2022-03-01 21:00:00,4.01,88.89,72.42,85.2,27.71,28.07,26.28,90.45,347.23,False
2022-03-01 22:00:00,0.0,83.32,72.07,84.79,27.46,27.55,26.54,85.74,347.39,False
2022-03-01 23:00:00,43.7,156.78,73.74,86.75,26.63,26.1,27.78,81.66,348.13,False
2022-03-02 00:00:00,0.0,147.25,74.63,87.8,24.85,25.34,28.9,77.96,348.81,False
2022-03-02 01:00:00,5.05,147.62,75.4,88.7,24.93,24.54,30.37,72.95,349.7,False
2022-03-02 02:00:00,0.0,138.91,76.05,89.48,23.55,24.23,30.86,69.91,350.0,False
2022-03-02 03:00:00,5.18,139.11,76.74,90.28,23.75,23.24,30.9,68.96,350.03,False
2022-03-02 04:00:00,0.0,130.69,77.42,91.08,22.63,22.84,32.64,63.1,351.08,False
2022-03-02 05:00:00,0.0,122.71,77.83,91.56,22.31,21.69,32.46,65.66,350.97,False
2022-03-02 06:00:00,0.0,115.76,78.04,91.81,21.93,22.02,32.68,63.22,351.11,False
2022-03-02 07:00:00,0.0,108.99,78.12,91.91,21.91,21.89,33.2,66.13,351.42,False
2022-03-02 08:00:00,0.0,102.4,78.12,91.9,21.92,22.22,33.14,67.8,351.38,False
2022-03-02 09:00:00,19.72,131.82,78.78,92.68,21.51,22.23,31.69,64.75,350.51,False
2022-03-02 10:00:00,0.0,123.41,79.23,93.22,20.74,21.15,30.94,69.84,350.05,False
2022-03-02 11:00:00,19.42,151.16,80.09,94.22,20.5,19.63,30.69,72.67,349.9,False
2022-03-02 12:00:00,48.02,228.4,82.02,96.49,17.69,18.23,28.64,74.37,348.66,False
2022-03-02 13:00:00,1.39,216.96,83.93,98.74,16.42,16.05,28.9,79.56,348.81,False
2022-03-02 14:00:00,0.0,204.34,85.0,100.0,15.23,14.86,26.59,89.88,347.41,False
2022-03-02 15:00:00,23.53,234.51,85.0,100.0,15.49,14.79,24.26,89.12,346.0,False
2022-03-02 16:00:00,0.0,220.24,85.0,100.0,15.05,14.77,25.05,93.96,346.48,False
2022-03-02 17:00:00,0.0,206.85,85.0,100.0,15.13,14.54,24.38,93.18,346.08,False
2022-03-02 18:00:00,0.0,194.55,85.0,100.0,15.13,14.48,24.77,90.52,346.31,False
2022-03-02 19:00:00,0.0,182.96,85.0,100.0,14.51,15.26,24.56,90.76,346.18,False
2022-03-02 20:00:00,0.0,171.99,85.0,100.0,15.16,14.86,24.52,91.3,346.16,False
2022-03-02 21:00:00,0.0,161.31,85.0,100.0,16.31,15.07,24.58,88.77,346.2,False
2022-03-02 22:00:00,59.44,258.31,85.0,100.0,15.64,14.65,26.12,83.85,347.13,False
2022-03-02 23:00:00,0.0,242.59,85.0,100.0,14.69,15.23,26.83,78.6,347.56,False
2022-03-03 00:00:00,0.0,227.98,85.0,100.0,14.28,14.72,28.15,84.58,348.36,False
2022-03-03 01:00:00,0.0,214.28,85.0,100.0,15.02,14.46,30.02,74.09,349.49,False
2022-03-03 02:00:00,0.0,201.38,85.0,100.0,15.43,15.63,31.75,70.35,350.54,False
2022-03-03 03:00:00,3.17,194.97,85.0,100.0,14.98,15.08,31.92,68.33,350.64,False
2022-03-03 04:00:00,0.0,183.84,85.0,100.0,15.76,14.88,31.68,65.39,350.5,False
2022-03-03 05:00:00,3.94,180.16,85.0,100.0,14.69,14.92,33.11,64.72,351.37,False
2022-03-03 06:00:00,0.0,169.71,85.0,100.0,15.09,14.86,33.72,66.57,351.73,False
2022-03-03 07:00:00,13.12,183.28,85.0,100.0,14.96,15.2,32.48,64.23,350.98,False
2022-03-03 08:00:00,0.0,172.31,85.0,100.0,15.29,14.38,32.32,63.55,350.88,False
2022-03-03 09:00:00,0.0,162.09,85.0,100.0,15.32,14.28,31.69,67.78,350.5,False
2022-03-03 10:00:00,0.0,152.43,85.0,100.0,15.48,15.05,30.28,70.07,349.65,False
2022-03-03 11:00:00,19.76,179.11,85.0,100.0,14.95,14.3,30.05,77.22,349.51,False
2022-03-03 12:00:00,0.0,168.07,85.0,100.0,15.5,14.24,28.43,80.34,348.53,False
2022-03-03 13:00:00,0.0,158.2,85.0,100.0,15.14,15.36,27.59,81.84,348.02,False
2022-03-03 14:00:00,0.0,148.76,85.0,100.0,15.54,15.07,25.72,82.44,346.88,False
2022-03-03 15:00:00,0.0,139.29,85.0,100.0,15.6,15.07,25.06,85.45,346.48,False
2022-03-03 16:00:00,3.66,137.54,85.0,100.0,15.01,14.55,25.04,90.15,346.47,False
2022-03-03 17:00:00,0.0,128.9,85.0,100.0,14.73,15.56,23.93,92.2,345.8,False
2022-03-03 18:00:00,0.0,121.0,85.0,100.0,15.08,15.4,25.04,91.25,346.47,False
2022-03-03 19:00:00,0.0,113.7,85.0,100.0,15.4,14.46,23.91,90.56,345.79,False
2022-03-03 20:00:00,0.0,106.42,84.99,99.99,14.4,14.96,24.74,88.94,346.29,False
2022-03-03 21:00:00,0.0,100.02,84.85,99.82,14.95,14.99,25.88,87.85,346.98,False
2022-03-03 22:00:00,0.0,94.04,84.76,99.72,15.52,15.22,25.4,80.23,346.69,False
2022-03-03 23:00:00,0.0,88.62,84.7,99.65,14.26,15.73,26.28,79.42,347.22,False
2022-03-04 00:00:00,0.0,83.17,84.55,99.47,15.04,15.3,27.58,76.75,348.02,False
2022-03-04 01:00:00,0.86,79.82,84.25,99.12,15.5,16.14,30.42,76.79,349.74,False
2022-03-04 02:00:00,0.0,75.0,83.8,98.59,16.17,15.51,30.42,69.37,349.73,False
2022-03-04 03:00:00,0.0,70.38,83.3,98.0,16.57,16.45,33.22,68.46,351.43,False
2022-03-04 04:00:00,0.0,65.65,82.77,97.38,17.11,17.07,32.06,66.33,350.73,False
2022-03-04 05:00:00,6.75,73.83,82.45,97.0,17.02,17.33,32.96,67.07,351.27,False
2022-03-04 06:00:00,0.0,69.62,82.01,96.49,18.69,18.0,33.93,66.53,351.86,False
2022-03-04 07:00:00,0.0,65.17,81.54,95.93,18.22,18.52,34.05,64.36,351.93,False
2022-03-04 08:00:00,0.0,61.19,80.97,95.26,18.27,19.12,33.63,64.92,351.68,False
2022-03-04 09:00:00,43.07,135.03,81.66,96.07,18.8,18.7,32.41,66.77,350.94,False
2022-03-04 10:00:00,0.0,127.26,81.96,96.42,17.73,18.34,31.36,70.52,350.31,False
2022-03-04 11:00:00,0.0,119.63,82.24,96.75,17.28,17.16,30.02,73.51,349.49,False
2022-03-04 12:00:00,0.55,113.54,82.4,96.94,17.87,17.66,28.97,79.11,348.85,False
2022-03-04 13:00:00,0.0,106.72,82.44,96.99,17.35,17.31,27.0,82.46,347.66,False
2022-03-04 14:00:00,0.0,100.17,82.47,97.03,17.59,17.85,25.76,86.18,346.91,False
2022-03-04 15:00:00,0.0,93.82,82.28,96.8,17.46,18.24,25.32,90.42,346.64,False
2022-03-04 16:00:00,0.0,88.11,82.04,96.51,17.78,18.3,24.5,93.85,346.15,False
2022-03-04 17:00:00,0.0,82.94,81.77,96.2,17.83,18.99,23.88,91.77,345.77,False
2022-03-04 18:00:00,0.08,78.14,81.3,95.65,18.21,19.0,24.42,94.2,346.1,False
2022-03-04 19:00:00,0.0,73.9,80.86,95.13,20.53,19.54,24.73,90.82,346.28,False
2022-03-04 20:00:00,0.0,69.75,80.43,94.62,19.24,19.25,24.66,92.49,346.24,False
2022-03-04 21:00:00,14.9,92.76,80.24,94.4,19.18,19.75,26.2,90.02,347.18,False
2022-03-04 22:00:00,0.0,86.59,80.1,94.24,20.35,20.17,25.56,87.02,346.79,False
2022-03-04 23:00:00,0.0,81.86,79.76,93.84,20.34,20.35,27.22,81.81,347.79,False
2022-03-05 00:00:00,0.0,77.03,79.43,93.45,20.58,20.2,28.07,76.66,348.31,False
2022-03-05 01:00:00,0.0,72.53,78.91,92.84,20.89,20.72,28.54,71.59,348.6,False
2022-03-05 02:00:00,0.0,68.45,78.45,92.29,21.39,20.83,30.7,70.92,349.9,False
2022-03-05 03:00:00,0.0,64.35,77.86,91.6,22.02,22.29,31.61,71.17,350.46,False
2022-03-05 04:00:00,0.0,60.17,77.26,90.89,23.2,22.33,33.31,65.26,351.48,False
2022-03-05 05:00:00,0.0,56.99,76.52,90.03,23.38,23.75,33.23,66.05,351.43,False
2022-03-05 06:00:00,0.0,53.34,75.82,89.2,24.64,24.47,32.39,65.69,350.93,False
2022-03-05 07:00:00,0.0,49.85,75.07,88.32,24.9,25.01,33.96,63.91,351.88,False
2022-03-05 08:00:00,9.42,63.75,74.51,87.65,25.41,25.65,33.13,68.51,351.38,False
2022-03-05 09:00:00,18.14,92.46,74.37,87.49,25.22,26.04,32.03,62.28,350.71,False
2022-03-05 10:00:00,21.06,124.81,74.79,87.99,26.07,25.67,30.61,68.55,349.85,False
2022-03-05 11:00:00,0.0,117.3,75.0,88.24,25.0,24.1,29.09,72.55,348.93,False
2022-03-05 12:00:00,0.0,110.66,75.22,88.5,24.77,25.06,28.28,76.36,348.44,False
2022-03-05 13:00:00,0.0,104.16,75.37,88.67,25.37,24.82,27.99,82.3,348.26,False
2022-03-05 14:00:00,0.0,97.65,75.48,88.8,24.68,24.63,27.38,85.58,347.89,False
2022-03-05 15:00:00,30.0,145.57,76.37,89.85,23.84,23.81,26.24,88.69,347.2,False
2022-03-05 16:00:00,0.0,136.72,76.94,90.51,23.09,22.94,24.31,91.32,346.03,False
2022-03-05 17:00:00,0.0,128.41,77.45,91.12,22.24,21.59,23.48,89.62,345.53,False
2022-03-05 18:00:00,0.0,120.55,77.81,91.54,22.68,21.95,24.08,89.56,345.9,False
2022-03-05 19:00:00,0.0,112.98,78.15,91.94,21.28,21.12,23.09,92.32,345.29,False
2022-03-05 20:00:00,0.0,106.29,78.23,92.03,21.38,21.11,24.8,88.86,346.33,False
2022-03-05 21:00:00,0.0,99.78,78.32,92.14,21.37,22.11,25.23,84.76,346.59,False
2022-03-05 22:00:00,0.0,93.51,78.16,91.95,21.94,21.62,25.97,86.94,347.04,False
2022-03-05 23:00:00,0.0,88.04,77.98,91.74,22.02,22.13,26.38,84.41,347.29,False
2022-03-06 00:00:00,0.0,83.01,77.65,91.35,21.6,22.35,28.81,81.11,348.76,False
2022-03-06 01:00:00,0.0,77.96,77.15,90.77,23.77,23.38,29.35,74.75,349.08,False
2022-03-06 02:00:00,0.0,73.81,76.67,90.2,23.63,23.36,30.05,72.25,349.51,False
2022-03-06 03:00:00,0.0,70.05,76.18,89.62,23.63,23.58,29.96,70.84,349.45,False
2022-03-06 04:00:00,0.0,66.0,75.75,89.12,24.42,24.84,32.38,64.59,350.92,False
2022-03-06 05:00:00,0.0,61.9,75.06,88.3,25.12,24.74,33.91,66.7,351.85,False
2022-03-06 06:00:00,0.0,58.26,74.34,87.46,25.53,25.83,34.0,64.55,351.9,False
2022-03-06 07:00:00,8.95,70.51,73.76,86.77,46.4,26.44,32.57,66.3,351.04,True
2022-03-06 08:00:00,0.0,66.02,73.31,86.25,26.85,26.19,32.04,66.25,350.71,False
2022-03-06 09:00:00,0.0,61.55,72.66,85.48,27.78,27.71,31.96,70.69,350.67,False
2022-03-06 10:00:00,0.0,57.67,71.95,84.65,28.07,28.59,30.15,71.45,349.57,False
2022-03-06 11:00:00,26.73,101.95,72.63,85.44,27.5,26.92,29.85,71.41,349.39,False
2022-03-06 12:00:00,0.0,96.02,72.43,85.21,27.49,27.58,28.96,80.9,348.85,False
2022-03-06 13:00:00,0.0,90.04,72.17,84.91,27.65,28.36,28.07,79.73,348.31,False
2022-03-06 14:00:00,0.0,84.72,72.51,85.3,27.18,26.84,26.19,87.51,347.17,False
2022-03-06 15:00:00,9.93,97.74,72.55,85.35,27.13,27.7,25.2,87.72,346.57,False
2022-03-06 16:00:00,0.0,92.23,72.24,84.99,27.57,27.26,24.08,92.48,345.89,False
2022-03-06 17:00:00,12.26,108.65,73.1,86.0,26.81,26.77,23.66,93.79,345.64,False
2022-03-06 18:00:00,0.0,102.22,73.19,86.11,27.21,26.73,23.86,92.86,345.76,False
2022-03-06 19:00:00,0.0,96.19,73.01,85.89,26.84,26.52,24.37,92.54,346.07,False
2022-03-06 20:00:00,0.0,90.8,72.86,85.71,27.01,26.78,25.15,90.97,346.54,False
2022-03-06 21:00:00,39.52,156.72,73.92,86.97,25.96,26.05,24.84,83.87,346.35,False
2022-03-06 22:00:00,0.0,147.71,74.66,87.83,25.32,25.89,27.15,85.24,347.75,False
2022-03-06 23:00:00,13.85,163.28,75.69,89.05,24.98,24.5,27.17,79.39,347.77,False
2022-03-07 00:00:00,41.48,227.94,78.07,91.85,21.77,21.27,28.49,78.34,348.56,False
2022-03-07 01:00:00,0.0,214.57,80.04,94.16,20.19,20.15,29.22,72.09,349.01,False
2022-03-07 02:00:00,0.0,201.87,81.74,96.17,18.4,18.28,29.3,68.63,349.05,False
2022-03-07 03:00:00,0.0,189.72,83.22,97.91,16.8,16.52,32.21,71.31,350.82,False
2022-03-07 04:00:00,0.0,178.2,84.58,99.51,15.03,15.24,32.84,68.01,351.2,False
2022-03-07 05:00:00,0.0,167.74,85.0,100.0,15.21,15.2,32.68,64.47,351.1,False
2022-03-07 06:00:00,8.76,172.86,85.0,100.0,14.23,14.37,33.04,64.37,351.32,False
2022-03-07 07:00:00,0.0,162.73,85.0,100.0,14.59,14.74,33.16,63.98,351.39,False
2022-03-07 08:00:00,2.12,156.81,85.0,100.0,14.78,14.54,31.46,67.02,350.36,False
2022-03-07 09:00:00,0.0,147.26,85.0,100.0,14.91,14.68,31.36,66.75,350.31,False
2022-03-07 10:00:00,0.0,138.57,85.0,100.0,15.03,15.13,31.23,72.99,350.22,False
2022-03-07 11:00:00,6.94,142.64,85.0,100.0,15.56,15.02,28.91,73.87,348.82,False
2022-03-07 12:00:00,0.0,134.09,85.0,100.0,15.25,15.27,28.68,77.16,348.68,False
2022-03-07 13:00:00,1.79,129.25,85.0,100.0,15.07,14.1,26.52,81.67,347.37,False
2022-03-07 14:00:00,14.34,147.53,85.0,100.0,14.87,14.89,26.53,83.82,347.38,False
2022-03-07 15:00:00,15.76,167.08,85.0,100.0,14.87,14.96,25.3,88.56,346.63,False
2022-03-07 16:00:00,25.03,201.54,85.0,100.0,14.55,14.34,23.63,89.05,345.62,False
2022-03-07 17:00:00,0.0,189.03,85.0,100.0,14.16,14.72,24.85,92.46,346.36,False
2022-03-07 18:00:00,0.0,177.36,85.0,100.0,14.49,14.99,23.56,94.43,345.58,False
2022-03-07 19:00:00,2.13,170.69,85.0,100.0,15.47,15.13,23.67,90.08,345.64,False
2022-03-07 20:00:00,0.0,160.62,85.0,100.0,14.72,15.14,24.72,89.86,346.28,False
2022-03-07 21:00:00,0.0,151.48,85.0,100.0,14.79,14.21,26.01,88.82,347.06,False
2022-03-07 22:00:00,0.0,142.09,85.0,100.0,15.41,14.75,25.64,84.13,346.84,False
2022-03-07 23:00:00,0.0,133.95,85.0,100.0,13.94,14.39,27.37,82.55,347.89,False
2022-03-08 00:00:00,0.0,125.34,85.0,100.0,14.77,15.0,28.76,79.11,348.73,False
2022-03-08 01:00:00,0.0,117.82,85.0,100.0,14.56,14.83,30.08,76.54,349.53,False
2022-03-08 02:00:00,0.0,110.83,85.0,100.0,15.12,14.75,30.86,69.79,350.0,False
2022-03-08 03:00:00,0.0,104.25,85.0,100.0,15.22,16.27,31.46,66.21,350.37,False
2022-03-08 04:00:00,4.24,105.54,85.0,100.0,15.23,14.58,31.9,65.26,350.63,False
2022-03-08 05:00:00,0.0,99.24,85.0,100.0,15.6,14.99,32.9,62.54,351.24,False
2022-03-08 06:00:00,0.0,92.92,84.93,99.92,15.29,15.26,32.36,65.13,350.91,False
2022-03-08 07:00:00,38.97,157.75,85.0,100.0,15.1,15.14,31.09,62.15,350.14,False
2022-03-08 08:00:00,0.0,148.36,85.0,100.0,15.97,15.23,32.66,70.54,351.09,False
2022-03-08 09:00:00,0.0,139.57,85.0,100.0,14.15,15.14,32.22,70.69,350.83,False
2022-03-08 10:00:00,20.13,167.35,85.0,100.0,15.88,14.87,29.33,71.03,349.08,False
2022-03-08 11:00:00,0.0,157.21,85.0,100.0,15.7,15.0,29.06,76.11,348.91,False
2022-03-08 12:00:00,0.0,147.94,85.0,100.0,14.94,14.74,28.87,74.73,348.8,False
2022-03-08 13:00:00,38.5,208.83,85.0,100.0,14.72,14.7,28.57,86.67,348.61,False
2022-03-08 14:00:00,0.0,195.89,85.0,100.0,14.74,14.47,26.26,83.82,347.22,False
2022-03-08 15:00:00,0.0,183.7,85.0,100.0,14.88,15.32,24.88,87.66,346.38,False
2022-03-08 16:00:00,0.0,172.76,85.0,100.0,15.48,15.44,24.49,86.41,346.14,False
2022-03-08 17:00:00,0.0,162.29,85.0,100.0,14.01,14.77,24.98,92.5,346.44,False
2022-03-08 18:00:00,0.0,152.59,85.0,100.0,15.8,14.97,23.61,89.79,345.61,False
2022-03-08 19:00:00,0.0,143.43,85.0,100.0,15.0,15.64,23.67,91.73,345.65,False
2022-03-08 20:00:00,0.0,135.01,85.0,100.0,15.47,15.45,24.31,89.04,346.03,False
2022-03-08 21:00:00,0.0,126.82,85.0,100.0,14.51,15.36,24.75,85.74,346.3,False
2022-03-08 22:00:00,6.12,129.87,85.0,100.0,15.29,15.11,26.32,83.39,347.25,False
2022-03-08 23:00:00,0.0,121.84,85.0,100.0,15.15,14.75,28.31,82.08,348.46,False
2022-03-09 00:00:00,1.59,117.34,85.0,100.0,15.23,14.79,28.69,75.44,348.69,False
2022-03-09 01:00:00,0.0,109.92,85.0,100.0,14.72,15.09,29.51,72.88,349.19,False
2022-03-09 02:00:00,13.04,126.79,85.0,100.0,14.85,15.18,30.57,72.33,349.83,False
2022-03-09 03:00:00,0.0,119.2,85.0,100.0,14.51,14.61,30.74,73.31,349.93,False
2022-03-09 04:00:00,0.0,111.94,85.0,100.0,15.31,15.5,32.93,66.83,351.25,False
2022-03-09 05:00:00,17.38,136.57,85.0,100.0,15.54,15.56,32.8,62.64,351.18,False
2022-03-09 06:00:00,0.0,127.89,85.0,100.0,15.11,15.32,32.89,63.27,351.23,False
2022-03-09 07:00:00,0.0,119.93,85.0,100.0,13.93,15.6,34.76,64.54,352.37,False
2022-03-09 08:00:00,0.0,112.39,85.0,100.0,15.54,15.26,32.58,65.18,351.04,False
2022-03-09 09:00:00,6.36,117.36,85.0,100.0,15.05,15.11,31.23,69.91,350.23,False
2022-03-09 10:00:00,0.0,111.01,85.0,100.0,13.94,15.02,30.49,71.43,349.78,False
2022-03-09 11:00:00,0.0,104.09,85.0,100.0,14.32,14.87,30.35,76.19,349.69,False
2022-03-09 12:00:00,0.0,97.77,84.99,99.99,14.58,15.0,28.57,77.37,348.61,False
2022-03-09 13:00:00,0.0,91.7,84.79,99.75,15.21,14.79,26.47,84.27,347.34,False
2022-03-09 14:00:00,0.0,86.26,84.53,99.45,15.06,15.44,26.8,84.67,347.54,False
2022-03-09 15:00:00,0.0,80.9,84.29,99.17,15.35,15.24,24.92,85.96,346.4,False
2022-03-09 16:00:00,0.0,76.13,83.89,98.69,16.48,15.79,25.73,94.48,346.89,False
2022-03-09 17:00:00,1.78,74.97,83.41,98.13,17.06,17.08,24.8,87.87,346.33,False
2022-03-09 18:00:00,0.0,70.11,82.95,97.58,17.43,17.53,23.73,90.52,345.68,False
2022-03-09 19:00:00,5.7,76.25,82.51,97.08,16.83,17.15,24.92,90.27,346.4,False
2022-03-09 20:00:00,0.0,71.14,82.1,96.59,18.28,18.25,24.64,95.14,346.23,False
2022-03-09 21:00:00,0.0,66.79,81.6,96.0,18.21,18.16,25.83,91.51,346.95,False
2022-03-09 22:00:00,0.0,62.69,80.91,95.19,19.87,18.82,26.54,87.99,347.38,False
2022-03-09 23:00:00,0.16,59.14,80.4,94.59,19.7,20.16,26.83,80.96,347.56,False
2022-03-10 00:00:00,0.0,55.5,79.68,93.74,20.81,19.89,28.11,82.85,348.34,False
2022-03-10 01:00:00,0.0,52.02,78.69,92.58,21.53,20.59,30.28,75.11,349.65,False
2022-03-10 02:00:00,0.0,48.82,77.89,91.64,22.28,21.84,30.55,72.95,349.81,False
2022-03-10 03:00:00,0.0,45.96,76.81,90.37,23.04,22.95,31.44,68.46,350.35,False
2022-03-10 04:00:00,28.74,95.02,76.84,90.4,23.64,23.01,31.82,65.78,350.59,False
2022-03-10 05:00:00,0.0,89.35,76.69,90.23,23.68,22.62,33.1,63.97,351.36,False
2022-03-10 06:00:00,0.0,83.82,76.44,89.93,23.43,23.7,34.24,63.58,352.05,False
2022-03-10 07:00:00,0.0,79.11,76.11,89.54,23.71,24.65,32.21,65.69,350.82,False
2022-03-10 08:00:00,0.0,74.82,75.76,89.13,23.96,24.36,32.41,66.61,350.94,False
2022-03-10 09:00:00,0.0,69.95,75.24,88.52,25.09,24.67,32.53,68.04,351.01,False
2022-03-10 10:00:00,0.0,65.8,74.69,87.87,25.41,25.58,30.7,74.02,349.91,False
2022-03-10 11:00:00,0.0,61.71,74.08,87.15,26.04,25.95,29.94,68.44,349.44,False
2022-03-10 12:00:00,16.29,87.61,73.66,86.66,26.19,26.36,27.86,79.02,348.18,False
2022-03-10 13:00:00,0.0,82.35,73.43,86.39,27.15,26.53,27.59,83.06,348.02,False
2022-03-10 14:00:00,0.0,77.42,73.14,86.05,26.27,26.95,26.14,87.29,347.14,False
2022-03-10 15:00:00,0.0,72.93,72.74,85.58,27.57,27.09,25.91,87.77,347.0,False
2022-03-10 16:00:00,0.0,68.46,72.27,85.02,28.12,27.08,25.32,90.54,346.64,False
2022-03-10 17:00:00,0.0,64.86,71.83,84.51,28.04,28.91,25.71,93.49,346.88,False
2022-03-10 18:00:00,23.56,103.52,72.55,85.35,26.87,27.67,24.35,94.98,346.05,False
2022-03-10 19:00:00,0.0,97.59,72.52,85.32,27.63,27.19,24.35,90.92,346.06,False
2022-03-10 20:00:00,0.0,91.67,72.35,85.12,28.13,27.79,24.72,90.66,346.28,False
2022-03-10 21:00:00,2.01,89.75,72.05,84.76,28.66,27.5,25.11,91.26,346.51,False
2022-03-10 22:00:00,0.0,84.61,72.49,85.28,27.77,27.66,26.45,80.75,347.33,False
2022-03-10 23:00:00,0.0,79.75,72.13,84.86,27.63,28.17,27.16,80.24,347.76,False
2022-03-11 00:00:00,0.0,74.59,72.21,84.95,28.07,28.2,28.6,80.93,348.63,False
2022-03-11 01:00:00,11.76,91.33,72.72,85.55,27.48,27.51,30.46,76.56,349.76,False
2022-03-11 02:00:00,0.0,85.99,72.5,85.29,27.63,27.43,30.15,72.04,349.57,False
2022-03-11 03:00:00,0.0,80.79,72.18,84.92,27.47,28.23,32.37,67.2,350.91,False
2022-03-11 04:00:00,26.34,123.48,73.24,86.17,27.0,26.54,33.19,64.11,351.41,False
2022-03-11 05:00:00,0.0,116.04,73.4,86.36,26.78,26.72,32.78,63.29,351.16,False
2022-03-11 06:00:00,0.0,108.41,73.64,86.64,27.33,26.06,31.73,67.1,350.53,False
2022-03-11 07:00:00,33.56,161.92,74.73,87.92,25.31,25.36,32.48,63.22,350.98,False
2022-03-11 08:00:00,0.0,152.5,75.72,89.09,24.95,24.87,33.18,66.08,351.4,False
2022-03-11 09:00:00,0.0,143.27,76.42,89.91,24.14,23.89,31.67,66.59,350.49,False
2022-03-11 10:00:00,0.0,134.73,77.05,90.65,22.97,23.31,30.15,72.69,349.57,False
2022-03-11 11:00:00,50.01,216.67,78.87,92.79,21.63,21.58,29.36,73.3,349.09,False
2022-03-11 12:00:00,0.0,203.42,80.55,94.76,19.14,19.43,29.0,77.8,348.88,False
2022-03-11 13:00:00,0.0,191.08,81.97,96.44,17.95,17.68,27.66,78.26,348.06,False
2022-03-11 14:00:00,0.0,179.71,83.34,98.05,16.44,15.92,26.11,81.77,347.12,False
2022-03-11 15:00:00,0.0,169.06,84.43,99.32,15.51,15.14,25.1,87.91,346.51,False
2022-03-11 16:00:00,6.82,171.84,85.0,100.0,14.2,15.05,24.37,87.47,346.07,False
2022-03-11 17:00:00,0.0,161.39,85.0,100.0,15.72,14.19,23.6,95.73,345.6,False
2022-03-11 18:00:00,0.0,152.2,85.0,100.0,14.88,15.07,24.97,87.88,346.43,False
2022-03-11 19:00:00,0.0,142.81,85.0,100.0,15.31,15.2,23.96,89.92,345.82,False
2022-03-11 20:00:00,0.0,134.39,85.0,100.0,15.1,14.37,25.33,90.16,346.65,False
2022-03-11 21:00:00,26.89,174.78,85.0,100.0,14.89,15.35,26.23,87.17,347.2,False
2022-03-11 22:00:00,0.0,164.25,85.0,100.0,14.49,14.83,26.85,82.79,347.57,False
2022-03-11 23:00:00,26.0,201.19,85.0,100.0,14.63,14.35,27.08,79.71,347.71,False
2022-03-12 00:00:00,0.0,188.94,85.0,100.0,14.91,14.32,28.74,76.02,348.72,False
2022-03-12 01:00:00,16.3,207.21,85.0,100.0,14.81,14.98,29.65,73.8,349.27,False
2022-03-12 02:00:00,39.37,265.38,85.0,100.0,14.61,15.03,30.21,74.9,349.61,False
2022-03-12 03:00:00,0.0,249.55,85.0,100.0,14.73,14.99,31.88,68.26,350.62,False
2022-03-12 04:00:00,0.0,234.81,85.0,100.0,15.18,15.41,31.69,68.24,350.5,False
2022-03-12 05:00:00,0.0,221.13,85.0,100.0,15.35,15.02,33.56,65.49,351.64,False
2022-03-12 06:00:00,0.0,208.16,85.0,100.0,14.53,14.77,32.72,66.23,351.13,False
2022-03-12 07:00:00,0.0,195.84,85.0,100.0,14.65,14.87,32.97,58.88,351.28,False
2022-03-12 08:00:00,0.0,183.9,85.0,100.0,15.09,15.43,32.57,65.27,351.04,False
2022-03-12 09:00:00,0.0,172.63,85.0,100.0,14.93,14.55,31.53,70.71,350.41,False
2022-03-12 10:00:00,0.0,161.93,85.0,100.0,14.85,15.06,31.1,69.86,350.15,False
2022-03-12 11:00:00,0.0,151.84,85.0,100.0,15.37,15.08,29.38,77.9,349.1,False
2022-03-12 12:00:00,0.0,142.73,85.0,100.0,15.07,15.41,29.02,80.97,348.89,False
2022-03-12 13:00:00,0.0,133.95,85.0,100.0,14.35,15.04,26.53,80.69,347.38,False
2022-03-12 14:00:00,0.0,126.27,85.0,100.0,14.68,14.62,26.33,83.99,347.25,False
2022-03-12 15:00:00,0.0,118.52,85.0,100.0,14.34,15.08,26.48,85.87,347.35,False
2022-03-12 16:00:00,0.0,111.44,85.0,100.0,14.93,15.29,24.0,88.87,345.85,False
2022-03-12 17:00:00,0.0,104.67,85.0,100.0,14.47,15.06,23.75,89.06,345.69,False
2022-03-12 18:00:00,0.0,97.97,84.98,99.98,14.32,15.46,24.31,92.86,346.03,False
2022-03-12 19:00:00,0.0,92.42,84.97,99.96,14.21,14.51,24.26,88.61,346.0,False
2022-03-12 20:00:00,12.0,108.68,85.0,100.0,15.79,14.94,24.81,91.33,346.34,False
2022-03-12 21:00:00,0.0,102.4,85.0,100.0,14.45,15.0,25.61,89.16,346.82,False
2022-03-12 22:00:00,0.0,96.44,85.0,100.0,14.87,15.31,26.63,81.68,347.44,False
2022-03-12 23:00:00,26.97,138.98,85.0,100.0,15.02,15.36,28.0,84.72,348.27,False
2022-03-13 00:00:00,0.0,130.42,85.0,100.0,15.05,15.01,28.75,79.03,348.72,False
2022-03-13 01:00:00,0.0,122.73,85.0,100.0,15.25,14.86,29.52,75.88,349.19,False
2022-03-13 02:00:00,0.0,115.83,85.0,100.0,14.98,15.08,31.15,69.48,350.18,False
2022-03-13 03:00:00,0.0,108.99,85.0,100.0,14.82,14.54,32.82,69.35,351.19,False
2022-03-13 04:00:00,0.0,102.75,85.0,100.0,15.09,14.8,32.32,68.13,350.88,False
2022-03-13 05:00:00,0.0,96.42,84.82,99.79,15.26,15.41,32.26,64.28,350.85,False
2022-03-13 06:00:00,16.91,121.41,85.0,100.0,15.02,15.14,33.66,68.0,351.7,False
2022-03-13 07:00:00,0.0,114.0,85.0,100.0,15.26,14.74,32.77,64.57,351.16,False
2022-03-13 08:00:00,0.0,107.23,85.0,100.0,14.75,14.69,31.09,68.16,350.14,False
2022-03-13 09:00:00,0.93,102.36,85.0,100.0,14.92,14.68,32.19,68.69,350.81,False
2022-03-13 10:00:00,0.0,96.48,84.87,99.85,14.6,14.84,30.43,72.17,349.74,False
2022-03-13 11:00:00,0.0,90.96,84.8,99.77,15.1,15.26,29.61,71.03,349.24,False
2022-03-13 12:00:00,0.0,85.06,84.58,99.5,15.17,15.9,28.7,78.74,348.69,False
2022-03-13 13:00:00,0.0,80.36,84.26,99.12,16.17,16.27,27.45,80.15,347.93,False
2022-03-13 14:00:00,0.0,76.25,83.79,98.58,15.62,15.84,26.68,83.31,347.47,False
2022-03-13 15:00:00,0.0,71.57,83.36,98.07,16.45,16.77,25.06,91.39,346.48,False
2022-03-13 16:00:00,16.23,96.44,83.25,97.94,16.54,16.86,24.91,89.7,346.4,False
2022-03-13 17:00:00,0.0,91.03,83.08,97.74,17.19,17.01,24.0,89.52,345.84,False
2022-03-13 18:00:00,0.0,85.59,82.85,97.47,16.64,16.76,24.44,91.28,346.11,False
2022-03-13 19:00:00,0.0,80.45,82.52,97.08,17.48,17.18,24.52,88.92,346.16,False
2022-03-13 20:00:00,0.0,76.19,82.23,96.75,17.8,17.9,24.04,92.99,345.87,False
2022-03-13 21:00:00,0.0,71.22,81.57,95.97,18.8,30.27,25.97,86.51,347.04,True
2022-03-13 22:00:00,6.83,79.01,81.24,95.57,18.42,18.8,25.93,86.06,347.01,False
2022-03-13 23:00:00,0.0,74.39,80.81,95.07,18.67,30.79,27.82,84.34,348.16,True
2022-03-14 00:00:00,0.0,69.44,80.32,94.5,19.87,19.48,28.72,77.0,348.7,False
2022-03-14 01:00:00,0.0,65.17,79.73,93.8,19.72,19.74,30.77,75.44,349.95,False
2022-03-14 02:00:00,0.0,61.14,79.19,93.16,20.6,20.92,30.62,68.94,349.85,False
2022-03-14 03:00:00,0.0,57.76,78.49,92.34,21.42,21.37,31.47,72.99,350.37,False
2022-03-14 04:00:00,0.0,54.5,77.77,91.49,22.48,22.34,32.39,67.75,350.93,False
2022-03-14 05:00:00,0.0,50.73,77.05,90.64,22.34,22.81,32.66,64.09,351.09,False
2022-03-14 06:00:00,0.0,47.48,76.2,89.65,23.68,23.89,33.48,62.45,351.59,False
2022-03-14 07:00:00,0.0,44.42,75.2,88.47,24.81,25.52,31.88,64.25,350.62,False
2022-03-14 08:00:00,0.0,41.69,74.22,87.32,25.44,25.57,31.76,65.2,350.55,False
2022-03-14 09:00:00,0.0,38.86,73.22,86.14,26.64,26.98,31.04,72.01,350.11,False
2022-03-14 10:00:00,0.0,36.66,72.06,84.77,28.3,27.68,31.32,68.55,350.28,False
2022-03-14 11:00:00,0.0,34.26,71.57,84.2,28.23,28.38,30.69,74.65,349.9,False
2022-03-14 12:00:00,0.0,32.38,71.11,83.65,28.75,29.08,28.44,77.96,348.53,False
2022-03-14 13:00:00,0.0,30.43,70.77,83.26,29.58,29.34,27.23,81.39,347.8,False
2022-03-14 14:00:00,0.0,28.32,70.28,82.68,29.64,30.0,26.29,84.78,347.23,False
2022-03-14 15:00:00,0.0,27.03,69.74,82.05,30.8,30.64,26.02,87.67,347.07,False
2022-03-14 16:00:00,0.0,25.84,69.3,81.53,30.04,30.96,24.05,91.87,345.87,False
2022-03-14 17:00:00,0.0,24.37,68.76,80.89,31.13,31.61,24.3,92.74,346.02,False
2022-03-14 18:00:00,0.0,22.84,68.2,80.23,32.11,31.89,24.59,92.84,346.2,False
2022-03-14 19:00:00,22.33,61.34,68.19,80.22,31.53,31.52,24.45,85.45,346.12,False
2022-03-14 20:00:00,0.0,57.98,68.05,80.06,31.85,32.27,24.72,90.72,346.28,False
2022-03-14 21:00:00,0.0,54.75,67.99,79.98,32.52,31.86,25.92,84.59,347.01,False
2022-03-14 22:00:00,0.0,51.22,67.98,79.98,31.71,32.29,24.63,86.29,346.22,False
2022-03-14 23:00:00,0.0,47.94,67.9,79.89,32.29,31.59,27.74,84.57,348.11,False
2022-03-15 00:00:00,0.0,45.2,67.71,79.66,32.59,32.15,28.11,76.15,348.33,False
2022-03-15 01:00:00,0.0,42.14,67.36,79.24,32.67,32.37,28.57,73.85,348.61,False
2022-03-15 02:00:00,0.0,39.42,66.89,78.7,33.13,33.27,31.06,69.8,350.12,False
2022-03-15 03:00:00,0.0,36.74,66.44,78.16,33.15,33.33,32.51,70.57,351.0,False
2022-03-15 04:00:00,0.0,34.24,66.03,77.68,34.27,33.97,32.31,66.07,350.88,False
2022-03-15 05:00:00,0.0,31.97,66.08,77.74,33.42,33.86,33.42,67.93,351.55,False
2022-03-15 06:00:00,0.0,30.32,66.23,77.91,33.93,34.18,33.97,64.83,351.88,False
2022-03-15 07:00:00,0.0,27.98,66.13,77.8,33.66,34.05,33.64,64.96,351.68,False
2022-03-15 08:00:00,0.99,28.2,66.15,77.83,33.69,33.96,33.38,66.01,351.53,False
2022-03-15 09:00:00,0.0,26.59,66.09,77.76,33.82,33.91,32.13,69.74,350.77,False
2022-03-15 10:00:00,0.0,25.28,66.16,77.83,34.04,33.54,30.8,67.52,349.96,False
2022-03-15 11:00:00,0.0,23.84,66.16,77.83,34.47,33.49,28.7,74.55,348.69,False
2022-03-15 12:00:00,0.0,22.3,66.02,77.67,34.02,34.09,28.35,77.86,348.48,False
2022-03-15 13:00:00,0.0,20.72,66.0,77.64,33.72,33.44,26.83,83.07,347.56,False
2022-03-15 14:00:00,0.0,19.77,65.75,77.36,33.67,34.23,27.55,84.62,348.0,False
2022-03-15 15:00:00,17.14,49.58,66.0,77.65,34.47,34.04,25.21,85.82,346.58,False
2022-03-15 16:00:00,0.0,46.46,66.26,77.96,33.81,33.17,24.68,90.14,346.25,False
2022-03-15 17:00:00,0.0,43.94,66.4,78.11,33.51,33.58,24.48,89.36,346.14,False
2022-03-15 18:00:00,0.0,41.17,66.07,77.73,33.95,33.93,24.03,88.15,345.86,False
2022-03-15 19:00:00,0.0,38.7,66.27,77.97,34.04,34.56,25.17,92.98,346.55,False
2022-03-15 20:00:00,0.0,36.2,66.4,78.12,33.43,33.6,24.23,91.28,345.98,False
2022-03-15 21:00:00,0.0,34.19,66.02,77.66,33.72,34.34,25.43,88.83,346.71,False
2022-03-15 22:00:00,0.0,31.84,66.05,77.7,33.43,34.13,25.8,87.61,346.94,False
2022-03-15 23:00:00,0.0,29.84,66.0,77.65,33.57,34.1,26.54,80.29,347.39,False
2022-03-16 00:00:00,0.0,27.85,65.96,77.6,33.9,34.37,28.13,75.14,348.35,False
2022-03-16 01:00:00,8.49,41.53,66.12,77.78,34.31,33.31,29.64,74.24,349.26,False
2022-03-16 02:00:00,26.67,87.17,67.08,78.92,32.72,32.88,30.49,70.3,349.78,False
2022-03-16 03:00:00,0.0,81.61,67.49,79.4,32.62,32.62,31.27,66.42,350.25,False
2022-03-16 04:00:00,0.0,76.83,67.63,79.56,32.82,31.99,31.55,65.72,350.42,False
2022-03-16 05:00:00,0.0,71.78,67.8,79.76,32.36,32.18,32.8,63.25,351.17,False
2022-03-16 06:00:00,0.0,68.13,68.01,80.01,32.78,32.03,32.1,60.33,350.75,False
2022-03-16 07:00:00,0.0,63.89,68.16,80.19,31.87,31.77,33.3,63.59,351.48,False
2022-03-16 08:00:00,0.0,60.37,68.11,80.13,31.83,31.53,32.45,63.6,350.96,False
2022-03-16 09:00:00,1.79,60.02,68.29,80.34,31.56,31.41,30.81,68.56,349.97,False
2022-03-16 10:00:00,0.0,56.49,68.15,80.17,32.65,31.73,30.56,69.69,349.82,False
2022-03-16 11:00:00,0.0,52.75,68.01,80.01,32.48,32.15,29.21,76.6,349.0,False
2022-03-16 12:00:00,0.0,49.84,67.74,79.7,31.67,32.29,28.69,81.21,348.69,False
2022-03-16 13:00:00,0.0,46.87,67.56,79.48,33.28,32.52,28.14,82.98,348.35,False
2022-03-16 14:00:00,0.0,44.2,67.52,79.44,32.68,32.39,25.12,81.9,346.53,False
2022-03-16 15:00:00,0.0,41.52,67.36,79.25,32.69,32.3,25.39,90.91,346.68,False
2022-03-16 16:00:00,0.0,39.06,67.08,78.92,33.13,32.8,24.51,93.28,346.15,False
2022-03-16 17:00:00,0.0,36.45,66.64,78.4,32.98,33.03,24.56,91.56,346.18,False
2022-03-16 18:00:00,0.0,34.22,66.19,77.88,33.88,32.59,24.13,94.65,345.92,False
2022-03-16 19:00:00,0.0,32.04,66.38,78.09,33.5,33.62,23.7,90.42,345.66,False
2022-03-16 20:00:00,0.0,29.91,65.94,77.57,33.92,33.96,24.41,86.39,346.09,False
2022-03-16 21:00:00,0.0,28.15,65.97,77.61,34.41,34.52,24.84,86.38,346.35,False
2022-03-16 22:00:00,12.52,49.11,66.36,78.07,33.53,33.91,26.9,88.46,347.6,False
2022-03-16 23:00:00,0.0,46.24,66.22,77.9,33.82,33.97,27.35,78.64,347.87,False
2022-03-17 00:00:00,0.0,43.43,66.61,78.36,33.53,32.99,29.64,78.0,349.26,False
2022-03-17 01:00:00,0.0,40.95,66.17,77.84,34.21,34.24,29.63,74.44,349.25,False
2022-03-17 02:00:00,0.0,38.57,66.39,78.1,34.12,33.67,30.32,69.97,349.68,False
2022-03-17 03:00:00,0.0,36.28,66.04,77.69,33.97,33.82,30.77,67.21,349.95,False
2022-03-17 04:00:00,35.59,98.21,67.19,79.05,32.65,32.49,31.32,66.02,350.28,False
2022-03-17 05:00:00,0.0,92.68,67.84,79.81,32.92,31.9,31.9,63.35,350.63,False
2022-03-17 06:00:00,0.0,86.75,68.26,80.31,30.7,31.63,33.16,61.16,351.4,False
2022-03-17 07:00:00,0.0,81.45,68.73,80.85,31.62,30.86,33.15,64.91,351.39,False
2022-03-17 08:00:00,57.44,180.06,70.7,83.17,29.24,29.32,31.45,68.02,350.36,False
2022-03-17 09:00:00,0.0,168.78,72.53,85.33,27.7,27.4,32.22,69.84,350.82,False
2022-03-17 10:00:00,4.95,167.98,73.71,86.72,26.31,26.56,30.46,69.38,349.76,False
2022-03-17 11:00:00,0.0,157.97,74.84,88.04,25.68,25.1,29.75,71.87,349.33,False
2022-03-17 12:00:00,0.0,148.78,75.73,89.1,24.43,23.54,29.47,77.43,349.16,False
2022-03-17 13:00:00,0.0,140.19,76.39,89.88,23.04,23.48,27.87,84.76,348.19,False
2022-03-17 14:00:00,0.0,131.9,76.93,90.51,22.48,22.62,26.09,86.29,347.11,False
2022-03-17 15:00:00,0.0,123.32,77.32,90.97,22.59,22.44,24.78,89.31,346.32,False
2022-03-17 16:00:00,0.0,115.96,77.62,91.32,22.62,22.0,23.31,91.9,345.43,False
2022-03-17 17:00:00,0.0,109.07,77.72,91.44,22.8,23.11,23.72,92.36,345.68,False
2022-03-17 18:00:00,0.0,102.2,77.78,91.5,21.95,22.09,23.87,92.24,345.77,False
2022-03-17 19:00:00,7.91,109.77,78.08,91.86,21.04,22.21,23.56,92.85,345.58,False
2022-03-17 20:00:00,0.0,103.32,78.26,92.08,21.91,21.61,24.52,89.03,346.16,False
2022-03-17 21:00:00,0.0,96.75,78.11,91.9,21.9,21.8,25.36,85.07,346.67,False
2022-03-17 22:00:00,0.0,91.56,77.86,91.6,22.2,21.95,26.12,86.45,347.13,False
2022-03-17 23:00:00,28.79,137.97,78.47,92.32,21.09,21.25,26.95,84.1,347.63,False
2022-03-18 00:00:00,0.0,130.1,78.86,92.77,21.62,32.87,28.6,75.76,348.63,True
2022-03-18 01:00:00,0.0,122.3,79.16,93.12,20.52,20.99,29.93,76.02,349.44,False
2022-03-18 02:00:00,0.0,115.19,79.46,93.49,20.66,20.51,30.1,74.36,349.54,False
2022-03-18 03:00:00,1.3,110.63,79.66,93.72,20.45,20.87,32.53,68.1,351.01,False
2022-03-18 04:00:00,0.0,104.3,79.62,93.68,20.6,20.29,32.34,64.24,350.9,False
2022-03-18 05:00:00,0.0,97.43,79.7,93.77,20.0,20.19,32.86,64.72,351.21,False
2022-03-18 06:00:00,7.76,105.82,79.79,93.87,19.84,20.22,33.42,62.9,351.56,False
2022-03-18 07:00:00,0.0,99.67,79.77,93.85,20.57,20.47,32.99,63.24,351.29,False
2022-03-18 08:00:00,0.0,93.65,79.77,93.85,20.45,20.27,32.97,66.74,351.28,False
2022-03-18 09:00:00,25.41,133.64,80.39,94.58,19.74,20.14,31.85,64.89,350.6,False
2022-03-18 10:00:00,0.0,125.53,80.84,95.11,19.61,20.19,30.38,68.11,349.71,False
2022-03-18 11:00:00,0.0,118.09,81.13,95.45,19.01,19.2,29.88,74.42,349.41,False
2022-03-18 12:00:00,57.06,214.07,83.11,97.77,16.75,17.05,27.81,77.96,348.16,False
2022-03-18 13:00:00,43.17,278.78,85.0,100.0,15.21,14.2,27.4,82.31,347.9,False
2022-03-18 14:00:00,0.0,261.54,85.0,100.0,15.18,15.55,26.23,88.75,347.2,False
2022-03-18 15:00:00,0.0,246.59,85.0,100.0,15.19,15.49,25.19,88.11,346.57,False
2022-03-18 16:00:00,9.48,249.06,85.0,100.0,14.65,15.61,24.53,91.32,346.16,False
2022-03-18 17:00:00,0.0,234.0,85.0,100.0,14.61,15.32,23.02,89.57,345.25,False
2022-03-18 18:00:00,0.0,220.32,85.0,100.0,15.35,14.62,23.67,93.54,345.64,False
2022-03-18 19:00:00,0.0,207.38,85.0,100.0,14.94,14.61,24.21,90.47,345.97,False
2022-03-18 20:00:00,0.0,195.08,85.0,100.0,14.22,14.56,24.7,90.27,346.27,False
2022-03-18 21:00:00,0.0,183.23,85.0,100.0,14.45,15.03,24.7,87.68,346.27,False
2022-03-18 22:00:00,5.03,181.49,85.0,100.0,14.47,14.72,27.01,87.07,347.67,False
2022-03-18 23:00:00,0.0,170.92,85.0,100.0,15.43,15.34,26.82,79.0,347.55,False
2022-03-19 00:00:00,0.0,160.15,85.0,100.0,14.98,14.77,29.08,73.43,348.92,False
2022-03-19 01:00:00,37.73,218.53,85.0,100.0,15.01,14.87,29.92,73.95,349.43,False
2022-03-19 02:00:00,3.25,211.36,85.0,100.0,-0.14,15.11,30.36,71.94,349.7,True
2022-03-19 03:00:00,40.27,271.25,85.0,100.0,14.58,14.81,32.75,68.41,351.14,False
2022-03-19 04:00:00,0.0,254.99,85.0,100.0,15.3,14.64,31.68,68.34,350.5,False
2022-03-19 05:00:00,33.42,300.2,85.0,100.0,15.26,14.27,33.4,65.35,351.54,False
2022-03-19 06:00:00,0.0,282.12,85.0,100.0,14.72,15.37,33.6,62.87,351.66,False
2022-03-19 07:00:00,0.0,265.2,85.0,100.0,15.56,14.63,32.44,59.83,350.96,False
2022-03-19 08:00:00,19.57,284.6,85.0,100.0,15.3,14.85,33.23,65.4,351.44,False
2022-03-19 09:00:00,0.0,267.47,85.0,100.0,14.66,14.85,31.53,70.16,350.41,False
2022-03-19 10:00:00,6.75,263.15,85.0,100.0,14.89,14.18,30.92,70.22,350.04,False
2022-03-19 11:00:00,62.48,359.88,85.0,100.0,14.85,15.11,29.82,74.43,349.37,False
2022-03-19 12:00:00,0.0,338.36,85.0,100.0,15.12,15.56,28.42,78.84,348.52,False
2022-03-19 13:00:00,0.0,317.94,85.0,100.0,14.43,15.38,27.82,79.59,348.16,False
2022-03-19 14:00:00,0.0,298.83,85.0,100.0,14.72,14.85,26.73,86.25,347.5,False
2022-03-19 15:00:00,0.0,279.94,85.0,100.0,15.32,15.42,24.27,91.17,346.01,False
2022-03-19 16:00:00,0.0,263.51,85.0,100.0,14.37,14.31,25.39,89.78,346.68,False
2022-03-19 17:00:00,0.0,247.97,85.0,100.0,14.92,15.33,23.16,89.26,345.33,False
2022-03-19 18:00:00,44.56,312.89,85.0,100.0,14.51,14.71,24.62,91.87,346.22,False
2022-03-19 19:00:00,0.0,293.91,85.0,100.0,15.37,15.39,24.83,87.07,346.35,False
2022-03-19 20:00:00,54.74,375.24,85.0,100.0,15.14,15.01,23.95,90.8,345.81,False
2022-03-19 21:00:00,0.0,352.38,85.0,100.0,14.41,14.52,25.07,88.8,346.49,False
2022-03-19 22:00:00,7.66,345.17,85.0,100.0,14.58,15.1,25.59,88.35,346.81,False
2022-03-19 23:00:00,0.0,324.31,85.0,100.0,15.01,15.0,27.21,81.24,347.79,False
2022-03-20 00:00:00,0.0,304.97,85.0,100.0,14.08,15.1,28.32,78.82,348.46,False
2022-03-20 01:00:00,16.2,315.86,85.0,100.0,14.56,14.68,30.13,72.65,349.56,False
2022-03-20 02:00:00,0.0,296.82,85.0,100.0,14.67,14.53,31.54,70.29,350.41,False
2022-03-20 03:00:00,0.0,279.13,85.0,100.0,15.51,15.25,32.52,65.05,351.01,False
2022-03-20 04:00:00,13.99,287.42,85.0,100.0,99.0,14.97,32.06,65.49,350.73,True
2022-03-20 05:00:00,0.0,269.64,85.0,100.0,15.26,15.23,32.72,63.87,351.13,False
2022-03-20 06:00:00,16.17,282.28,85.0,100.0,14.81,15.22,31.99,64.6,350.69,False
2022-03-20 07:00:00,0.0,265.03,85.0,100.0,15.3,15.28,32.36,63.23,350.91,False
2022-03-20 08:00:00,33.09,308.22,85.0,100.0,14.38,15.65,32.98,66.04,351.28,False
2022-03-20 09:00:00,0.0,289.83,85.0,100.0,14.71,15.08,32.65,67.43,351.09,False
2022-03-20 10:00:00,1.26,274.66,85.0,100.0,14.96,14.6,30.01,70.34,349.49,False
2022-03-20 11:00:00,15.78,286.69,85.0,100.0,15.07,14.69,29.31,74.54,349.06,False
2022-03-20 12:00:00,0.0,269.64,85.0,100.0,15.13,14.88,28.48,78.08,348.56,False
2022-03-20 13:00:00,0.0,253.69,85.0,100.0,15.08,15.08,27.5,83.15,347.97,False
2022-03-20 14:00:00,0.0,238.59,85.0,100.0,15.2,15.55,25.76,84.76,346.91,False
2022-03-20 15:00:00,32.7,282.85,85.0,100.0,15.0,14.94,25.57,87.2,346.8,False
2022-03-20 16:00:00,0.0,266.05,85.0,100.0,15.07,15.67,24.32,89.76,346.04,False
2022-03-20 17:00:00,0.0,250.16,85.0,100.0,14.59,15.71,24.14,90.09,345.93,False
2022-03-20 18:00:00,0.0,235.8,85.0,100.0,14.35,15.17,24.33,91.28,346.04,False
2022-03-20 19:00:00,5.22,231.05,85.0,100.0,14.55,15.25,24.16,95.59,345.94,False
2022-03-20 20:00:00,0.0,217.31,85.0,100.0,14.33,14.82,24.34,88.3,346.05,False
2022-03-20 21:00:00,0.0,204.24,85.0,100.0,15.09,15.67,25.25,87.34,346.6,False
2022-03-20 22:00:00,0.0,192.0,85.0,100.0,15.38,14.75,26.2,84.23,347.18,False
2022-03-20 23:00:00,13.52,204.8,85.0,100.0,14.62,15.48,27.11,81.13,347.73,False
2022-03-21 00:00:00,0.81,193.83,85.0,100.0,15.4,14.59,28.34,77.34,348.48,False
2022-03-21 01:00:00,0.0,182.26,85.0,100.0,15.18,15.26,30.62,74.94,349.86,False
2022-03-21 02:00:00,0.0,171.51,85.0,100.0,14.78,15.45,31.09,67.58,350.14,False
2022-03-21 03:00:00,33.69,221.74,85.0,100.0,14.86,15.36,31.5,70.17,350.39,False
2022-03-21 04:00:00,0.0,208.68,85.0,100.0,15.45,14.81,32.82,67.14,351.19,False
2022-03-21 05:00:00,7.7,210.23,85.0,100.0,14.07,14.89,32.65,61.99,351.08,False
2022-03-21 06:00:00,0.0,197.36,85.0,100.0,15.44,15.62,33.7,59.46,351.72,False
2022-03-21 07:00:00,0.0,185.22,85.0,100.0,15.36,14.8,33.07,62.52,351.34,False
2022-03-21 08:00:00,0.0,174.25,85.0,100.0,99.0,14.81,32.33,65.39,350.89,True
2022-03-21 09:00:00,16.38,193.09,85.0,100.0,14.96,15.6,31.95,73.26,350.66,False
2022-03-21 10:00:00,0.0,181.19,85.0,100.0,15.65,14.97,29.81,72.09,349.36,False
2022-03-21 11:00:00,0.0,170.84,85.0,100.0,14.48,14.98,28.99,70.76,348.87,False
2022-03-21 12:00:00,0.0,160.3,85.0,100.0,14.93,15.74,27.78,76.62,348.14,False
2022-03-21 13:00:00,0.0,150.22,85.0,100.0,15.26,14.74,27.42,81.52,347.92,False
2022-03-21 14:00:00,20.03,177.02,85.0,100.0,15.08,14.71,27.29,85.51,347.84,False
2022-03-21 15:00:00,0.0,166.47,85.0,100.0,15.02,15.07,26.66,85.27,347.45,False
2022-03-21 16:00:00,39.86,228.25,85.0,100.0,15.73,15.01,24.99,89.85,346.44,False
2022-03-21 17:00:00,0.0,215.12,85.0,100.0,14.56,14.69,24.45,90.09,346.12,False
2022-03-21 18:00:00,0.0,201.99,85.0,100.0,14.57,15.32,22.92,89.79,345.19,False
2022-03-21 19:00:00,1.6,192.82,85.0,100.0,13.99,15.01,23.83,92.04,345.74,False
2022-03-21 20:00:00,0.0,181.59,85.0,100.0,14.57,15.03,24.13,91.67,345.92,False
2022-03-21 21:00:00,0.0,170.5,85.0,100.0,14.73,15.0,24.95,89.58,346.42,False
2022-03-21 22:00:00,0.0,160.48,85.0,100.0,15.13,14.58,26.15,86.15,347.15,False
2022-03-21 23:00:00,0.0,150.3,85.0,100.0,15.38,14.67,27.05,80.63,347.69,False
2022-03-22 00:00:00,0.0,141.81,85.0,100.0,-0.39,14.37,27.31,79.43,347.85,True
2022-03-22 01:00:00,0.0,133.6,85.0,100.0,14.94,15.46,30.11,74.99,349.55,False
2022-03-22 02:00:00,0.0,125.38,85.0,100.0,15.56,15.0,30.11,71.27,349.54,False
2022-03-22 03:00:00,0.0,118.11,85.0,100.0,14.93,15.4,31.83,66.88,350.59,False
2022-03-22 04:00:00,0.0,111.41,85.0,100.0,15.21,14.82,33.64,64.88,351.69,False
2022-03-22 05:00:00,10.9,123.97,85.0,100.0,15.45,15.46,32.3,64.62,350.87,False
2022-03-22 06:00:00,18.97,150.5,85.0,100.0,14.63,14.35,31.48,68.88,350.38,False
2022-03-22 07:00:00,0.0,141.87,85.0,100.0,14.55,15.39,32.68,65.08,351.1,False
2022-03-22 08:00:00,0.0,133.38,85.0,100.0,15.65,14.97,33.06,64.65,351.33,False
2022-03-22 09:00:00,0.0,125.51,85.0,100.0,15.23,14.45,32.86,66.44,351.21,False
2022-03-22 10:00:00,0.0,118.0,85.0,100.0,14.47,13.87,30.01,70.02,349.49,False
2022-03-22 11:00:00,0.0,111.19,85.0,100.0,14.58,15.2,29.96,78.73,349.46,False
2022-03-22 12:00:00,0.0,104.67,85.0,100.0,14.92,15.4,28.22,77.2,348.4,False
2022-03-22 13:00:00,0.0,98.42,84.94,99.93,15.62,15.09,27.27,83.44,347.83,False
2022-03-22 14:00:00,0.0,91.89,84.87,99.84,15.53,15.38,27.84,84.25,348.17,False
2022-03-22 15:00:00,0.0,86.56,84.77,99.73,15.66,15.41,24.42,88.42,346.1,False
2022-03-22 16:00:00,0.0,81.59,84.57,99.5,15.25,15.45,24.76,91.71,346.3,False
2022-03-22 17:00:00,18.0,108.72,84.77,99.73,15.23,15.62,24.43,90.38,346.11,False
2022-03-22 18:00:00,6.8,114.08,84.98,99.98,14.7,14.43,24.65,90.72,346.24,False
2022-03-22 19:00:00,27.52,156.93,85.0,100.0,14.83,15.04,24.21,94.84,345.97,False
2022-03-22 20:00:00,12.37,169.83,85.0,100.0,14.55,15.27,24.79,92.09,346.32,False
2022-03-22 21:00:00,3.87,166.02,85.0,100.0,14.65,14.82,25.08,89.48,346.5,False
2022-03-22 22:00:00,0.0,155.81,85.0,100.0,14.71,15.1,26.41,86.57,347.31,False
2022-03-22 23:00:00,0.0,146.56,85.0,100.0,14.94,14.53,27.13,82.54,347.74,False
2022-03-23 00:00:00,0.0,137.96,85.0,100.0,15.17,15.03,28.87,82.04,348.8,False
2022-03-23 01:00:00,0.0,129.51,85.0,100.0,15.67,14.71,29.44,74.46,349.14,False
2022-03-23 02:00:00,0.0,121.7,85.0,100.0,14.85,14.79,30.98,72.15,350.07,False
2022-03-23 03:00:00,28.16,164.82,85.0,100.0,15.24,15.23,31.66,65.2,350.49,False
2022-03-23 04:00:00,0.0,155.33,85.0,100.0,14.93,14.3,33.07,64.23,351.34,False
2022-03-23 05:00:00,0.0,146.06,85.0,100.0,15.39,14.56,32.82,62.08,351.19,False
2022-03-23 06:00:00,0.0,137.09,85.0,100.0,14.5,15.29,31.94,66.55,350.65,False
2022-03-23 07:00:00,0.0,128.52,85.0,100.0,14.79,14.94,33.6,59.37,351.66,False
2022-03-23 08:00:00,0.0,120.43,85.0,100.0,15.27,14.71,31.85,65.07,350.6,False
2022-03-23 09:00:00,0.0,113.75,85.0,100.0,15.23,15.18,31.29,62.11,350.26,False
2022-03-23 10:00:00,2.09,110.62,85.0,100.0,15.24,14.56,30.39,69.34,349.72,False
2022-03-23 11:00:00,0.0,103.87,85.0,100.0,15.56,14.54,30.49,73.39,349.78,False
2022-03-23 12:00:00,21.11,135.57,85.0,100.0,14.31,14.92,27.22,80.77,347.79,False
2022-03-23 13:00:00,0.0,127.24,85.0,100.0,14.5,14.94,29.22,82.42,349.01,False
2022-03-23 14:00:00,0.0,119.58,85.0,100.0,15.22,14.7,26.88,83.33,347.59,False
2022-03-23 15:00:00,0.0,112.41,85.0,100.0,15.33,14.89,25.45,90.03,346.72,False
2022-03-23 16:00:00,0.0,105.67,85.0,100.0,15.26,15.53,24.57,90.16,346.19,False
2022-03-23 17:00:00,8.25,113.8,85.0,100.0,16.08,14.99,24.32,91.6,346.04,False
2022-03-23 18:00:00,0.0,107.24,85.0,100.0,14.63,14.54,24.31,89.59,346.03,False
2022-03-23 19:00:00,4.4,108.56,85.0,100.0,15.15,15.01,24.54,89.54,346.17,False
2022-03-23 20:00:00,0.0,101.85,85.0,100.0,14.97,14.15,24.94,88.47,346.41,False
2022-03-23 21:00:00,0.0,95.53,85.0,100.0,15.25,15.65,25.37,87.99,346.68,False
2022-03-23 22:00:00,0.0,89.48,84.78,99.74,15.37,14.75,26.13,85.16,347.14,False
2022-03-23 23:00:00,104.67,272.6,85.0,100.0,14.79,15.08,27.24,84.71,347.81,False
2022-03-24 00:00:00,0.0,256.51,85.0,100.0,15.16,15.06,28.38,78.77,348.5,False
2022-03-24 01:00:00,0.0,240.9,85.0,100.0,15.03,14.69,30.34,68.96,349.69,False
2022-03-24 02:00:00,0.0,225.9,85.0,100.0,15.05,15.52,31.11,71.53,350.15,False
2022-03-24 03:00:00,0.0,212.03,85.0,100.0,15.45,15.82,29.92,65.2,349.43,False
2022-03-24 04:00:00,0.0,199.18,85.0,100.0,15.99,14.7,32.79,63.94,351.17,False
2022-03-24 05:00:00,67.42,308.21,85.0,100.0,14.23,15.28,32.96,62.85,351.28,False
2022-03-24 06:00:00,0.0,289.53,85.0,100.0,15.52,14.6,32.99,62.67,351.29,False
2022-03-24 07:00:00,0.0,272.0,85.0,100.0,15.26,32.6,32.61,61.73,351.06,True
2022-03-24 08:00:00,0.0,255.67,85.0,100.0,14.7,15.51,33.07,66.28,351.34,False
2022-03-24 09:00:00,0.0,239.89,85.0,100.0,14.85,15.4,32.25,65.28,350.84,False
2022-03-24 10:00:00,0.0,225.67,85.0,100.0,15.35,14.34,30.29,71.71,349.65,False
2022-03-24 11:00:00,0.0,212.63,85.0,100.0,15.02,14.78,29.91,78.85,349.42,False
2022-03-24 12:00:00,33.66,260.89,85.0,100.0,14.98,14.79,27.92,75.34,348.22,False
2022-03-24 13:00:00,0.0,245.06,85.0,100.0,14.73,14.76,26.51,81.05,347.36,False
2022-03-24 14:00:00,0.0,230.56,85.0,100.0,14.7,15.53,25.87,79.95,346.98,False
2022-03-24 15:00:00,6.71,228.97,85.0,100.0,14.61,14.28,25.84,87.3,346.96,False
2022-03-24 16:00:00,0.06,215.33,85.0,100.0,14.8,15.16,25.17,91.41,346.56,False
2022-03-24 17:00:00,0.0,202.46,85.0,100.0,14.95,15.3,24.46,92.96,346.12,False
2022-03-24 18:00:00,0.0,190.52,85.0,100.0,15.14,14.72,24.44,92.15,346.11,False
2022-03-24 19:00:00,7.2,192.31,85.0,100.0,14.67,15.2,24.46,93.3,346.12,False
2022-03-24 20:00:00,33.38,240.62,85.0,100.0,15.3,15.18,24.22,95.22,345.98,False
2022-03-24 21:00:00,0.97,228.15,85.0,100.0,14.64,14.89,25.58,91.32,346.8,False
2022-03-24 22:00:00,0.0,214.96,85.0,100.0,15.31,15.43,26.73,83.95,347.5,False
2022-03-24 23:00:00,0.0,202.32,85.0,100.0,14.65,14.78,27.79,78.72,348.14,False
2022-03-25 00:00:00,0.0,190.65,85.0,100.0,15.81,15.44,29.21,77.19,349.0,False
2022-03-25 01:00:00,0.0,178.43,85.0,100.0,15.26,15.05,30.09,72.48,349.53,False
2022-03-25 02:00:00,0.0,167.91,85.0,100.0,15.34,14.88,30.96,71.9,350.06,False
2022-03-25 03:00:00,0.0,157.91,85.0,100.0,14.93,14.91,32.32,65.74,350.89,False
2022-03-25 04:00:00,0.0,148.74,85.0,100.0,15.24,14.44,32.38,65.73,350.92,False
2022-03-25 05:00:00,0.0,139.48,85.0,100.0,14.5,14.86,32.32,66.15,350.88,False
2022-03-25 06:00:00,21.16,169.05,85.0,100.0,14.61,14.55,32.9,63.8,351.24,False
2022-03-25 07:00:00,0.0,159.18,85.0,100.0,14.88,15.11,32.4,62.58,350.93,False
2022-03-25 08:00:00,4.96,158.23,85.0,100.0,15.61,15.36,31.99,68.23,350.69,False
2022-03-25 09:00:00,30.91,204.45,85.0,100.0,15.4,15.18,31.6,64.34,350.45,False
2022-03-25 10:00:00,6.3,203.51,85.0,100.0,14.11,14.71,30.27,70.34,349.65,False
2022-03-25 11:00:00,0.0,191.24,85.0,100.0,14.61,14.89,29.48,74.29,349.16,False
2022-03-25 12:00:00,0.0,179.94,85.0,100.0,14.97,15.11,27.36,78.03,347.88,False
2022-03-25 13:00:00,0.0,168.81,85.0,100.0,15.5,15.13,27.46,81.98,347.94,False
2022-03-25 14:00:00,0.0,158.45,85.0,100.0,15.1,15.65,26.25,86.22,347.21,False
2022-03-25 15:00:00,0.0,148.9,85.0,100.0,13.99,15.25,24.83,87.83,346.35,False
2022-03-25 16:00:00,0.0,139.6,85.0,100.0,14.53,15.06,25.0,89.39,346.45,False
2022-03-25 17:00:00,0.0,131.6,85.0,100.0,15.29,15.04,24.72,90.71,346.28,False
2022-03-25 18:00:00,0.0,123.46,85.0,100.0,15.08,14.86,23.04,90.78,345.26,False
2022-03-25 19:00:00,15.78,144.69,85.0,100.0,15.05,15.0,23.7,93.1,345.66,False
2022-03-25 20:00:00,0.0,135.75,85.0,100.0,15.44,15.29,24.14,88.83,345.93,False
2022-03-25 21:00:00,0.0,127.81,85.0,100.0,14.86,14.72,24.75,89.59,346.3,False
2022-03-25 22:00:00,0.0,119.66,85.0,100.0,15.28,15.16,26.75,85.04,347.51,False
2022-03-25 23:00:00,0.0,112.9,85.0,100.0,15.66,14.96,27.22,80.58,347.79,False
2022-03-26 00:00:00,0.0,106.47,85.0,100.0,15.09,15.69,28.34,79.24,348.47,False
2022-03-26 01:00:00,0.0,99.92,85.0,100.0,14.64,15.12,28.46,72.92,348.55,False
2022-03-26 02:00:00,0.0,93.67,84.96,99.95,14.87,15.18,31.13,72.28,350.17,False
2022-03-26 03:00:00,0.0,88.19,84.77,99.73,14.87,14.88,30.94,68.53,350.05,False
2022-03-26 04:00:00,0.0,82.44,84.48,99.38,14.63,16.11,32.43,64.68,350.95,False
2022-03-26 05:00:00,0.0,77.51,84.07,98.91,15.61,16.13,33.01,65.53,351.31,False
2022-03-26 06:00:00,9.45,89.63,83.93,98.74,16.32,16.62,33.82,65.09,351.79,False
2022-03-26 07:00:00,0.0,84.17,83.61,98.37,16.39,16.31,32.06,66.79,350.73,False
2022-03-26 08:00:00,0.0,78.93,83.41,98.13,17.13,16.59,30.59,67.81,349.83,False
2022-03-26 09:00:00,0.0,73.95,82.89,97.51,17.17,16.57,31.79,69.08,350.57,False
2022-03-26 10:00:00,0.0,70.03,82.36,96.9,17.99,18.38,31.83,68.74,350.59,False
2022-03-26 11:00:00,0.0,66.06,81.89,96.34,17.4,18.26,30.41,79.27,349.73,False
2022-03-26 12:00:00,0.0,61.65,81.25,95.58,18.58,19.5,28.63,75.19,348.65,False
2022-03-26 13:00:00,17.8,89.72,81.16,95.48,18.74,18.7,27.04,83.52,347.69,False
2022-03-26 14:00:00,0.0,84.6,81.06,95.37,18.61,19.13,26.73,85.86,347.5,False
2022-03-26 15:00:00,0.0,79.81,80.82,95.08,19.79,19.58,24.73,85.55,346.29,False
2022-03-26 16:00:00,0.0,74.61,80.33,94.5,18.9,19.8,24.89,89.88,346.38,False
2022-03-26 17:00:00,0.0,70.34,79.77,93.84,20.19,20.1,24.46,91.37,346.12,False
2022-03-26 18:00:00,7.63,79.94,79.44,93.46,21.01,20.37,24.64,94.61,346.23,False
2022-03-26 19:00:00,0.0,74.56,79.08,93.04,21.22,20.78,25.81,90.1,346.94,False
2022-03-26 20:00:00,0.0,69.97,78.71,92.59,21.14,22.36,24.84,89.6,346.35,False
2022-03-26 21:00:00,8.98,81.9,78.37,92.2,21.27,21.38,25.01,83.23,346.46,False
2022-03-26 22:00:00,0.0,77.0,77.97,91.73,22.46,21.23,26.23,88.47,347.2,False
2022-03-26 23:00:00,0.0,71.98,77.51,91.19,22.28,22.5,26.27,79.48,347.22,False
2022-03-27 00:00:00,0.0,67.44,76.97,90.56,22.69,23.04,28.08,78.65,348.32,False
2022-03-27 01:00:00,2.9,68.42,76.59,90.11,23.81,23.28,29.42,74.17,349.13,False
2022-03-27 02:00:00,0.0,64.16,76.02,89.43,24.11,23.74,30.44,70.8,349.74,False
2022-03-27 03:00:00,0.0,60.15,75.39,88.69,24.47,24.5,31.77,69.72,350.55,False
2022-03-27 04:00:00,0.0,56.5,74.76,87.96,25.37,24.71,31.9,69.22,350.63,False
2022-03-27 05:00:00,0.0,53.2,74.14,87.22,26.04,26.57,33.52,64.98,351.61,False
2022-03-27 06:00:00,10.7,69.81,73.66,86.66,26.32,26.44,33.0,65.31,351.3,False
2022-03-27 07:00:00,0.0,65.88,73.22,86.14,26.84,26.83,32.84,65.13,351.2,False
2022-03-27 08:00:00,0.0,62.32,72.76,85.6,26.37,27.66,32.2,67.91,350.81,False
2022-03-27 09:00:00,0.0,58.44,72.09,84.81,27.87,29.0,31.78,67.17,350.56,False
2022-03-27 10:00:00,0.0,54.63,71.95,84.65,27.79,27.89,31.25,73.15,350.23,False
2022-03-27 11:00:00,45.59,133.66,73.36,86.3,26.32,26.77,29.14,76.6,348.96,False
2022-03-27 12:00:00,0.0,125.64,73.9,86.94,25.83,26.42,28.11,80.17,348.33,False
2022-03-27 13:00:00,0.0,118.32,74.23,87.33,25.57,26.04,27.15,80.3,347.75,False
2022-03-27 14:00:00,0.0,110.95,74.49,87.64,25.39,25.87,25.44,84.66,346.72,False
2022-03-27 15:00:00,14.76,131.06,74.95,88.18,25.11,25.41,24.83,88.38,346.34,False
2022-03-27 16:00:00,0.0,123.14,75.46,88.77,24.25,24.38,24.32,87.38,346.04,False
2022-03-27 17:00:00,0.0,115.61,75.6,88.94,24.61,24.88,24.68,94.71,346.25,False
2022-03-27 18:00:00,5.94,119.26,76.03,89.45,24.26,23.92,24.16,91.98,345.94,False
2022-03-27 19:00:00,0.0,112.25,76.21,89.65,24.09,23.91,24.27,92.09,346.01,False
2022-03-27 20:00:00,12.66,128.54,76.58,90.09,23.8,23.67,25.11,88.97,346.52,False
2022-03-27 21:00:00,0.0,120.72,76.79,90.34,22.99,22.93,25.24,85.25,346.59,False
2022-03-27 22:00:00,0.0,113.58,77.0,90.59,22.89,23.17,26.48,83.79,347.35,False
2022-03-27 23:00:00,0.0,106.86,77.2,90.82,22.9,35.05,27.27,82.06,347.83,True
2022-03-28 00:00:00,0.0,100.67,77.13,90.74,42.7,22.12,28.66,79.35,348.67,True
2022-03-28 01:00:00,0.0,94.93,76.97,90.55,22.57,23.59,29.32,74.7,349.06,False
2022-03-28 02:00:00,0.0,89.78,76.79,90.34,23.01,22.89,29.29,71.69,349.05,False
2022-03-28 03:00:00,0.0,84.25,76.62,90.14,24.04,23.49,31.6,67.43,350.45,False
2022-03-28 04:00:00,0.0,79.63,76.38,89.86,23.33,24.23,33.25,66.87,351.45,False
2022-03-28 05:00:00,0.0,74.89,76.0,89.41,23.69,24.27,33.4,67.44,351.54,False
2022-03-28 06:00:00,0.0,70.07,75.6,88.94,24.18,24.81,33.58,65.41,351.65,False
2022-03-28 07:00:00,0.0,65.67,75.11,88.37,25.11,25.33,33.59,66.1,351.65,False
2022-03-28 08:00:00,0.0,61.87,74.47,87.61,25.67,25.33,32.45,66.46,350.96,False
2022-03-28 09:00:00,0.0,58.37,73.88,86.91,26.41,25.71,31.8,65.09,350.57,False
2022-03-28 10:00:00,15.11,81.77,73.5,86.47,27.52,26.67,30.38,68.91,349.71,False
2022-03-28 11:00:00,1.39,79.14,73.21,86.13,27.11,27.07,29.48,75.29,349.16,False
2022-03-28 12:00:00,24.55,118.43,73.45,86.42,26.91,38.99,28.87,77.98,348.79,True
2022-03-28 13:00:00,0.0,111.06,73.68,86.68,27.47,26.64,28.06,82.5,348.3,False
2022-03-28 14:00:00,0.0,103.84,73.87,86.9,26.33,25.94,26.17,88.35,347.16,False
2022-03-28 15:00:00,0.0,96.94,73.86,86.89,25.99,26.49,25.05,89.35,346.48,False
2022-03-28 16:00:00,25.54,136.98,74.5,87.65,25.38,36.66,24.6,92.64,346.21,True
2022-03-28 17:00:00,0.0,128.84,75.03,88.26,25.4,25.48,24.51,91.71,346.16,False
2022-03-28 18:00:00,0.0,121.31,75.46,88.78,24.04,24.18,23.13,90.39,345.32,False
2022-03-28 19:00:00,0.0,113.62,75.88,89.28,23.34,23.75,22.78,91.41,345.1,False
2022-03-28 20:00:00,0.0,106.4,76.07,89.49,23.6,24.93,24.27,88.51,346.01,False
2022-03-28 21:00:00,0.0,99.86,76.05,89.48,24.27,23.97,24.59,91.02,346.2,False
2022-03-28 22:00:00,0.0,93.87,75.96,89.37,24.28,23.94,25.95,86.58,347.02,False
2022-03-28 23:00:00,8.22,103.33,75.97,89.38,23.96,23.57,27.25,82.66,347.81,False
2022-03-29 00:00:00,0.0,97.35,75.86,89.24,24.57,24.32,28.23,80.47,348.41,False
2022-03-29 01:00:00,0.0,91.39,75.54,88.87,24.7,24.77,30.54,70.34,349.8,False
2022-03-29 02:00:00,0.0,86.02,75.3,88.59,24.84,24.56,30.95,72.18,350.05,False
2022-03-29 03:00:00,18.36,113.66,75.44,88.76,24.55,23.7,31.86,65.48,350.61,False
2022-03-29 04:00:00,0.78,108.27,75.61,88.96,24.74,25.04,32.77,65.86,351.16,False
2022-03-29 05:00:00,0.0,101.76,75.63,88.98,24.67,24.25,32.16,63.85,350.79,False
2022-03-29 06:00:00,0.0,96.07,75.5,88.83,24.39,24.37,33.62,65.32,351.68,False
2022-03-29 07:00:00,0.0,90.46,75.2,88.47,25.12,24.78,32.8,64.93,351.18,False
2022-03-29 08:00:00,0.0,84.8,74.95,88.18,24.79,24.73,32.8,68.57,351.18,False
2022-03-29 09:00:00,0.0,79.48,74.49,87.64,25.6,26.02,31.04,66.9,350.11,False
2022-03-29 10:00:00,30.45,129.43,75.07,88.31,25.09,25.22,29.82,72.42,349.37,False
2022-03-29 11:00:00,0.0,121.19,75.47,88.79,24.4,24.73,30.16,74.7,349.57,False
2022-03-29 12:00:00,13.62,138.37,76.12,89.55,23.94,24.81,28.73,74.73,348.71,False
2022-03-29 13:00:00,0.0,130.02,76.76,90.3,23.48,22.96,26.79,79.79,347.54,False
2022-03-29 14:00:00,0.0,122.36,77.16,90.78,22.41,23.35,25.73,84.7,346.89,False
2022-03-29 15:00:00,12.22,137.2,77.84,91.57,22.24,21.27,25.99,90.12,347.05,False
2022-03-29 16:00:00,0.0,129.0,78.4,92.24,22.48,21.86,23.89,91.05,345.78,False
2022-03-29 17:00:00,0.0,120.77,78.73,92.63,20.94,22.17,25.14,89.19,346.53,False
2022-03-29 18:00:00,19.3,147.89,79.52,93.55,20.9,20.06,23.46,91.72,345.52,False
2022-03-29 19:00:00,25.02,183.86,80.94,95.23,19.02,19.71,24.54,95.56,346.17,False
2022-03-29 20:00:00,0.0,173.03,82.08,96.57,18.39,17.37,24.41,90.35,346.09,False
2022-03-29 21:00:00,0.0,162.83,83.3,98.0,16.41,17.53,25.68,87.24,346.86,False
2022-03-29 22:00:00,0.0,152.99,84.22,99.08,15.78,15.6,25.92,85.98,347.01,False
2022-03-29 23:00:00,0.0,144.52,84.97,99.97,15.91,14.73,27.24,83.15,347.81,False
2022-03-30 00:00:00,0.0,136.31,85.0,100.0,14.93,14.79,28.52,77.09,348.59,False
2022-03-30 01:00:00,0.0,128.51,85.0,100.0,15.25,15.01,29.06,75.38,348.91,False
2022-03-30 02:00:00,0.0,121.01,85.0,100.0,15.24,14.94,31.19,70.34,350.2,False
2022-03-30 03:00:00,0.0,113.88,85.0,100.0,14.19,14.98,31.37,69.54,350.31,False
2022-03-30 04:00:00,0.0,107.17,85.0,100.0,15.18,15.13,32.26,66.22,350.85,False
2022-03-30 05:00:00,0.0,100.19,85.0,100.0,14.5,15.1,32.25,65.44,350.84,False
2022-03-30 06:00:00,0.0,93.87,84.93,99.92,15.32,15.07,31.46,62.48,350.37,False
2022-03-30 07:00:00,0.0,88.17,84.73,99.68,15.32,27.09,32.73,62.83,351.14,True
2022-03-30 08:00:00,1.05,84.8,84.58,99.51,14.97,15.59,33.84,67.77,351.81,False
2022-03-30 09:00:00,0.0,79.67,84.3,99.18,15.22,15.85,32.15,67.94,350.78,False
2022-03-30 10:00:00,0.0,74.98,83.87,98.67,16.1,16.26,30.74,71.57,349.93,False
2022-03-30 11:00:00,0.0,69.85,83.35,98.06,17.64,16.65,29.51,73.76,349.18,False
2022-03-30 12:00:00,0.0,65.81,82.81,97.42,17.84,16.92,28.51,79.8,348.58,False
2022-03-30 13:00:00,0.0,61.88,82.17,96.67,17.97,17.86,27.66,80.41,348.06,False
2022-03-30 14:00:00,0.0,58.11,81.62,96.02,18.59,18.27,25.54,84.73,346.78,False
2022-03-30 15:00:00,11.59,75.76,81.3,95.65,18.94,17.87,25.99,89.47,347.05,False
2022-03-30 16:00:00,0.0,70.9,80.91,95.19,18.88,19.49,25.03,92.47,346.47,False
2022-03-30 17:00:00,0.0,66.57,80.4,94.58,19.33,19.71,24.58,90.48,346.2,False
2022-03-30 18:00:00,5.14,71.92,79.89,93.99,20.45,20.1,24.26,95.92,346.0,False
2022-03-30 19:00:00,0.0,67.34,79.43,93.44,20.33,20.78,24.17,92.15,345.94,False
2022-03-30 20:00:00,0.0,62.7,78.66,92.55,21.91,21.03,25.01,88.04,346.45,False
2022-03-30 21:00:00,7.55,72.18,78.24,92.05,21.22,22.3,25.67,88.64,346.86,False
2022-03-30 22:00:00,0.0,67.83,77.67,91.37,21.97,22.82,26.04,84.23,347.08,False
2022-03-30 23:00:00,0.0,63.69,77.02,90.61,23.55,22.52,26.99,82.49,347.66,False
2022-03-31 00:00:00,0.0,59.86,76.34,89.81,23.55,23.41,28.56,77.91,348.61,False
2022-03-31 01:00:00,0.0,56.07,75.63,88.97,24.32,24.64,30.59,74.53,349.84,False
2022-03-31 02:00:00,0.0,52.31,74.86,88.07,99.0,25.24,30.01,69.18,349.48,True
2022-03-31 03:00:00,0.0,49.22,74.1,87.18,26.36,25.89,30.8,70.08,349.97,False
2022-03-31 04:00:00,10.08,64.36,73.52,86.49,26.73,26.66,32.5,63.56,350.99,False
2022-03-31 05:00:00,0.0,60.69,72.88,85.74,27.23,26.37,32.88,62.26,351.22,False
2022-03-31 06:00:00,0.0,56.82,72.08,84.8,28.24,27.55,33.1,64.73,351.36,False
2022-03-31 07:00:00,0.0,52.81,71.86,84.54,28.31,27.9,32.99,67.68,351.29,False
2022-03-31 08:00:00,12.84,71.96,72.08,84.8,28.36,28.23,32.26,65.17,350.85,False
2022-03-31 09:00:00,0.0,67.53,72.25,85.01,28.89,26.88,32.58,69.5,351.04,False
2022-03-31 10:00:00,0.0,63.51,71.65,84.3,28.55,28.42,29.79,73.15,349.35,False
2022-03-31 11:00:00,0.0,59.63,71.72,84.38,27.94,28.13,29.17,76.01,348.98,False
2022-03-31 12:00:00,6.22,67.08,71.73,84.38,28.69,28.53,28.44,77.38,348.53,False
2022-03-31 13:00:00,0.0,62.57,71.8,84.47,28.14,28.52,26.35,79.44,347.27,False
2022-03-31 14:00:00,3.38,64.34,71.8,84.48,28.33,28.87,26.14,80.58,347.14,False
2022-03-31 15:00:00,0.0,60.59,71.74,84.4,28.41,27.79,26.31,87.37,347.25,False
2022-03-31 16:00:00,0.0,56.88,71.63,84.27,28.14,28.04,24.62,92.48,346.22,False
2022-03-31 17:00:00,0.0,53.36,71.51,84.13,28.34,28.51,24.29,89.27,346.02,False
2022-03-31 18:00:00,0.0,49.7,71.37,83.97,27.7,29.19,23.24,93.4,345.39,False
2022-03-31 19:00:00,0.0,46.43,71.18,83.74,28.78,29.0,23.78,89.62,345.71,False
2022-03-31 20:00:00,2.16,47.54,70.95,83.47,29.28,29.1,24.38,90.34,346.07,False
2022-03-31 21:00:00,0.0,44.77,70.74,83.23,29.26,29.75,25.13,89.32,346.53,False
2022-03-31 22:00:00,0.0,42.04,70.58,83.03,29.24,29.26,27.02,83.68,347.67,False
2022-03-31 23:00:00,0.0,39.93,70.23,82.63,29.92,30.23,27.67,81.96,348.07,False
2022-04-01 00:00:00,0.0,37.36,69.86,82.19,29.76,30.83,27.83,77.17,348.17,False
2022-04-01 01:00:00,1.63,38.43,69.46,81.71,30.12,30.48,29.81,75.79,349.37,False
2022-04-01 02:00:00,0.0,36.19,69.03,81.21,31.18,30.35,31.05,71.47,350.12,False
2022-04-01 03:00:00,0.0,34.05,68.69,80.82,31.54,31.36,32.37,68.21,350.91,False
2022-04-01 04:00:00,0.0,32.29,68.33,80.39,31.87,32.32,33.35,68.99,351.51,False
2022-04-01 05:00:00,0.0,30.16,67.82,79.79,32.06,32.38,32.24,65.8,350.84,False
2022-04-01 06:00:00,0.0,28.26,67.33,79.21,33.11,32.12,32.51,62.62,351.0,False
2022-04-01 07:00:00,0.0,26.19,66.84,78.64,32.71,33.67,32.09,64.31,350.75,False
2022-04-01 08:00:00,0.0,24.9,66.22,77.91,33.66,34.1,32.26,65.72,350.85,False
2022-04-01 09:00:00,0.0,23.51,66.07,77.73,34.23,34.33,31.96,68.26,350.67,False
2022-04-01 10:00:00,0.43,23.2,66.07,77.73,34.27,34.38,31.34,76.05,350.29,False
2022-04-01 11:00:00,0.0,21.87,66.07,77.72,33.63,33.72,29.62,75.12,349.25,False
2022-04-01 12:00:00,0.0,20.89,66.03,77.69,34.82,34.39,28.31,73.93,348.45,False
2022-04-01 13:00:00,0.0,19.41,65.89,77.51,34.06,33.85,27.43,80.54,347.92,False
2022-04-01 14:00:00,0.0,18.54,65.88,77.5,34.16,45.65,25.75,81.14,346.9,True
2022-04-01 15:00:00,0.0,17.31,65.75,77.35,34.64,33.92,26.57,87.24,347.4,False
2022-04-01 16:00:00,0.0,16.27,65.49,77.05,35.13,34.79,23.64,86.15,345.62,False
2022-04-01 17:00:00,0.0,15.52,65.18,76.68,34.84,34.66,24.26,89.78,346.0,False
2022-04-01 18:00:00,0.0,15.28,64.97,76.44,35.5,35.62,25.21,88.96,346.58,False
2022-04-01 19:00:00,25.94,61.31,65.57,77.14,34.25,34.88,24.16,92.29,345.94,False
2022-04-01 20:00:00,0.0,57.9,66.07,77.73,34.59,34.2,24.49,90.13,346.14,False
2022-04-01 21:00:00,9.58,71.51,66.98,78.8,33.03,33.57,25.1,88.51,346.51,False
2022-04-01 22:00:00,0.0,67.27,67.14,78.99,17.99,32.39,26.14,84.79,347.14,True
2022-04-01 23:00:00,0.0,63.21,67.11,78.96,32.75,33.27,28.16,78.83,348.36,False
2022-04-02 00:00:00,0.0,59.84,66.93,78.74,33.16,33.3,27.17,79.03,347.77,False
2022-04-02 01:00:00,0.0,56.2,66.88,78.69,32.82,32.61,30.58,78.22,349.83,False
2022-04-02 02:00:00,3.54,59.6,66.96,78.77,33.02,32.76,29.9,71.82,349.42,False
2022-04-02 03:00:00,6.55,67.42,67.23,79.09,32.78,32.71,31.52,67.25,350.4,False
2022-04-02 04:00:00,0.0,63.8,67.28,79.15,32.3,32.65,32.14,63.02,350.78,False
2022-04-02 05:00:00,0.0,59.71,67.41,79.31,32.36,32.57,33.2,62.66,351.42,False
2022-04-02 06:00:00,0.0,56.38,67.24,79.11,31.92,32.51,32.04,64.91,350.72,False
2022-04-02 07:00:00,0.0,52.74,67.09,78.93,32.41,33.5,33.12,66.62,351.37,False
2022-04-02 08:00:00,0.0,49.76,66.84,78.64,33.15,32.67,33.61,66.4,351.67,False
2022-04-02 09:00:00,0.0,46.49,66.68,78.44,33.71,32.84,30.86,69.7,350.0,False
2022-04-02 10:00:00,0.0,44.01,66.31,78.01,33.55,33.32,30.86,72.42,350.0,False
2022-04-02 11:00:00,0.0,41.62,66.03,77.69,33.95,33.71,29.27,75.39,349.04,False
2022-04-02 12:00:00,0.0,38.95,66.14,77.82,34.32,33.57,28.76,76.68,348.73,False
2022-04-02 13:00:00,22.83,77.88,67.14,78.99,33.19,33.53,27.35,81.97,347.87,False
2022-04-02 14:00:00,12.49,95.96,67.71,79.66,32.62,32.03,25.87,83.3,346.97,False
2022-04-02 15:00:00,0.0,89.93,68.24,80.28,31.81,31.71,25.61,87.93,346.82,False
2022-04-02 16:00:00,0.0,84.22,68.5,80.59,31.3,30.99,25.69,90.79,346.87,False
2022-04-02 17:00:00,26.98,127.42,69.5,81.77,30.65,30.31,24.04,94.88,345.87,False
2022-04-02 18:00:00,0.0,119.41,70.43,82.86,30.08,29.81,24.43,89.38,346.11,False
2022-04-02 19:00:00,0.0,111.92,71.37,83.96,29.36,28.91,23.38,92.49,345.47,False
2022-04-02 20:00:00,0.0,105.48,72.18,84.91,28.78,28.22,24.03,93.09,345.86,False
2022-04-02 21:00:00,9.96,117.25,73.22,86.14,27.39,26.38,25.6,89.42,346.81,False
2022-04-02 22:00:00,0.0,109.7,73.29,86.22,26.73,26.44,27.14,86.67,347.75,False
2022-04-02 23:00:00,0.0,102.97,73.4,86.36,26.12,26.92,27.55,82.8,347.99,False
2022-04-03 00:00:00,6.04,107.31,73.51,86.48,26.73,26.48,28.31,80.6,348.46,False
2022-04-03 01:00:00,0.0,101.13,73.49,86.46,26.95,26.49,29.66,72.2,349.28,False
2022-04-03 02:00:00,0.0,94.92,73.39,86.34,25.59,26.85,30.0,68.23,349.48,False
2022-04-03 03:00:00,0.0,88.76,73.22,86.14,26.19,27.18,32.04,68.09,350.72,False
2022-04-03 04:00:00,0.0,83.49,73.02,85.91,26.8,26.7,32.93,61.55,351.25,False
2022-04-03 05:00:00,0.0,78.66,72.78,85.63,26.91,27.18,32.58,66.94,351.04,False
2022-04-03 06:00:00,0.0,73.66,72.41,85.19,26.95,27.54,32.72,66.44,351.13,False
2022-04-03 07:00:00,0.0,69.16,71.97,84.68,28.18,27.64,33.01,63.61,351.3,False
2022-04-03 08:00:00,0.0,64.74,72.2,84.94,28.3,27.92,32.14,65.13,350.77,False
2022-04-03 09:00:00,18.77,95.01,72.84,85.69,27.09,26.95,31.64,67.96,350.48,False
2022-04-03 10:00:00,0.0,89.18,72.67,85.49,26.67,27.33,32.01,71.1,350.7,False
2022-04-03 11:00:00,0.0,83.61,72.47,85.26,27.62,27.79,29.52,74.63,349.19,False
2022-04-03 12:00:00,0.0,78.58,72.27,85.03,27.28,27.83,28.28,79.12,348.44,False
2022-04-03 13:00:00,0.0,73.8,71.79,84.46,27.8,27.85,26.95,81.28,347.63,False
2022-04-03 14:00:00,12.77,92.56,72.3,85.06,28.08,27.78,26.7,86.89,347.48,False
2022-04-03 15:00:00,0.0,87.37,72.23,84.98,28.25,27.82,25.21,88.79,346.58,False
2022-04-03 16:00:00,0.0,82.49,72.59,85.39,27.3,27.19,24.21,88.91,345.97,False
2022-04-03 17:00:00,0.0,77.43,72.3,85.06,28.0,27.36,24.95,94.19,346.42,False
2022-04-03 18:00:00,1.61,75.77,72.02,84.73,27.55,28.04,24.85,89.28,346.36,False
2022-04-03 19:00:00,36.74,137.8,73.22,86.14,26.99,26.22,23.79,91.34,345.72,False
2022-04-03 20:00:00,0.0,129.99,73.71,86.72,26.13,25.86,23.48,92.06,345.53,False
2022-04-03 21:00:00,0.0,121.93,74.2,87.3,25.27,25.28,25.92,86.45,347.01,False
2022-04-03 22:00:00,0.0,114.79,74.46,87.61,25.17,25.05,25.84,85.62,346.96,False
2022-04-03 23:00:00,32.05,165.73,75.43,88.74,24.74,24.38,27.81,82.71,348.15,False
2022-04-04 00:00:00,0.0,156.06,76.35,89.82,23.06,24.08,27.32,76.28,347.85,False
2022-04-04 01:00:00,0.0,147.07,77.22,90.85,22.67,23.03,30.2,74.23,349.6,False
2022-04-04 02:00:00,0.0,137.94,77.98,91.74,22.45,22.47,30.02,70.69,349.49,False
2022-04-04 03:00:00,0.0,129.45,78.5,92.36,21.3,21.25,32.12,67.0,350.76,False
2022-04-04 04:00:00,0.0,121.96,78.93,92.86,20.45,20.26,32.41,70.48,350.94,False
2022-04-04 05:00:00,0.0,114.69,79.18,93.15,20.71,20.58,32.27,62.95,350.86,False
2022-04-04 06:00:00,0.0,107.14,79.39,93.41,20.88,21.06,32.76,66.01,351.15,False
2022-04-04 07:00:00,0.0,100.21,79.54,93.57,19.94,20.3,33.26,63.69,351.45,False
2022-04-04 08:00:00,0.0,94.39,79.53,93.57,20.94,20.46,32.46,63.7,350.97,False
2022-04-04 09:00:00,19.02,123.22,79.94,94.04,20.37,19.98,32.03,68.31,350.71,False
2022-04-04 10:00:00,16.88,145.81,80.76,95.01,19.38,19.52,31.94,72.3,350.65,False
2022-04-04 11:00:00,0.0,137.39,81.49,95.87,18.74,18.84,28.73,76.22,348.71,False
2022-04-04 12:00:00,14.91,155.93,82.45,97.0,17.6,16.93,29.47,81.12,349.16,False
2022-04-04 13:00:00,0.0,146.27,83.31,98.01,16.82,15.72,27.4,87.51,347.9,False
2022-04-04 14:00:00,0.0,137.32,83.99,98.81,16.04,16.27,25.71,85.5,346.88,False
2022-04-04 15:00:00,0.0,128.72,84.61,99.54,15.74,15.31,24.52,86.57,346.16,False
2022-04-04 16:00:00,5.32,130.39,85.0,100.0,15.52,15.26,24.49,91.03,346.14,False
2022-04-04 17:00:00,0.0,122.01,85.0,100.0,14.67,14.89,24.71,90.99,346.27,False
2022-04-04 18:00:00,0.0,114.67,85.0,100.0,14.72,15.21,23.92,93.85,345.8,False
2022-04-04 19:00:00,0.0,107.96,85.0,100.0,14.84,14.95,25.06,88.93,346.49,False
2022-04-04 20:00:00,0.0,101.08,85.0,100.0,14.76,14.71,23.73,94.86,345.68,False
2022-04-04 21:00:00,0.0,95.02,84.84,99.81,15.62,15.01,25.31,89.61,346.64,False
2022-04-04 22:00:00,3.58,95.53,84.81,99.77,14.59,15.13,25.5,81.63,346.75,False
2022-04-04 23:00:00,0.0,90.0,84.81,99.78,15.4,15.43,27.55,80.21,348.0,False
2022-04-05 00:00:00,5.02,92.93,84.5,99.42,16.05,15.43,29.03,79.63,348.89,False
2022-04-05 01:00:00,24.07,130.9,84.83,99.8,14.94,14.74,29.41,76.73,349.12,False
2022-04-05 02:00:00,0.0,122.5,85.0,100.0,15.59,15.67,29.19,68.46,348.99,False
2022-04-05 03:00:00,0.0,115.09,85.0,100.0,15.46,15.12,31.8,69.53,350.57,False
2022-04-05 04:00:00,0.0,107.97,85.0,100.0,14.86,15.54,32.66,61.98,351.09,False
2022-04-05 05:00:00,0.0,101.38,85.0,100.0,15.33,14.56,33.09,64.3,351.35,False
2022-04-05 06:00:00,8.07,109.37,85.0,100.0,14.67,14.9,33.74,66.22,351.75,False
2022-04-05 07:00:00,0.0,103.3,85.0,100.0,14.56,15.08,32.2,63.37,350.82,False
2022-04-05 08:00:00,0.0,96.72,85.0,100.0,14.81,15.26,32.81,62.86,351.18,False
2022-04-05 09:00:00,0.0,90.55,84.83,99.8,15.71,14.41,32.4,68.39,350.93,False
2022-04-05 10:00:00,0.0,85.66,84.59,99.51,15.23,14.67,29.68,69.79,349.29,False
2022-04-05 11:00:00,0.0,80.62,84.08,98.92,15.94,15.66,29.86,75.64,349.39,False
2022-04-05 12:00:00,0.0,75.4,83.55,98.3,16.05,16.67,28.2,76.23,348.39,False
2022-04-05 13:00:00,0.0,70.84,83.18,97.86,17.17,16.55,27.29,80.08,347.84,False
2022-04-05 14:00:00,6.75,78.67,82.83,97.45,17.5,17.12,26.46,80.96,347.33,False
2022-04-05 15:00:00,0.0,73.44,82.49,97.05,17.22,17.53,25.03,88.24,346.47,False
2022-04-05 16:00:00,0.0,68.81,81.94,96.4,17.13,17.73,24.2,89.8,345.96,False
2022-04-05 17:00:00,49.06,152.97,82.73,97.33,17.12,17.85,24.17,89.15,345.95,False
2022-04-05 18:00:00,0.0,144.17,83.47,98.21,16.7,16.21,23.35,92.39,345.45,False
2022-04-05 19:00:00,0.0,135.47,84.05,98.88,15.95,15.13,23.5,93.58,345.54,False
2022-04-05 20:00:00,0.0,127.3,84.46,99.37,15.57,15.15,25.01,89.69,346.46,False
2022-04-05 21:00:00,1.56,122.23,84.79,99.76,15.35,14.87,24.63,88.44,346.23,False
2022-04-05 22:00:00,0.0,115.22,85.0,100.0,14.8,15.07,26.65,85.55,347.45,False
2022-04-05 23:00:00,0.0,108.58,85.0,100.0,14.5,15.09,27.61,79.21,348.03,False
2022-04-06 00:00:00,7.4,115.62,85.0,100.0,15.3,15.23,27.46,82.11,347.94,False
2022-04-06 01:00:00,59.72,216.22,85.0,100.0,14.65,15.75,29.26,73.43,349.03,False
2022-04-06 02:00:00,0.0,202.77,85.0,100.0,14.52,15.01,31.47,72.31,350.37,False
2022-04-06 03:00:00,28.43,242.1,85.0,100.0,15.2,15.34,31.09,69.64,350.14,False
2022-04-06 04:00:00,0.0,227.59,85.0,100.0,14.56,14.82,32.12,65.6,350.76,False
2022-04-06 05:00:00,0.0,213.84,85.0,100.0,14.67,15.12,33.12,65.69,351.37,False
2022-04-06 06:00:00,0.0,201.15,85.0,100.0,15.63,14.86,33.47,64.49,351.58,False
2022-04-06 07:00:00,0.0,189.15,85.0,100.0,15.64,14.94,32.7,61.64,351.11,False
2022-04-06 08:00:00,0.0,177.48,85.0,100.0,15.48,15.07,32.04,65.21,350.72,False
2022-04-06 09:00:00,21.5,205.43,85.0,100.0,15.3,15.39,32.54,66.88,351.02,False
2022-04-06 10:00:00,0.0,192.53,85.0,100.0,15.46,14.98,31.79,70.08,350.57,False
2022-04-06 11:00:00,0.0,181.01,85.0,100.0,15.79,14.98,30.25,71.77,349.63,False
2022-04-06 12:00:00,1.93,174.03,85.0,100.0,15.44,15.13,28.55,80.25,348.6,False
2022-04-06 13:00:00,0.0,163.05,85.0,100.0,15.1,15.35,26.85,84.83,347.57,False
2022-04-06 14:00:00,19.77,188.89,85.0,100.0,15.35,33.35,25.75,86.96,346.91,True
2022-04-06 15:00:00,19.29,212.49,85.0,100.0,14.81,15.1,25.63,90.44,346.83,False
2022-04-06 16:00:00,0.0,199.98,85.0,100.0,15.06,14.47,24.85,89.44,346.36,False
2022-04-06 17:00:00,0.0,187.76,85.0,100.0,15.08,15.52,24.99,90.25,346.45,False
2022-04-06 18:00:00,0.0,176.16,85.0,100.0,14.94,15.14,24.39,90.44,346.08,False
2022-04-06 19:00:00,0.0,165.42,85.0,100.0,14.87,15.49,23.25,92.81,345.39,False
2022-04-06 20:00:00,0.0,155.85,85.0,100.0,15.52,14.33,25.23,90.58,346.59,False
2022-04-06 21:00:00,0.64,147.13,85.0,100.0,14.62,14.93,24.72,87.75,346.28,False
2022-04-06 22:00:00,58.38,243.03,85.0,100.0,15.06,15.35,26.02,87.59,347.07,False
2022-04-06 23:00:00,0.0,228.31,85.0,100.0,14.48,15.56,27.49,82.43,347.96,False
2022-04-07 00:00:00,0.0,214.32,85.0,100.0,-0.8,15.14,29.7,76.32,349.3,True
2022-04-07 01:00:00,0.0,201.45,85.0,100.0,15.48,14.83,31.53,73.01,350.41,False
2022-04-07 02:00:00,47.7,275.65,85.0,100.0,15.51,14.89,31.11,72.36,350.16,False
2022-04-07 03:00:00,4.48,266.81,85.0,100.0,14.81,14.58,31.57,70.18,350.43,False
2022-04-07 04:00:00,0.0,250.76,85.0,100.0,15.02,15.59,32.72,66.98,351.13,False
2022-04-07 05:00:00,0.0,235.71,85.0,100.0,14.88,15.26,33.38,68.27,351.53,False
2022-04-07 06:00:00,0.0,221.47,85.0,100.0,14.88,14.93,32.81,67.27,351.18,False
2022-04-07 07:00:00,4.94,216.59,85.0,100.0,14.8,15.22,33.92,65.36,351.86,False
2022-04-07 08:00:00,0.0,203.4,85.0,100.0,15.18,14.96,32.54,64.2,351.02,False
2022-04-07 09:00:00,0.0,191.01,85.0,100.0,14.85,14.88,31.98,65.48,350.68,False
2022-04-07 10:00:00,0.0,179.74,85.0,100.0,15.17,14.7,31.15,70.23,350.18,False
2022-04-07 11:00:00,0.0,169.08,85.0,100.0,15.67,14.7,29.92,75.88,349.43,False
2022-04-07 12:00:00,0.0,158.47,85.0,100.0,15.16,15.15,29.0,81.65,348.88,False
2022-04-07 13:00:00,0.0,148.85,85.0,100.0,15.05,15.42,26.96,82.46,347.64,False
2022-04-07 14:00:00,0.0,139.76,85.0,100.0,14.77,14.87,25.92,87.34,347.0,False
2022-04-07 15:00:00,0.0,131.97,85.0,100.0,14.99,14.68,24.66,87.41,346.24,False
2022-04-07 16:00:00,0.0,124.13,85.0,100.0,14.33,15.38,24.87,91.37,346.37,False
2022-04-07 17:00:00,4.51,124.48,85.0,100.0,15.62,15.03,24.62,93.17,346.22,False
2022-04-07 18:00:00,0.0,116.78,85.0,100.0,14.62,14.11,24.27,88.04,346.01,False
2022-04-07 19:00:00,0.0,109.66,85.0,100.0,14.23,14.72,25.16,90.7,346.55,False
2022-04-07 20:00:00,2.66,107.98,85.0,100.0,14.96,15.19,24.6,92.02,346.21,False
2022-04-07 21:00:00,0.0,101.65,84.94,99.93,15.2,14.74,25.72,88.45,346.89,False
2022-04-07 22:00:00,0.0,95.61,84.83,99.8,15.7,15.19,25.59,82.61,346.81,False
2022-04-07 23:00:00,0.0,89.81,84.68,99.63,15.42,14.82,27.1,76.76,347.72,False
2022-04-08 00:00:00,0.0,84.38,84.52,99.44,15.85,15.32,28.92,77.27,348.82,False
2022-04-08 01:00:00,28.13,129.91,85.0,100.0,15.37,14.57,30.17,74.23,349.59,False
2022-04-08 02:00:00,0.0,121.58,85.0,100.0,15.33,14.51,30.57,69.23,349.83,False
2022-04-08 03:00:00,0.0,114.27,85.0,100.0,14.55,14.7,31.64,68.39,350.47,False
2022-04-08 04:00:00,18.95,141.34,85.0,100.0,15.2,15.35,31.49,66.89,350.38,False
2022-04-08 05:00:00,0.0,132.37,85.0,100.0,14.45,15.17,32.63,65.82,351.08,False
2022-04-08 06:00:00,0.0,125.15,85.0,100.0,15.8,15.82,33.53,59.29,351.62,False
2022-04-08 07:00:00,16.3,147.08,85.0,100.0,15.28,14.76,33.19,61.85,351.41,False
2022-04-08 08:00:00,0.0,138.26,85.0,100.0,14.75,15.41,32.7,65.27,351.11,False
2022-04-08 09:00:00,0.0,129.85,85.0,100.0,15.15,15.74,31.71,69.24,350.52,False
2022-04-08 10:00:00,13.33,146.27,85.0,100.0,14.6,15.45,30.75,71.98,349.94,False
2022-04-08 11:00:00,0.0,137.15,85.0,100.0,-0.62,15.45,29.27,75.32,349.04,True
2022-04-08 12:00:00,0.0,128.83,85.0,100.0,15.35,15.05,28.92,77.23,348.83,False
2022-04-08 13:00:00,3.91,127.86,85.0,100.0,14.61,15.09,27.59,80.97,348.02,False
2022-04-08 14:00:00,0.0,120.4,85.0,100.0,99.0,14.63,26.55,83.54,347.39,True
2022-04-08 15:00:00,4.25,120.57,85.0,100.0,15.08,13.93,25.0,89.44,346.45,False
2022-04-08 16:00:00,0.43,114.44,85.0,100.0,14.93,15.08,23.31,88.28,345.43,False
2022-04-08 17:00:00,11.88,128.93,85.0,100.0,14.59,14.62,24.81,93.22,346.34,False
2022-04-08 18:00:00,0.0,121.43,85.0,100.0,15.02,14.83,23.71,92.42,345.67,False
2022-04-08 19:00:00,0.0,114.26,85.0,100.0,15.06,14.67,23.64,91.43,345.62,False
2022-04-08 20:00:00,0.0,107.73,85.0,100.0,15.35,15.13,25.02,88.81,346.46,False
2022-04-08 21:00:00,0.0,100.98,85.0,100.0,15.98,14.92,25.08,85.19,346.5,False
2022-04-08 22:00:00,0.0,95.19,84.93,99.92,14.28,15.57,26.89,83.7,347.59,False
2022-04-08 23:00:00,39.99,160.9,85.0,100.0,14.68,14.71,27.71,80.96,348.09,False
2022-04-09 00:00:00,0.0,151.26,85.0,100.0,15.09,15.07,28.91,73.26,348.82,False
2022-04-09 01:00:00,3.4,148.14,85.0,100.0,15.4,14.92,28.85,73.98,348.78,False
2022-04-09 02:00:00,11.5,159.53,85.0,100.0,15.14,14.88,31.48,72.85,350.38,False
2022-04-09 03:00:00,0.0,149.69,85.0,100.0,15.45,14.97,31.84,69.23,350.59,False
2022-04-09 04:00:00,18.58,173.95,85.0,100.0,14.41,15.61,32.18,64.88,350.8,False
2022-04-09 05:00:00,0.0,163.46,85.0,100.0,14.87,15.34,32.93,64.57,351.26,False
2022-04-09 06:00:00,0.0,153.49,85.0,100.0,15.58,14.82,31.93,62.89,350.65,False
2022-04-09 07:00:00,11.37,164.77,85.0,100.0,14.66,14.76,33.09,64.77,351.35,False
2022-04-09 08:00:00,0.0,154.63,85.0,100.0,13.84,14.69,31.78,68.96,350.56,False
2022-04-09 09:00:00,0.0,145.21,85.0,100.0,14.67,15.05,30.87,70.04,350.01,False
2022-04-09 10:00:00,0.0,136.41,85.0,100.0,15.17,14.39,29.84,72.04,349.38,False
2022-04-09 11:00:00,0.0,128.28,85.0,100.0,14.97,14.91,30.33,73.39,349.68,False
2022-04-09 12:00:00,0.0,120.84,85.0,100.0,14.49,15.15,28.12,79.5,348.34,False
2022-04-09 13:00:00,99.6,293.13,85.0,100.0,14.71,14.71,28.26,78.25,348.42,False
2022-04-09 14:00:00,0.0,275.62,85.0,100.0,14.47,15.02,25.93,84.5,347.01,False
2022-04-09 15:00:00,0.0,259.21,85.0,100.0,14.51,15.11,24.29,89.07,346.02,False
2022-04-09 16:00:00,0.0,243.75,85.0,100.0,14.65,14.3,23.93,91.61,345.8,False
2022-04-09 17:00:00,0.0,229.03,85.0,100.0,15.04,15.08,24.89,92.86,346.39,False
2022-04-09 18:00:00,6.08,226.5,85.0,100.0,14.04,14.82,23.91,92.59,345.79,False
2022-04-09 19:00:00,43.7,291.3,85.0,100.0,15.55,15.74,23.82,91.13,345.74,False
2022-04-09 20:00:00,10.93,292.88,85.0,100.0,14.96,15.08,24.7,91.2,346.27,False
2022-04-09 21:00:00,0.0,275.0,85.0,100.0,14.56,14.63,25.62,85.99,346.83,False
2022-04-09 22:00:00,0.0,258.92,85.0,100.0,14.61,14.27,26.92,83.31,347.61,False
2022-04-09 23:00:00,0.0,243.3,85.0,100.0,14.75,14.98,28.2,81.75,348.39,False
2022-04-10 00:00:00,9.35,245.61,85.0,100.0,15.0,15.52,28.28,78.35,348.44,False
2022-04-10 01:00:00,0.57,231.83,85.0,100.0,15.06,14.76,28.87,70.73,348.79,False
2022-04-10 02:00:00,0.0,218.09,85.0,100.0,14.92,15.13,30.5,71.91,349.78,False
2022-04-10 03:00:00,0.0,205.02,85.0,100.0,14.7,15.3,31.84,69.65,350.59,False
2022-04-10 04:00:00,2.96,198.03,85.0,100.0,15.0,15.28,31.82,65.72,350.58,False
2022-04-10 05:00:00,3.66,192.92,85.0,100.0,14.17,15.0,32.27,69.23,350.86,False
2022-04-10 06:00:00,0.0,181.2,85.0,100.0,14.51,14.74,33.21,62.63,351.42,False
2022-04-10 07:00:00,7.55,184.04,85.0,100.0,14.73,14.9,32.82,63.75,351.19,False
2022-04-10 08:00:00,0.0,172.95,85.0,100.0,14.46,14.57,32.42,65.09,350.94,False
2022-04-10 09:00:00,0.0,162.54,85.0,100.0,14.91,14.62,31.23,67.95,350.22,False
2022-04-10 10:00:00,0.0,152.54,85.0,100.0,14.46,15.4,30.61,70.34,349.85,False
2022-04-10 11:00:00,0.0,143.32,85.0,100.0,15.69,15.13,29.11,71.56,348.94,False
2022-04-10 12:00:00,0.0,134.56,85.0,100.0,14.42,15.12,29.03,76.91,348.89,False
2022-04-10 13:00:00,3.2,132.58,85.0,100.0,15.6,14.71,27.96,81.43,348.24,False
2022-04-10 14:00:00,0.0,124.12,85.0,100.0,14.2,15.48,25.14,87.46,346.54,False
2022-04-10 15:00:00,0.0,116.94,85.0,100.0,15.8,14.91,24.76,92.3,346.3,False
2022-04-10 16:00:00,0.0,109.4,85.0,100.0,15.23,15.05,23.7,92.8,345.67,False
2022-04-10 17:00:00,0.0,103.0,84.98,99.97,15.34,15.49,23.76,89.97,345.7,False
2022-04-10 18:00:00,31.94,154.05,85.0,100.0,14.45,14.71,23.95,90.61,345.81,False
2022-04-10 19:00:00,12.17,166.89,85.0,100.0,14.87,14.75,23.28,91.2,345.41,False
2022-04-10 20:00:00,0.0,156.84,85.0,100.0,14.9,15.41,24.05,93.69,345.87,False
2022-04-10 21:00:00,0.0,147.0,85.0,100.0,14.96,15.33,24.72,87.57,346.28,False
2022-04-10 22:00:00,0.0,138.59,85.0,100.0,15.51,15.14,26.37,82.34,347.28,False
2022-04-10 23:00:00,0.0,130.5,85.0,100.0,15.28,14.13,27.38,80.62,347.89,False
2022-04-11 00:00:00,0.0,122.82,85.0,100.0,14.93,15.51,28.07,79.51,348.31,False
2022-04-11 01:00:00,0.0,115.26,85.0,100.0,15.4,14.76,29.77,75.76,349.34,False
2022-04-11 02:00:00,8.06,123.1,85.0,100.0,15.47,14.77,30.42,70.6,349.74,False
2022-04-11 03:00:00,0.0,115.33,85.0,100.0,14.77,14.92,31.52,69.47,350.4,False
2022-04-11 04:00:00,0.0,107.74,85.0,100.0,14.76,14.52,33.4,61.33,351.54,False
2022-04-11 05:00:00,28.42,151.97,85.0,100.0,15.86,15.49,33.65,64.68,351.69,False
2022-04-11 06:00:00,0.0,142.57,85.0,100.0,14.9,15.07,32.22,65.72,350.83,False
2022-04-11 07:00:00,0.0,133.79,85.0,100.0,14.74,15.28,33.34,62.81,351.51,False
2022-04-11 08:00:00,0.0,125.63,85.0,100.0,14.94,14.69,32.88,64.2,351.23,False
2022-04-11 09:00:00,0.0,117.98,85.0,100.0,15.43,15.39,30.99,64.37,350.08,False
2022-04-11 10:00:00,0.0,110.7,85.0,100.0,15.29,15.57,31.24,74.18,350.23,False
2022-04-11 11:00:00,0.0,103.43,85.0,100.0,14.95,14.49,30.59,72.94,349.84,False
2022-04-11 12:00:00,8.04,111.75,85.0,100.0,15.24,14.55,27.83,78.48,348.16,False
2022-04-11 13:00:00,0.0,104.97,85.0,100.0,15.1,14.68,26.78,82.83,347.53,False
2022-04-11 14:00:00,0.0,98.46,84.97,99.96,14.98,15.4,26.86,88.02,347.58,False
2022-04-11 15:00:00,0.0,92.97,84.8,99.77,15.08,15.27,25.48,87.59,346.74,False
2022-04-11 16:00:00,0.0,87.32,84.54,99.46,15.52,15.43,24.93,89.05,346.41,False
2022-04-11 17:00:00,0.0,82.1,84.31,99.19,15.53,15.84,24.36,91.87,346.06,False
2022-04-11 18:00:00,20.42,114.17,84.48,99.39,15.55,16.29,24.23,94.57,345.99,False
2022-04-11 19:00:00,36.13,171.9,85.0,100.0,14.98,14.3,23.36,91.18,345.45,False
2022-04-11 20:00:00,0.0,161.58,85.0,100.0,14.42,14.88,25.23,88.21,346.59,False
2022-04-11 21:00:00,0.0,152.12,85.0,100.0,14.79,13.77,26.02,84.82,347.07,False
2022-04-11 22:00:00,0.0,142.97,85.0,100.0,14.9,15.2,26.11,82.56,347.12,False
2022-04-11 23:00:00,0.0,134.0,85.0,100.0,15.74,15.43,27.31,83.35,347.85,False
2022-04-12 00:00:00,0.0,125.82,85.0,100.0,14.94,14.88,27.58,77.36,348.01,False
2022-04-12 01:00:00,0.0,118.32,85.0,100.0,15.11,15.26,29.97,73.16,349.46,False
2022-04-12 02:00:00,2.54,115.17,85.0,100.0,15.86,14.39,31.09,69.57,350.14,False
2022-04-12 03:00:00,0.0,107.85,85.0,100.0,14.37,15.19,31.64,68.27,350.48,False
2022-04-12 04:00:00,66.71,222.05,85.0,100.0,14.39,15.98,33.07,65.4,351.34,False
2022-04-12 05:00:00,0.0,208.87,85.0,100.0,14.69,14.85,32.65,63.93,351.08,False
2022-04-12 06:00:00,0.0,196.79,85.0,100.0,14.87,15.17,33.34,66.7,351.5,False
2022-04-12 07:00:00,0.0,185.24,85.0,100.0,14.91,14.76,32.23,67.55,350.83,False
2022-04-12 08:00:00,0.0,174.24,85.0,100.0,14.8,15.07,32.38,62.66,350.92,False
2022-04-12 09:00:00,9.61,180.99,85.0,100.0,14.51,15.44,31.58,68.76,350.44,False
2022-04-12 10:00:00,0.0,170.24,85.0,100.0,15.39,15.24,30.89,69.45,350.02,False
2022-04-12 11:00:00,62.27,272.55,85.0,100.0,14.82,14.96,29.44,73.88,349.14,False
2022-04-12 12:00:00,0.0,256.45,85.0,100.0,15.47,14.95,28.42,78.62,348.52,False
2022-04-12 13:00:00,0.0,241.11,85.0,100.0,14.59,14.52,27.83,81.2,348.17,False
2022-04-12 14:00:00,0.0,226.59,85.0,100.0,15.78,15.41,25.99,85.46,347.05,False
2022-04-12 15:00:00,0.0,213.15,85.0,100.0,14.33,15.3,24.35,89.25,346.06,False
2022-04-12 16:00:00,0.0,200.2,85.0,100.0,14.99,14.5,25.65,90.71,346.85,False
2022-04-12 17:00:00,0.0,188.34,85.0,100.0,14.6,15.07,24.98,90.23,346.44,False
2022-04-12 18:00:00,0.0,176.83,85.0,100.0,15.01,14.63,23.22,90.74,345.37,False
2022-04-12 19:00:00,0.26,166.57,85.0,100.0,14.61,14.82,24.57,88.64,346.19,False
2022-04-12 20:00:00,0.0,156.27,85.0,100.0,14.14,15.32,24.3,88.42,346.03,False
2022-04-12 21:00:00,0.0,146.76,85.0,100.0,14.69,15.4,25.48,91.82,346.74,False
2022-04-12 22:00:00,0.0,137.75,85.0,100.0,15.64,15.28,26.43,83.42,347.31,False
2022-04-12 23:00:00,0.0,129.99,85.0,100.0,14.6,14.89,27.19,79.24,347.78,False
2022-04-13 00:00:00,13.32,145.89,85.0,100.0,15.2,15.18,28.03,78.64,348.29,False
2022-04-13 01:00:00,0.0,137.25,85.0,100.0,15.0,14.69,29.25,74.16,349.03,False
2022-04-13 02:00:00,0.0,128.74,85.0,100.0,14.82,15.3,30.2,70.61,349.6,False
2022-04-13 03:00:00,0.0,121.03,85.0,100.0,15.82,14.99,31.18,70.92,350.2,False
2022-04-13 04:00:00,0.0,113.85,85.0,100.0,14.87,14.81,32.36,66.97,350.91,False
2022-04-13 05:00:00,0.0,106.46,85.0,100.0,15.07,14.71,32.42,63.42,350.94,False
2022-04-13 06:00:00,0.47,100.51,85.0,100.0,15.03,15.27,33.41,63.15,351.55,False
2022-04-13 07:00:00,13.99,119.38,85.0,100.0,15.63,14.95,33.74,63.47,351.75,False
2022-04-13 08:00:00,27.67,161.62,85.0,100.0,14.4,14.8,32.05,67.63,350.72,False
2022-04-13 09:00:00,0.0,151.95,85.0,100.0,15.9,14.8,31.83,67.48,350.59,False
2022-04-13 10:00:00,0.0,142.91,85.0,100.0,15.61,14.5,31.05,67.41,350.12,False
2022-04-13 11:00:00,0.0,134.01,85.0,100.0,15.16,15.07,29.95,74.28,349.45,False
2022-04-13 12:00:00,0.0,126.01,85.0,100.0,15.25,15.11,28.55,74.93,348.6,False
2022-04-13 13:00:00,0.0,118.32,85.0,100.0,14.91,14.41,27.78,85.99,348.14,False
2022-04-13 14:00:00,6.9,123.61,85.0,100.0,15.06,14.57,26.54,83.07,347.38,False
2022-04-13 15:00:00,0.0,116.0,85.0,100.0,15.17,14.34,24.58,87.58,346.19,False
2022-04-13 16:00:00,0.0,109.19,85.0,100.0,14.64,15.48,25.12,90.64,346.53,False
2022-04-13 17:00:00,13.64,127.69,85.0,100.0,15.61,15.25,24.69,90.95,346.26,False
2022-04-13 18:00:00,0.0,120.26,85.0,100.0,15.09,15.44,23.54,91.42,345.57,False
2022-04-13 19:00:00,0.0,113.46,85.0,100.0,15.06,15.65,24.18,92.37,345.95,False
2022-04-13 20:00:00,0.0,106.23,85.0,100.0,14.65,15.18,25.01,93.18,346.46,False
2022-04-13 21:00:00,0.0,99.65,85.0,100.0,15.47,14.98,25.19,89.43,346.57,False
2022-04-13 22:00:00,1.13,95.88,84.95,99.94,15.03,15.13,26.89,87.96,347.6,False
2022-04-13 23:00:00,0.0,90.58,84.64,99.57,15.15,15.11,28.75,79.53,348.72,False
2022-04-14 00:00:00,14.17,110.85,84.92,99.9,14.65,14.76,28.03,78.63,348.29,False
2022-04-14 01:00:00,6.04,114.76,85.0,100.0,14.94,14.83,28.84,74.69,348.77,False
2022-04-14 02:00:00,0.0,107.75,85.0,100.0,14.53,14.9,30.93,71.7,350.04,False
2022-04-14 03:00:00,0.0,101.38,85.0,100.0,15.14,14.34,32.11,70.85,350.76,False
2022-04-14 04:00:00,0.0,95.25,84.93,99.92,15.38,14.57,32.26,65.43,350.85,False
2022-04-14 05:00:00,0.0,89.29,84.91,99.9,14.93,14.58,33.72,63.67,351.73,False
2022-04-14 06:00:00,0.0,83.85,84.71,99.66,15.39,14.77,32.2,65.07,350.81,False
2022-04-14 07:00:00,0.0,78.81,84.4,99.3,16.08,15.85,33.26,60.92,351.46,False
2022-04-14 08:00:00,0.0,73.76,83.97,98.79,15.96,15.89,32.03,65.4,350.71,False
2022-04-14 09:00:00,0.0,69.63,83.63,98.39,16.33,16.29,32.71,67.83,351.12,False
2022-04-14 10:00:00,0.0,65.32,83.15,97.82,16.86,17.01,31.95,69.16,350.66,False
2022-04-14 11:00:00,0.0,61.38,82.61,97.19,17.22,17.72,29.2,76.49,349.0,False
2022-04-14 12:00:00,0.0,58.01,81.96,96.42,17.9,18.22,28.17,75.88,348.37,False
2022-04-14 13:00:00,7.26,67.56,81.52,95.91,18.17,19.13,27.85,81.35,348.18,False
2022-04-14 14:00:00,8.21,78.58,81.22,95.56,18.95,18.79,26.02,85.59,347.07,False
2022-04-14 15:00:00,0.0,73.55,80.78,95.04,19.19,31.3,25.29,90.61,346.63,True
2022-04-14 16:00:00,0.0,69.27,80.33,94.5,19.91,19.43,24.62,90.1,346.22,False
2022-04-14 17:00:00,0.0,65.37,79.94,94.05,20.47,19.3,23.0,93.4,345.24,False
2022-04-14 18:00:00,0.0,61.2,79.34,93.34,20.24,20.69,23.99,93.4,345.84,False
2022-04-14 19:00:00,25.11,102.67,79.51,93.54,20.15,20.83,23.74,91.77,345.69,False
2022-04-14 20:00:00,0.0,96.47,79.57,93.62,20.7,20.13,24.31,87.95,346.03,False
2022-04-14 21:00:00,0.0,90.74,79.49,93.52,20.41,20.3,26.18,85.03,347.17,False
2022-04-14 22:00:00,0.0,85.44,79.41,93.42,20.62,20.98,25.5,85.21,346.75,False
2022-04-14 23:00:00,0.0,80.04,78.93,92.86,21.1,21.05,27.82,80.54,348.16,False
2022-04-15 00:00:00,37.59,142.89,79.52,93.56,20.1,20.11,28.33,79.84,348.47,False
2022-04-15 01:00:00,0.0,134.79,80.27,94.43,19.93,19.35,29.5,75.87,349.18,False
2022-04-15 02:00:00,0.0,127.02,80.69,94.93,19.41,19.57,31.22,70.63,350.22,False
2022-04-15 03:00:00,0.0,119.64,81.06,95.36,18.54,18.89,31.89,65.79,350.62,False
2022-04-15 04:00:00,0.0,112.4,81.43,95.8,18.5,18.51,32.74,66.9,351.14,False
2022-04-15 05:00:00,0.0,106.3,81.58,95.97,18.38,17.87,33.43,62.44,351.56,False
2022-04-15 06:00:00,0.0,100.23,81.74,96.17,18.56,18.45,32.8,62.48,351.18,False
2022-04-15 07:00:00,0.0,94.23,81.64,96.05,18.83,18.77,32.48,62.52,350.98,False
2022-04-15 08:00:00,11.81,109.9,81.88,96.33,18.11,17.97,31.75,65.6,350.54,False
2022-04-15 09:00:00,0.0,103.17,81.97,96.43,17.36,18.2,31.19,70.44,350.2,False
2022-04-15 10:00:00,9.63,114.44,82.35,96.89,17.94,17.48,32.52,70.99,351.01,False
2022-04-15 11:00:00,0.0,107.75,82.49,97.05,18.39,17.75,30.41,73.49,349.73,False
2022-04-15 12:00:00,0.0,101.49,82.46,97.02,17.82,17.73,27.69,74.95,348.08,False
2022-04-15 13:00:00,0.0,95.35,82.37,96.91,17.52,17.47,26.54,82.73,347.38,False
2022-04-15 14:00:00,0.0,89.19,82.19,96.69,17.97,16.96,26.54,83.44,347.38,False
2022-04-15 15:00:00,0.0,83.91,81.89,96.35,18.43,17.79,25.65,88.13,346.84,False
2022-04-15 16:00:00,6.92,91.54,81.72,96.15,18.32,18.41,24.93,89.42,346.41,False
2022-04-15 17:00:00,0.0,85.75,81.6,96.0,18.92,18.75,24.0,93.2,345.84,False
2022-04-15 18:00:00,4.48,88.64,81.55,95.95,17.99,18.2,23.92,91.69,345.8,False
2022-04-15 19:00:00,0.0,83.72,81.34,95.69,18.5,19.2,24.35,91.41,346.06,False
2022-04-15 20:00:00,0.0,78.34,80.95,95.24,19.23,19.64,24.65,91.1,346.24,False
2022-04-15 21:00:00,0.0,73.55,80.49,94.7,19.79,19.79,23.99,92.11,345.84,False
2022-04-15 22:00:00,53.6,166.06,81.46,95.83,18.33,18.09,26.11,86.78,347.12,False
2022-04-15 23:00:00,0.0,156.14,82.45,97.0,17.37,17.84,26.82,81.45,347.56,False
2022-04-16 00:00:00,0.0,146.62,83.2,97.88,16.54,16.59,28.61,78.01,348.63,False
2022-04-16 01:00:00,1.16,139.9,84.01,98.83,15.7,15.76,31.46,73.33,350.36,False
2022-04-16 02:00:00,0.0,131.75,84.45,99.36,15.76,15.73,30.97,69.1,350.07,False
2022-04-16 03:00:00,0.0,123.79,84.83,99.8,15.16,15.34,31.49,67.0,350.39,False
2022-04-16 04:00:00,0.0,116.54,85.0,100.0,15.52,15.18,32.95,64.33,351.27,False
2022-04-16 05:00:00,0.0,109.62,85.0,100.0,14.56,15.26,33.14,65.78,351.38,False
2022-04-16 06:00:00,0.0,103.14,85.0,100.0,14.94,14.98,33.25,61.86,351.45,False
2022-04-16 07:00:00,0.0,97.15,84.87,99.85,15.42,14.55,33.21,67.14,351.43,False
2022-04-16 08:00:00,10.45,110.03,85.0,100.0,15.14,15.83,33.63,67.38,351.68,False
2022-04-16 09:00:00,0.0,103.15,84.96,99.96,14.6,14.88,31.0,68.14,350.09,False
2022-04-16 10:00:00,2.58,101.75,85.0,100.0,15.46,14.71,31.03,71.0,350.11,False
2022-04-16 11:00:00,9.27,112.3,85.0,100.0,15.04,14.51,29.11,73.26,348.94,False
2022-04-16 12:00:00,46.0,188.23,85.0,100.0,15.77,15.06,28.83,78.54,348.77,False
2022-04-16 13:00:00,0.0,177.1,85.0,100.0,14.95,15.01,26.78,83.8,347.53,False
2022-04-16 14:00:00,0.0,166.86,85.0,100.0,15.46,14.95,26.0,83.59,347.06,False
2022-04-16 15:00:00,0.0,156.8,85.0,100.0,14.86,15.6,25.14,84.83,346.54,False
2022-04-16 16:00:00,0.0,147.39,85.0,100.0,14.91,15.26,25.19,91.53,346.56,False
2022-04-16 17:00:00,0.0,138.19,85.0,100.0,15.2,14.59,24.7,92.17,346.27,False
2022-04-16 18:00:00,0.0,129.84,85.0,100.0,14.32,15.83,23.25,89.76,345.39,False
2022-04-16 19:00:00,0.0,122.11,85.0,100.0,14.19,14.39,24.19,90.06,345.96,False
2022-04-16 20:00:00,0.0,114.78,85.0,100.0,14.73,14.95,24.18,88.41,345.95,False
2022-04-16 21:00:00,0.0,107.78,85.0,100.0,14.48,14.71,24.56,86.45,346.19,False
2022-04-16 22:00:00,0.0,101.53,85.0,100.0,14.1,15.15,26.12,84.35,347.13,False
2022-04-16 23:00:00,0.0,95.46,85.0,100.0,15.3,15.25,27.15,81.09,347.75,False
2022-04-17 00:00:00,0.0,90.51,85.0,100.0,14.68,14.83,29.96,76.7,349.45,False
2022-04-17 01:00:00,14.02,110.37,85.0,100.0,14.86,32.83,29.92,72.86,349.43,True
2022-04-17 02:00:00,2.18,106.84,85.0,100.0,15.06,15.08,29.92,70.54,349.43,False
2022-04-17 03:00:00,0.0,100.1,85.0,100.0,15.2,15.58,31.34,68.44,350.29,False
2022-04-17 04:00:00,0.0,94.25,85.0,100.0,0.11,15.37,33.01,65.24,351.3,True
2022-04-17 05:00:00,0.0,88.4,84.85,99.82,15.23,14.96,34.1,66.79,351.96,False
2022-04-17 06:00:00,0.0,82.93,84.42,99.32,15.76,16.0,32.05,65.02,350.72,False
2022-04-17 07:00:00,39.49,148.66,85.0,100.0,14.8,14.74,31.72,61.3,350.52,False
2022-04-17 08:00:00,0.0,139.59,85.0,100.0,14.71,15.25,33.52,66.92,351.61,False
2022-04-17 09:00:00,0.0,131.28,85.0,100.0,14.07,15.21,31.92,69.31,350.64,False
2022-04-17 10:00:00,0.0,123.52,85.0,100.0,15.26,14.79,30.23,70.13,349.62,False
2022-04-17 11:00:00,0.0,115.8,85.0,100.0,14.73,26.2,29.99,71.39,349.47,True
2022-04-17 12:00:00,0.0,109.09,84.92,99.9,15.87,15.67,26.92,78.02,347.61,False
2022-04-17 13:00:00,44.63,182.52,85.0,100.0,15.3,15.17,27.34,81.61,347.87,False
2022-04-17 14:00:00,0.0,171.7,85.0,100.0,15.38,15.01,26.45,82.76,347.33,False
2022-04-17 15:00:00,0.0,161.5,85.0,100.0,35.28,15.01,25.87,85.0,346.98,True
2022-04-17 16:00:00,0.0,151.53,85.0,100.0,15.21,15.39,23.99,89.95,345.84,False
2022-04-17 17:00:00,0.0,142.12,85.0,100.0,15.19,15.87,24.2,91.06,345.97,False
2022-04-17 18:00:00,0.0,133.71,85.0,100.0,15.23,15.36,23.44,91.17,345.51,False
2022-04-17 19:00:00,6.94,138.0,85.0,100.0,15.07,15.15,24.31,91.36,346.03,False
2022-04-17 20:00:00,0.0,129.67,85.0,100.0,14.75,15.11,24.07,87.92,345.88,False
2022-04-17 21:00:00,0.0,122.09,85.0,100.0,14.53,15.15,25.07,87.03,346.49,False
2022-04-17 22:00:00,0.03,114.96,85.0,100.0,15.17,14.6,25.65,86.07,346.85,False
2022-04-17 23:00:00,0.0,107.78,85.0,100.0,15.52,27.23,27.73,80.92,348.1,True
2022-04-18 00:00:00,0.0,101.3,85.0,100.0,14.95,14.48,29.02,74.66,348.88,False
2022-04-18 01:00:00,0.0,94.94,84.83,99.8,15.23,15.35,29.52,73.43,349.19,False
2022-04-18 02:00:00,7.29,102.62,84.95,99.95,14.52,14.86,30.77,68.86,349.95,False
2022-04-18 03:00:00,0.0,96.93,84.83,99.8,14.99,15.52,30.81,68.63,349.97,False
2022-04-18 04:00:00,0.0,90.86,84.68,99.62,14.83,15.48,32.22,66.51,350.82,False
2022-04-18 05:00:00,0.0,85.4,84.42,99.31,99.0,15.44,32.82,61.16,351.19,True
2022-04-18 06:00:00,0.0,80.55,84.21,99.07,15.83,15.39,34.57,65.52,352.25,False
2022-04-18 07:00:00,15.68,103.95,84.35,99.23,15.63,16.24,32.18,62.25,350.8,False
2022-04-18 08:00:00,0.0,97.89,84.27,99.15,16.04,15.69,33.28,68.99,351.47,False
2022-04-18 09:00:00,0.0,92.03,84.16,99.01,16.15,28.54,32.28,68.0,350.86,True
2022-04-18 10:00:00,0.0,86.19,84.06,98.89,15.59,15.45,30.92,68.51,350.04,False
2022-04-18 11:00:00,0.85,82.59,83.91,98.72,15.31,15.98,30.72,72.09,349.92,False
2022-04-18 12:00:00,0.0,77.97,83.46,98.19,16.16,15.64,28.72,78.7,348.71,False
2022-04-18 13:00:00,0.0,73.38,83.15,97.83,16.56,17.15,27.57,80.84,348.01,False
2022-04-18 14:00:00,0.0,69.47,82.77,97.38,17.45,17.57,26.22,84.81,347.19,False
2022-04-18 15:00:00,0.0,64.77,82.22,96.73,18.02,17.53,26.05,91.13,347.09,False
2022-04-18 16:00:00,0.0,61.0,81.59,95.99,18.39,18.15,25.26,88.73,346.61,False
2022-04-18 17:00:00,28.9,109.16,81.73,96.15,18.57,18.12,23.78,91.64,345.71,False
2022-04-18 18:00:00,0.0,102.34,81.69,96.11,19.33,18.21,23.21,94.84,345.36,False
2022-04-18 19:00:00,0.0,96.6,81.69,96.11,18.26,18.09,24.03,92.06,345.86,False
2022-04-18 20:00:00,39.33,161.53,82.73,97.33,17.18,36.09,24.12,86.91,345.92,True
2022-04-18 21:00:00,44.9,232.55,85.0,100.0,14.66,14.81,25.28,88.91,346.62,False
2022-04-18 22:00:00,0.0,218.7,85.0,100.0,15.13,14.24,26.99,82.67,347.66,False
2022-04-18 23:00:00,17.23,235.94,85.0,100.0,15.45,14.9,27.06,84.44,347.7,False
2022-04-19 00:00:00,0.0,222.19,85.0,100.0,14.8,14.8,28.47,76.35,348.56,False
2022-04-19 01:00:00,0.0,209.43,85.0,100.0,14.84,14.48,29.7,80.32,349.3,False
2022-04-19 02:00:00,0.0,197.14,85.0,100.0,14.79,15.08,31.26,73.93,350.24,False
2022-04-19 03:00:00,0.0,185.44,85.0,100.0,14.54,14.23,30.33,66.51,349.68,False
2022-04-19 04:00:00,0.0,174.25,85.0,100.0,15.05,15.15,32.03,65.92,350.71,False
2022-04-19 05:00:00,0.0,163.47,85.0,100.0,15.07,14.99,32.97,65.98,351.28,False
2022-04-19 06:00:00,0.0,154.02,85.0,100.0,14.98,14.77,33.72,65.57,351.73,False
2022-04-19 07:00:00,0.0,145.05,85.0,100.0,15.74,14.54,32.55,65.36,351.03,False
2022-04-19 08:00:00,23.71,179.17,85.0,100.0,15.16,14.41,31.27,68.38,350.25,False
2022-04-19 09:00:00,0.0,168.52,85.0,100.0,14.55,15.35,32.05,67.85,350.72,False
2022-04-19 10:00:00,0.0,158.5,85.0,100.0,15.25,14.88,30.37,70.27,349.7,False
2022-04-19 11:00:00,0.0,148.83,85.0,100.0,14.86,14.33,28.95,73.68,348.84,False
2022-04-19 12:00:00,0.0,140.65,85.0,100.0,14.87,15.0,28.13,79.72,348.34,False
2022-04-19 13:00:00,0.0,132.13,85.0,100.0,14.93,14.89,27.22,82.35,347.8,False
2022-04-19 14:00:00,0.0,124.07,85.0,100.0,14.89,27.57,25.89,85.58,346.99,True
2022-04-19 15:00:00,0.0,116.96,85.0,100.0,15.11,14.84,23.99,89.49,345.84,False
2022-04-19 16:00:00,0.0,109.94,85.0,100.0,15.85,15.39,25.14,86.02,346.54,False
2022-04-19 17:00:00,0.0,103.33,85.0,100.0,14.85,14.91,24.92,92.14,346.4,False
2022-04-19 18:00:00,2.03,101.21,85.0,100.0,15.04,14.53,24.39,92.44,346.08,False
2022-04-19 19:00:00,0.0,95.34,84.92,99.91,15.17,15.27,23.47,94.86,345.52,False
2022-04-19 20:00:00,0.0,89.84,84.71,99.66,15.08,15.77,24.48,87.07,346.14,False
2022-04-19 21:00:00,0.0,84.02,84.34,99.22,15.5,16.03,25.31,91.01,346.64,False
2022-04-19 22:00:00,0.0,79.1,84.0,98.83,16.4,16.12,26.61,85.15,347.43,False
2022-04-19 23:00:00,0.0,74.05,83.49,98.22,16.3,16.91,27.74,82.6,348.11,False
2022-04-20 00:00:00,0.0,69.47,83.02,97.67,16.62,17.05,28.06,81.35,348.3,False
2022-04-20 01:00:00,0.0,65.36,82.46,97.01,18.25,17.57,29.71,75.5,349.31,False
2022-04-20 02:00:00,2.53,65.97,81.89,96.34,17.63,17.53,31.02,71.8,350.1,False
2022-04-20 03:00:00,0.0,62.21,81.37,95.73,18.99,18.72,32.56,68.59,351.03,False
2022-04-20 04:00:00,0.0,58.71,80.63,94.85,19.29,19.98,32.82,64.91,351.19,False
2022-04-20 05:00:00,1.98,59.01,79.82,93.91,19.69,19.52,33.32,64.42,351.49,False
2022-04-20 06:00:00,0.0,55.06,79.08,93.04,20.77,20.39,33.05,62.57,351.33,False
2022-04-20 07:00:00,0.0,52.47,78.26,92.07,21.65,21.61,33.69,64.39,351.72,False
2022-04-20 08:00:00,22.49,89.8,78.12,91.91,21.23,21.33,32.64,61.2,351.08,False
2022-04-20 09:00:00,11.58,105.62,78.17,91.96,22.0,22.1,31.17,68.96,350.19,False
2022-04-20 10:00:00,0.0,98.53,78.21,92.01,21.93,21.1,31.59,70.76,350.44,False
2022-04-20 11:00:00,0.0,92.53,78.03,91.8,21.83,22.24,30.08,73.7,349.53,False
2022-04-20 12:00:00,0.0,86.54,77.75,91.48,22.44,22.65,28.23,78.44,348.41,False
2022-04-20 13:00:00,0.0,81.09,77.51,91.19,22.57,22.75,27.05,78.76,347.69,False
2022-04-20 14:00:00,0.0,76.24,77.14,90.76,23.38,22.87,26.43,88.86,347.32,False
2022-04-20 15:00:00,0.0,71.57,76.6,90.12,22.97,23.61,25.6,87.69,346.81,False
2022-04-20 16:00:00,0.0,67.67,76.01,89.43,23.87,23.53,24.72,89.83,346.28,False
2022-04-20 17:00:00,0.0,64.14,75.41,88.72,24.99,24.69,24.34,89.59,346.05,False
2022-04-20 18:00:00,0.0,60.0,74.68,87.86,25.54,25.07,25.02,92.05,346.46,False
2022-04-20 19:00:00,38.41,125.4,75.11,88.36,23.97,25.25,24.8,94.3,346.33,False
2022-04-20 20:00:00,0.0,117.56,75.41,88.71,23.93,24.88,24.72,92.2,346.28,False
2022-04-20 21:00:00,0.0,110.86,75.54,88.87,24.46,24.14,25.88,89.61,346.98,False
2022-04-20 22:00:00,0.0,104.25,75.69,89.05,24.97,24.45,25.63,86.09,346.83,False
2022-04-20 23:00:00,0.0,98.01,75.6,88.94,24.23,24.56,27.57,80.91,348.01,False
2022-04-21 00:00:00,0.0,92.22,75.6,88.94,24.66,24.21,29.59,75.1,349.23,False
2022-04-21 01:00:00,0.0,86.59,75.38,88.69,24.65,24.63,29.53,73.97,349.2,False
2022-04-21 02:00:00,0.0,81.14,75.04,88.29,25.19,25.16,30.24,70.53,349.63,False
2022-04-21 03:00:00,0.0,76.29,74.72,87.9,25.71,25.1,31.29,70.2,350.26,False
2022-04-21 04:00:00,0.0,71.63,74.27,87.38,26.1,25.37,31.74,66.49,350.54,False
2022-04-21 05:00:00,0.0,67.44,73.82,86.85,26.54,26.27,32.38,67.7,350.92,False
2022-04-21 06:00:00,0.0,62.9,73.07,85.96,26.69,27.53,32.78,66.39,351.16,False
2022-04-21 07:00:00,0.0,59.18,72.45,85.24,27.48,27.48,32.0,63.56,350.69,False
2022-04-21 08:00:00,0.0,55.43,71.7,84.35,28.51,28.16,32.41,62.29,350.94,False
2022-04-21 09:00:00,0.0,52.15,71.57,84.2,28.62,28.11,32.22,70.87,350.83,False
2022-04-21 10:00:00,0.0,49.29,71.38,83.98,28.85,29.08,30.21,73.72,349.6,False
2022-04-21 11:00:00,0.0,46.16,71.26,83.84,28.03,29.09,30.58,71.64,349.83,False
2022-04-21 12:00:00,0.0,43.75,70.84,83.34,29.64,29.1,28.81,81.02,348.76,False
2022-04-21 13:00:00,0.0,40.61,70.65,83.11,28.67,29.04,27.95,82.39,348.24,False
2022-04-21 14:00:00,0.0,38.63,70.35,82.76,29.35,29.33,25.86,85.32,346.97,False
2022-04-21 15:00:00,0.0,36.69,69.97,82.32,30.11,29.69,25.83,91.13,346.95,False
2022-04-21 16:00:00,0.0,34.22,69.43,81.68,30.56,30.38,23.95,92.81,345.81,False
2022-04-21 17:00:00,0.0,31.9,68.82,80.97,31.74,30.95,24.69,92.83,346.26,False
2022-04-21 18:00:00,0.0,29.54,68.27,80.32,31.26,31.43,24.1,92.95,345.91,False
2022-04-21 19:00:00,4.57,36.26,67.93,79.91,31.93,32.52,24.49,92.76,346.14,False
2022-04-21 20:00:00,0.0,33.99,67.49,79.4,31.72,33.14,23.9,89.32,345.78,False
2022-04-21 21:00:00,0.0,31.83,67.07,78.91,32.98,32.49,24.78,87.79,346.32,False
2022-04-21 22:00:00,0.0,29.58,66.45,78.17,33.47,33.33,26.61,83.2,347.42,False
2022-04-21 23:00:00,0.0,28.35,65.92,77.56,33.58,33.7,26.77,80.96,347.52,False
2022-04-22 00:00:00,0.0,26.36,66.01,77.66,34.51,34.12,28.78,77.27,348.74,False
2022-04-22 01:00:00,0.0,24.78,66.1,77.76,34.33,33.77,28.84,73.11,348.78,False
2022-04-22 02:00:00,41.28,97.67,67.19,79.04,32.84,32.4,31.26,71.27,350.24,False
2022-04-22 03:00:00,0.0,91.69,67.69,79.63,32.77,32.98,30.94,67.45,350.05,False
2022-04-22 04:00:00,0.0,86.01,68.09,80.11,31.87,32.1,32.73,66.88,351.13,False
2022-04-22 05:00:00,0.0,80.74,68.39,80.46,31.9,31.22,33.22,61.23,351.43,False
2022-04-22 06:00:00,0.0,76.06,68.73,80.86,31.62,31.88,32.58,63.77,351.04,False
2022-04-22 07:00:00,13.09,94.95,69.54,81.81,30.03,30.0,33.2,64.74,351.42,False
2022-04-22 08:00:00,0.0,89.74,69.95,82.29,30.23,30.3,32.55,65.25,351.03,False
2022-04-22 09:00:00,36.31,149.48,71.47,84.08,28.6,29.5,31.36,67.76,350.3,False
2022-04-22 10:00:00,50.59,231.8,74.36,87.48,25.23,25.59,30.14,67.83,349.57,False
2022-04-22 11:00:00,0.0,217.37,76.37,89.84,23.12,23.52,28.49,75.09,348.56,False
2022-04-22 12:00:00,0.0,204.09,78.23,92.04,21.96,21.83,28.71,79.3,348.7,False
2022-04-22 13:00:00,0.0,191.6,79.82,93.9,20.07,21.07,26.4,82.61,347.3,False
2022-04-22 14:00:00,0.0,179.77,81.0,95.3,18.41,19.59,26.31,87.08,347.24,False
2022-04-22 15:00:00,0.0,169.07,82.07,96.55,18.17,17.76,25.16,88.3,346.55,False
2022-04-22 16:00:00,0.0,158.89,82.99,97.63,17.38,17.13,25.01,91.08,346.46,False
2022-04-22 17:00:00,0.0,148.68,83.77,98.55,15.76,16.6,23.97,91.84,345.83,False
2022-04-22 18:00:00,0.0,140.35,84.46,99.36,15.54,27.37,23.8,93.38,345.72,True
2022-04-22 19:00:00,0.0,131.99,85.0,100.0,15.61,14.55,24.59,88.37,346.2,False
2022-04-22 20:00:00,48.22,210.86,85.0,100.0,14.64,15.43,24.8,88.34,346.33,False
2022-04-22 21:00:00,0.0,198.61,85.0,100.0,15.68,15.2,25.51,91.07,346.76,False
2022-04-22 22:00:00,0.0,186.99,85.0,100.0,14.87,15.13,26.53,80.08,347.38,False
2022-04-22 23:00:00,54.13,273.11,85.0,100.0,14.97,15.44,26.41,81.34,347.31,False
2022-04-23 00:00:00,0.0,256.14,85.0,100.0,14.44,14.54,28.95,80.34,348.85,False
2022-04-23 01:00:00,0.0,240.94,85.0,100.0,14.46,14.91,30.03,74.19,349.5,False
2022-04-23 02:00:00,0.0,226.2,85.0,100.0,14.74,16.06,30.14,70.19,349.56,False
2022-04-23 03:00:00,1.66,215.99,85.0,100.0,15.35,15.23,31.54,68.36,350.41,False
2022-04-23 04:00:00,1.8,206.03,85.0,100.0,15.94,15.25,32.37,65.17,350.92,False
2022-04-23 05:00:00,0.0,193.54,85.0,100.0,16.04,15.04,32.77,64.54,351.16,False
2022-04-23 06:00:00,0.0,181.52,85.0,100.0,14.95,14.26,33.2,62.63,351.42,False
2022-04-23 07:00:00,0.0,170.25,85.0,100.0,14.86,14.67,33.71,66.69,351.73,False
2022-04-23 08:00:00,0.0,160.0,85.0,100.0,14.61,15.37,33.05,68.72,351.33,False
2022-04-23 09:00:00,0.0,150.34,85.0,100.0,15.45,14.78,30.89,67.83,350.02,False
2022-04-23 10:00:00,0.0,141.18,85.0,100.0,14.71,14.93,31.12,68.23,350.16,False
2022-04-23 11:00:00,0.0,133.32,85.0,100.0,14.91,15.12,30.46,73.33,349.76,False
2022-04-23 12:00:00,0.0,125.51,85.0,100.0,15.2,14.61,28.73,77.63,348.71,False
2022-04-23 13:00:00,0.0,117.98,85.0,100.0,15.18,14.49,27.99,82.63,348.26,False
2022-04-23 14:00:00,4.67,118.47,85.0,100.0,14.76,14.99,27.46,82.98,347.94,False
2022-04-23 15:00:00,0.0,111.61,85.0,100.0,14.96,14.85,25.93,86.36,347.01,False
2022-04-23 16:00:00,0.96,107.54,85.0,100.0,14.77,15.09,24.75,91.15,346.3,False
2022-04-23 17:00:00,0.0,101.03,85.0,100.0,14.67,14.43,24.78,93.4,346.32,False
2022-04-23 18:00:00,0.0,94.72,85.0,100.0,14.59,14.79,24.09,90.76,345.9,False
2022-04-23 19:00:00,0.0,89.09,84.85,99.82,14.56,15.43,24.17,88.86,345.95,False
2022-04-23 20:00:00,0.0,83.32,84.61,99.55,15.53,16.56,24.39,96.69,346.08,False
2022-04-23 21:00:00,0.0,78.45,84.29,99.17,15.61,15.75,26.26,89.47,347.21,False
2022-04-23 22:00:00,57.27,177.29,85.0,100.0,14.55,15.27,25.76,84.47,346.91,False
2022-04-23 23:00:00,0.0,166.45,85.0,100.0,14.51,15.2,28.25,83.36,348.42,False
2022-04-24 00:00:00,50.28,246.78,85.0,100.0,14.5,15.12,28.8,77.75,348.75,False
2022-04-24 01:00:00,0.0,231.95,85.0,100.0,14.76,15.27,28.83,76.11,348.77,False
2022-04-24 02:00:00,0.0,217.88,85.0,100.0,15.45,14.62,30.97,71.32,350.07,False
2022-04-24 03:00:00,0.0,204.36,85.0,100.0,14.73,14.86,30.42,68.28,349.74,False
2022-04-24 04:00:00,14.42,217.94,85.0,100.0,15.22,15.1,32.77,65.65,351.16,False
2022-04-24 05:00:00,35.67,268.9,85.0,100.0,15.62,14.61,33.38,61.58,351.53,False
2022-04-24 06:00:00,0.0,253.17,85.0,100.0,15.07,15.17,32.64,67.88,351.08,False
2022-04-24 07:00:00,16.46,267.95,85.0,100.0,14.69,14.23,32.92,62.59,351.25,False
2022-04-24 08:00:00,10.6,271.38,85.0,100.0,14.96,15.32,33.57,63.16,351.64,False
2022-04-24 09:00:00,0.0,255.33,85.0,100.0,14.98,14.94,31.38,67.67,350.32,False
2022-04-24 10:00:00,0.0,240.08,85.0,100.0,15.69,15.28,30.11,69.08,349.55,False
2022-04-24 11:00:00,68.25,348.27,85.0,100.0,14.31,15.4,30.55,74.27,349.82,False
2022-04-24 12:00:00,0.0,327.77,85.0,100.0,15.45,15.56,29.68,79.38,349.28,False
2022-04-24 13:00:00,0.0,308.21,85.0,100.0,14.3,15.11,27.34,83.61,347.87,False
2022-04-24 14:00:00,18.56,322.74,85.0,100.0,15.32,14.31,26.86,86.63,347.58,False
2022-04-24 15:00:00,0.0,303.1,85.0,100.0,14.84,14.3,26.12,87.29,347.13,False
2022-04-24 16:00:00,0.0,284.54,85.0,100.0,15.73,14.49,24.16,90.22,345.94,False
2022-04-24 17:00:00,0.0,266.85,85.0,100.0,15.27,15.29,23.86,92.34,345.76,False
2022-04-24 18:00:00,0.11,251.16,85.0,100.0,15.23,14.44,24.74,88.48,346.29,False
2022-04-24 19:00:00,0.0,235.72,85.0,100.0,14.62,14.91,25.16,92.66,346.55,False
2022-04-24 20:00:00,0.0,221.35,85.0,100.0,15.72,26.83,24.94,87.21,346.41,True
2022-04-24 21:00:00,0.0,208.08,85.0,100.0,16.13,15.14,24.79,91.98,346.32,False
2022-04-24 22:00:00,0.0,195.54,85.0,100.0,15.8,15.29,27.44,84.19,347.93,False
2022-04-24 23:00:00,7.36,196.85,85.0,100.0,14.6,15.04,27.02,81.25,347.67,False
2022-04-25 00:00:00,0.0,185.49,85.0,100.0,14.92,15.32,28.3,76.46,348.45,False
2022-04-25 01:00:00,0.0,173.9,85.0,100.0,14.52,14.56,29.87,73.12,349.4,False
2022-04-25 02:00:00,0.0,163.02,85.0,100.0,14.76,15.41,31.68,75.55,350.5,False
2022-04-25 03:00:00,0.0,153.38,85.0,100.0,15.11,15.05,32.19,69.98,350.81,False
2022-04-25 04:00:00,0.0,143.99,85.0,100.0,15.29,15.3,32.65,62.78,351.08,False
2022-04-25 05:00:00,0.0,135.15,85.0,100.0,15.21,14.79,33.12,67.49,351.37,False
2022-04-25 06:00:00,0.0,126.72,85.0,100.0,14.31,14.18,33.03,66.39,351.31,False
2022-04-25 07:00:00,0.0,119.22,85.0,100.0,14.99,15.27,33.18,63.91,351.41,False
2022-04-25 08:00:00,0.0,112.13,85.0,100.0,15.21,14.94,30.88,66.49,350.01,False
2022-04-25 09:00:00,0.0,105.44,85.0,100.0,15.38,15.48,31.5,68.07,350.39,False
2022-04-25 10:00:00,0.0,98.94,85.0,100.0,15.17,15.17,30.89,74.95,350.02,False
2022-04-25 11:00:00,0.0,92.78,84.94,99.92,15.26,16.25,28.97,72.78,348.86,False
2022-04-25 12:00:00,0.0,87.16,84.84,99.81,15.07,15.67,28.73,78.29,348.71,False
2022-04-25 13:00:00,0.0,82.22,84.54,99.45,15.57,15.36,27.21,80.77,347.79,False
2022-04-25 14:00:00,0.0,77.76,84.1,98.94,16.93,15.27,27.3,82.13,347.85,False
2022-04-25 15:00:00,0.0,73.43,83.68,98.45,16.8,15.97,26.26,92.28,347.21,False
2022-04-25 16:00:00,2.84,74.28,83.41,98.13,16.73,16.21,24.32,87.76,346.04,False
2022-04-25 17:00:00,0.0,70.12,82.8,97.41,17.49,16.99,24.06,91.96,345.88,False
2022-04-25 18:00:00,28.77,117.34,82.93,97.57,17.1,17.02,23.96,88.52,345.82,False
2022-04-25 19:00:00,0.0,110.08,83.12,97.78,16.91,17.01,23.88,90.72,345.77,False
2022-04-25 20:00:00,0.0,103.64,83.17,97.85,17.21,17.38,24.72,90.97,346.28,False
2022-04-25 21:00:00,0.0,97.38,83.14,97.81,16.62,16.51,24.86,86.25,346.37,False
2022-04-25 22:00:00,0.0,91.64,83.01,97.66,16.94,16.44,25.57,86.17,346.8,False
2022-04-25 23:00:00,0.0,86.44,82.89,97.52,16.56,17.44,27.71,81.09,348.09,False
2022-04-26 00:00:00,0.0,81.5,82.6,97.18,17.71,17.93,28.88,80.32,348.8,False
2022-04-26 01:00:00,0.06,76.39,82.3,96.83,18.13,17.5,29.18,77.1,348.98,False
2022-04-26 02:00:00,0.0,71.81,81.66,96.07,18.58,18.76,31.29,69.83,350.26,False
2022-04-26 03:00:00,0.0,67.22,81.1,95.41,18.81,19.21,31.3,68.25,350.27,False
2022-04-26 04:00:00,7.43,76.33,80.67,94.9,19.32,18.65,32.55,66.24,351.02,False
2022-04-26 05:00:00,23.34,113.25,80.73,94.98,19.33,19.01,33.34,65.72,351.5,False
2022-04-26 06:00:00,19.3,141.23,81.45,95.83,18.99,18.36,32.98,64.03,351.29,False
2022-04-26 07:00:00,0.0,132.22,82.01,96.48,18.41,18.79,33.12,64.86,351.37,False
2022-04-26 08:00:00,0.0,124.4,82.4,96.95,17.02,17.8,32.09,65.39,350.74,False
2022-04-26 09:00:00,2.15,121.22,82.77,97.38,16.87,17.02,31.56,68.33,350.43,False
2022-04-26 10:00:00,0.0,114.1,83.04,97.7,17.13,16.68,30.63,73.6,349.86,False
2022-04-26 11:00:00,84.73,259.78,85.0,100.0,14.46,14.37,29.22,75.67,349.01,False
2022-04-26 12:00:00,0.0,244.65,85.0,100.0,15.37,15.43,28.39,79.4,348.51,False
2022-04-26 13:00:00,0.0,230.07,85.0,100.0,14.89,15.16,26.41,83.07,347.3,False
2022-04-26 14:00:00,13.76,240.78,85.0,100.0,15.28,15.25,25.96,84.69,347.03,False
2022-04-26 15:00:00,0.0,226.37,85.0,100.0,15.01,14.49,25.15,88.54,346.54,False
2022-04-26 16:00:00,0.0,213.38,85.0,100.0,14.96,15.29,24.45,87.95,346.12,False
2022-04-26 17:00:00,0.0,200.25,85.0,100.0,14.57,14.9,24.01,94.06,345.85,False
2022-04-26 18:00:00,0.0,187.82,85.0,100.0,14.78,14.71,23.96,86.43,345.82,False
2022-04-26 19:00:00,0.0,176.74,85.0,100.0,14.95,15.21,24.44,91.35,346.11,False
2022-04-26 20:00:00,0.0,166.06,85.0,100.0,14.94,14.52,25.13,92.41,346.53,False
2022-04-26 21:00:00,43.13,233.57,85.0,100.0,15.29,15.07,24.93,85.17,346.41,False
2022-04-26 22:00:00,12.11,240.97,85.0,100.0,14.74,14.89,25.53,85.8,346.77,False
2022-04-26 23:00:00,0.0,225.93,85.0,100.0,14.99,15.43,26.71,80.26,347.49,False
2022-04-27 00:00:00,0.0,211.93,85.0,100.0,15.6,15.36,28.21,77.26,348.39,False
2022-04-27 01:00:00,34.24,261.34,85.0,100.0,15.33,15.04,29.45,76.27,349.15,False
2022-04-27 02:00:00,0.0,245.65,85.0,100.0,15.04,15.11,30.29,71.4,349.65,False
2022-04-27 03:00:00,0.0,230.33,85.0,100.0,14.42,15.24,30.9,64.03,350.03,False
2022-04-27 04:00:00,0.0,216.86,85.0,100.0,14.45,15.0,32.12,63.92,350.77,False
2022-04-27 05:00:00,0.0,204.22,85.0,100.0,15.25,14.67,32.96,66.43,351.27,False
2022-04-27 06:00:00,0.0,192.34,85.0,100.0,15.3,14.81,33.36,64.9,351.51,False
2022-04-27 07:00:00,27.21,229.65,85.0,100.0,14.22,14.51,32.51,67.97,351.0,False
2022-04-27 08:00:00,0.0,215.79,85.0,100.0,15.28,15.37,32.15,69.24,350.78,False
2022-04-27 09:00:00,0.0,202.88,85.0,100.0,14.78,15.16,31.13,67.42,350.16,False
2022-04-27 10:00:00,0.0,191.13,85.0,100.0,14.84,14.83,30.73,76.01,349.92,False
2022-04-27 11:00:00,1.79,182.71,85.0,100.0,15.36,14.71,29.16,74.43,348.97,False
2022-04-27 12:00:00,0.0,171.52,85.0,100.0,15.29,15.09,28.84,76.07,348.78,False
2022-04-27 13:00:00,2.64,166.19,85.0,100.0,14.96,14.43,26.26,80.36,347.22,False
2022-04-27 14:00:00,0.0,156.58,85.0,100.0,15.28,14.57,26.03,80.49,347.08,False
2022-04-27 15:00:00,0.0,147.17,85.0,100.0,14.85,14.99,25.5,91.11,346.75,False
2022-04-27 16:00:00,0.0,138.54,85.0,100.0,14.68,15.98,24.71,93.31,346.28,False
2022-04-27 17:00:00,0.0,130.27,85.0,100.0,15.5,15.18,25.77,89.49,346.92,False
2022-04-27 18:00:00,0.0,122.37,85.0,100.0,15.53,15.07,24.21,91.54,345.97,False
2022-04-27 19:00:00,0.0,114.78,85.0,100.0,14.74,14.53,23.55,91.71,345.57,False
2022-04-27 20:00:00,76.31,244.92,85.0,100.0,14.79,14.63,24.55,88.2,346.17,False
2022-04-27 21:00:00,0.57,231.06,85.0,100.0,15.36,15.54,24.25,84.39,346.0,False
2022-04-27 22:00:00,0.0,216.9,85.0,100.0,14.72,14.82,26.2,84.58,347.18,False
2022-04-27 23:00:00,0.0,203.97,85.0,100.0,15.32,15.03,26.84,80.98,347.56,False
2022-04-28 00:00:00,0.0,192.1,85.0,100.0,14.59,15.24,29.05,77.22,348.9,False
2022-04-28 01:00:00,8.78,196.43,85.0,100.0,14.89,14.83,29.33,74.82,349.08,False
2022-04-28 02:00:00,17.01,214.98,85.0,100.0,15.39,14.8,30.68,73.86,349.89,False
2022-04-28 03:00:00,0.0,202.34,85.0,100.0,14.61,14.31,31.3,67.49,350.27,False
2022-04-28 04:00:00,0.0,190.29,85.0,100.0,14.76,14.51,33.44,66.22,351.56,False
2022-04-28 05:00:00,0.0,179.02,85.0,100.0,15.15,27.23,32.65,65.93,351.09,True
2022-04-28 06:00:00,0.0,168.12,85.0,100.0,14.28,14.82,34.1,65.11,351.96,False
2022-04-28 07:00:00,0.0,158.38,85.0,100.0,15.03,27.27,33.34,63.25,351.5,True
2022-04-28 08:00:00,45.62,231.33,85.0,100.0,15.46,14.37,32.69,66.07,351.11,False
2022-04-28 09:00:00,0.0,217.4,85.0,100.0,15.35,15.32,31.9,69.2,350.63,False
2022-04-28 10:00:00,0.0,204.57,85.0,100.0,14.98,14.98,30.99,68.74,350.08,False
2022-04-28 11:00:00,57.69,296.47,85.0,100.0,15.01,14.41,28.51,76.9,348.58,False
2022-04-28 12:00:00,0.0,278.54,85.0,100.0,15.6,15.45,28.33,80.86,348.47,False
2022-04-28 13:00:00,0.0,261.81,85.0,100.0,15.55,14.44,27.84,80.18,348.17,False
2022-04-28 14:00:00,0.0,246.12,85.0,100.0,14.96,15.43,26.22,85.39,347.19,False
2022-04-28 15:00:00,0.0,231.02,85.0,100.0,14.75,14.99,24.47,89.18,346.13,False
2022-04-28 16:00:00,0.0,217.3,85.0,100.0,15.34,14.64,24.57,89.03,346.19,False
2022-04-28 17:00:00,0.0,204.56,85.0,100.0,15.45,15.74,25.18,92.49,346.56,False
2022-04-28 18:00:00,0.0,192.25,85.0,100.0,15.55,15.16,24.75,92.33,346.3,False
2022-04-28 19:00:00,0.0,180.81,85.0,100.0,15.23,15.49,24.12,88.59,345.91,False
2022-04-28 20:00:00,14.11,195.78,85.0,100.0,14.86,15.17,25.17,91.04,346.56,False
2022-04-28 21:00:00,0.0,183.91,85.0,100.0,14.33,14.91,25.1,85.7,346.51,False
2022-04-28 22:00:00,0.0,172.98,85.0,100.0,15.78,14.65,25.23,86.88,346.59,False
2022-04-28 23:00:00,0.0,162.43,85.0,100.0,15.64,14.93,26.78,80.28,347.53,False
2022-04-29 00:00:00,0.0,152.51,85.0,100.0,14.69,15.07,29.44,77.68,349.14,False
2022-04-29 01:00:00,11.76,164.63,85.0,100.0,15.08,15.33,29.5,77.12,349.18,False
2022-04-29 02:00:00,17.68,186.65,85.0,100.0,14.91,14.84,30.6,71.99,349.85,False
2022-04-29 03:00:00,0.0,175.62,85.0,100.0,15.03,15.21,31.5,65.94,350.39,False
2022-04-29 04:00:00,0.0,165.1,85.0,100.0,14.84,15.67,33.54,63.85,351.62,False
2022-04-29 05:00:00,14.86,182.08,85.0,100.0,15.28,15.06,33.82,63.28,351.8,False
2022-04-29 06:00:00,19.57,206.88,85.0,100.0,14.55,14.22,34.33,64.79,352.1,False
2022-04-29 07:00:00,0.0,194.78,85.0,100.0,14.84,15.02,32.75,65.19,351.15,False
2022-04-29 08:00:00,8.15,197.86,85.0,100.0,15.35,14.96,32.57,64.19,351.04,False
2022-04-29 09:00:00,0.0,186.14,85.0,100.0,14.21,14.95,30.77,65.77,349.95,False
2022-04-29 10:00:00,29.68,228.3,85.0,100.0,15.12,14.36,31.64,71.56,350.47,False
2022-04-29 11:00:00,0.0,214.56,85.0,100.0,14.78,15.11,28.96,74.01,348.85,False
2022-04-29 12:00:00,34.02,263.07,85.0,100.0,15.65,14.79,28.63,82.31,348.65,False
2022-04-29 13:00:00,0.0,247.31,85.0,100.0,15.13,14.96,26.68,81.7,347.47,False
2022-04-29 14:00:00,0.0,232.71,85.0,100.0,14.69,15.38,25.9,88.63,346.99,False
2022-04-29 15:00:00,16.24,248.35,85.0,100.0,15.58,14.68,24.82,85.56,346.34,False
2022-04-29 16:00:00,0.0,233.42,85.0,100.0,15.01,14.96,24.24,86.98,345.99,False
2022-04-29 17:00:00,0.0,218.81,85.0,100.0,15.05,14.92,23.83,89.28,345.74,False
2022-04-29 18:00:00,0.0,206.29,85.0,100.0,15.35,14.93,23.67,94.38,345.64,False
2022-04-29 19:00:00,0.0,193.72,85.0,100.0,14.76,14.82,24.65,95.04,346.24,False
2022-04-29 20:00:00,0.0,182.16,85.0,100.0,15.58,14.84,23.94,88.56,345.81,False
2022-04-29 21:00:00,0.0,171.44,85.0,100.0,15.23,15.67,25.45,86.98,346.72,False
2022-04-29 22:00:00,35.45,225.39,85.0,100.0,14.74,14.83,26.98,82.66,347.65,False
2022-04-29 23:00:00,0.0,212.41,85.0,100.0,14.83,15.11,27.03,78.0,347.68,False
2022-04-30 00:00:00,0.53,200.51,85.0,100.0,14.5,15.04,28.07,79.44,348.31,False
2022-04-30 01:00:00,0.0,188.83,85.0,100.0,15.12,15.03,29.53,74.82,349.19,False
2022-04-30 02:00:00,0.0,177.56,85.0,100.0,14.93,15.19,31.46,71.02,350.36,False
2022-04-30 03:00:00,0.0,167.73,85.0,100.0,15.13,14.75,31.8,65.3,350.57,False
2022-04-30 04:00:00,0.0,158.0,85.0,100.0,14.32,15.56,32.08,69.16,350.74,False
2022-04-30 05:00:00,0.87,150.03,85.0,100.0,14.79,14.63,33.14,63.47,351.38,False
2022-04-30 06:00:00,0.0,140.79,85.0,100.0,14.61,14.93,32.34,65.07,350.9,False
2022-04-30 07:00:00,4.4,139.48,85.0,100.0,15.2,14.53,33.26,61.57,351.45,False
2022-04-30 08:00:00,0.0,131.31,85.0,100.0,14.76,15.36,32.64,65.49,351.08,False
2022-04-30 09:00:00,0.0,123.74,85.0,100.0,15.19,14.63,31.5,68.68,350.39,False
2022-04-30 10:00:00,0.0,116.54,85.0,100.0,14.79,32.63,30.25,71.65,349.63,True
2022-04-30 11:00:00,1.67,111.85,85.0,100.0,15.65,15.11,29.13,74.69,348.95,False
2022-04-30 12:00:00,0.0,104.76,85.0,100.0,15.02,15.07,28.82,78.99,348.77,False
2022-04-30 13:00:00,0.0,98.62,84.97,99.96,15.4,15.48,28.07,79.36,348.31,False
2022-04-30 14:00:00,0.0,93.24,84.81,99.78,99.0,14.95,25.87,85.39,346.98,True
2022-04-30 15:00:00,0.0,87.63,84.61,99.54,15.76,15.98,25.59,88.13,346.81,False
2022-04-30 16:00:00,27.01,131.32,85.0,100.0,14.69,14.85,23.35,90.59,345.45,False
2022-04-30 17:00:00,0.0,123.13,85.0,100.0,14.98,15.17,23.8,91.67,345.72,False
2022-04-30 18:00:00,0.0,115.8,85.0,100.0,14.81,14.92,23.98,89.45,345.83,False
2022-04-30 19:00:00,12.4,131.09,85.0,100.0,0.75,15.25,23.61,88.89,345.61,True
2022-04-30 20:00:00,9.65,140.95,85.0,100.0,14.52,14.6,24.04,85.7,345.87,False
2022-04-30 21:00:00,0.0,132.33,85.0,100.0,15.83,15.04,24.92,89.53,346.4,False
2022-04-30 22:00:00,0.0,124.89,85.0,100.0,-0.55,15.01,26.43,86.66,347.31,True
2022-04-30 23:00:00,6.28,128.6,85.0,100.0,15.29,15.17,27.22,83.31,347.8,False
2022-05-01 00:00:00,14.96,147.5,85.0,100.0,14.75,15.16,27.16,78.61,347.76,False
2022-05-01 01:00:00,0.0,138.34,85.0,100.0,15.1,14.66,28.39,70.11,348.51,False
2022-05-01 02:00:00,0.0,129.85,85.0,100.0,14.93,15.52,30.39,68.95,349.71,False
2022-05-01 03:00:00,0.0,122.17,85.0,100.0,14.67,14.98,31.96,68.44,350.67,False
2022-05-01 04:00:00,0.0,114.66,85.0,100.0,15.03,15.29,30.75,66.15,349.93,False
2022-05-01 05:00:00,71.78,236.74,85.0,100.0,14.83,14.5,32.55,64.03,351.02,False
2022-05-01 06:00:00,0.0,222.8,85.0,100.0,15.23,14.83,32.68,64.74,351.11,False
2022-05-01 07:00:00,40.67,281.68,85.0,100.0,14.6,15.43,33.68,64.5,351.71,False
2022-05-01 08:00:00,0.0,264.65,85.0,100.0,15.19,15.65,32.17,66.12,350.79,False
2022-05-01 09:00:00,0.73,249.68,85.0,100.0,15.35,15.17,31.91,66.82,350.64,False
2022-05-01 10:00:00,0.0,234.44,85.0,100.0,14.96,14.96,30.83,72.96,349.99,False
2022-05-01 11:00:00,0.0,220.45,85.0,100.0,14.47,14.58,28.39,73.51,348.5,False
2022-05-01 12:00:00,0.0,207.16,85.0,100.0,15.69,15.32,28.96,75.34,348.85,False
2022-05-01 13:00:00,0.0,194.64,85.0,100.0,15.19,15.12,27.46,80.08,347.94,False
2022-05-01 14:00:00,0.0,183.32,85.0,100.0,14.71,14.06,26.55,84.3,347.39,False
2022-05-01 15:00:00,0.0,172.32,85.0,100.0,15.2,14.31,27.67,89.89,348.07,False
2022-05-01 16:00:00,0.0,162.52,85.0,100.0,14.33,15.14,23.35,90.04,345.45,False
2022-05-01 17:00:00,0.0,152.98,85.0,100.0,15.47,14.67,25.19,91.15,346.56,False
2022-05-01 18:00:00,0.0,143.51,85.0,100.0,15.85,14.58,23.83,89.5,345.74,False
2022-05-01 19:00:00,46.12,218.49,85.0,100.0,15.33,14.96,24.33,93.09,346.04,False
2022-05-01 20:00:00,0.0,205.46,85.0,100.0,14.6,15.14,24.58,88.82,346.19,False
2022-05-01 21:00:00,7.41,207.03,85.0,100.0,14.2,15.57,25.06,87.7,346.49,False
2022-05-01 22:00:00,0.0,194.53,85.0,100.0,15.55,14.67,25.91,87.96,347.0,False
2022-05-01 23:00:00,0.0,182.94,85.0,100.0,14.94,15.17,27.53,82.64,347.99,False
2022-05-02 00:00:00,23.29,214.01,85.0,100.0,14.84,14.59,27.59,74.74,348.02,False
2022-05-02 01:00:00,0.0,201.12,85.0,100.0,15.47,14.8,30.12,70.84,349.55,False
2022-05-02 02:00:00,0.0,189.44,85.0,100.0,14.76,15.08,30.5,70.87,349.78,False
2022-05-02 03:00:00,49.54,267.82,85.0,100.0,15.3,14.94,31.0,65.68,350.09,False
2022-05-02 04:00:00,0.0,251.07,85.0,100.0,15.01,14.45,32.13,67.17,350.77,False
2022-05-02 05:00:00,0.0,236.25,85.0,100.0,15.1,15.21,33.6,64.56,351.66,False
2022-05-02 06:00:00,32.5,280.31,85.0,100.0,15.65,15.3,32.68,64.33,351.1,False
2022-05-02 07:00:00,0.0,262.71,85.0,100.0,14.8,15.94,33.06,63.06,351.34,False
2022-05-02 08:00:00,0.0,247.11,85.0,100.0,14.77,15.09,31.96,69.36,350.67,False
2022-05-02 09:00:00,3.26,238.31,85.0,100.0,14.92,15.07,32.14,73.79,350.77,False
2022-05-02 10:00:00,0.0,224.21,85.0,100.0,14.52,15.12,31.16,70.44,350.18,False
2022-05-02 11:00:00,0.0,210.87,85.0,100.0,15.37,14.45,30.77,75.08,349.95,False
2022-05-02 12:00:00,0.0,198.48,85.0,100.0,15.32,14.48,28.39,78.19,348.51,False
2022-05-02 13:00:00,0.0,186.39,85.0,100.0,15.0,14.97,27.74,81.1,348.11,False
2022-05-02 14:00:00,0.0,175.29,85.0,100.0,14.63,14.08,26.31,83.34,347.24,False
2022-05-02 15:00:00,0.0,164.98,85.0,100.0,13.9,14.55,26.1,85.73,347.11,False
2022-05-02 16:00:00,0.0,155.49,85.0,100.0,14.67,14.8,24.17,87.85,345.95,False
2022-05-02 17:00:00,0.0,146.17,85.0,100.0,14.91,15.4,24.6,92.33,346.21,False
2022-05-02 18:00:00,0.0,137.34,85.0,100.0,14.24,15.1,23.88,90.96,345.77,False
2022-05-02 19:00:00,0.0,129.08,85.0,100.0,16.0,14.39,24.11,86.37,345.91,False
2022-05-02 20:00:00,35.13,184.22,85.0,100.0,15.17,14.98,24.66,91.01,346.24,False
2022-05-02 21:00:00,0.0,173.4,85.0,100.0,15.22,15.23,25.47,87.82,346.73,False
2022-05-02 22:00:00,0.0,162.55,85.0,100.0,14.94,15.29,26.18,87.69,347.17,False
2022-05-02 23:00:00,0.0,152.92,85.0,100.0,15.3,15.42,27.46,82.37,347.94,False
2022-05-03 00:00:00,0.0,143.77,85.0,100.0,14.88,15.48,29.45,75.04,349.14,False
2022-05-03 01:00:00,0.0,134.68,85.0,100.0,14.94,15.23,30.26,69.92,349.64,False
2022-05-03 02:00:00,0.0,126.15,85.0,100.0,15.56,15.19,31.27,69.56,350.25,False
2022-05-03 03:00:00,0.0,118.32,85.0,100.0,15.44,15.09,31.41,66.85,350.33,False
2022-05-03 04:00:00,0.0,111.12,85.0,100.0,15.0,15.34,31.86,67.76,350.61,False
2022-05-03 05:00:00,14.97,131.84,85.0,100.0,15.81,14.68,33.42,64.46,351.55,False
2022-05-03 06:00:00,0.0,123.9,85.0,100.0,14.97,14.92,33.53,66.27,351.62,False
2022-05-03 07:00:00,0.0,116.63,85.0,100.0,14.8,14.72,33.73,61.83,351.74,False
2022-05-03 08:00:00,4.58,118.26,85.0,100.0,15.05,15.17,32.03,67.81,350.71,False
2022-05-03 09:00:00,0.0,111.49,85.0,100.0,15.12,14.9,31.54,69.54,350.42,False
2022-05-03 10:00:00,0.0,104.79,85.0,100.0,14.52,15.41,29.77,66.96,349.34,False
2022-05-03 11:00:00,0.0,98.29,84.97,99.96,15.23,15.05,29.43,77.02,349.13,False
2022-05-03 12:00:00,0.0,92.55,84.92,99.9,15.93,15.51,29.1,78.19,348.93,False
2022-05-03 13:00:00,0.0,86.79,84.96,99.95,15.42,14.2,27.06,82.41,347.7,False
2022-05-03 14:00:00,0.0,82.13,84.72,99.67,15.55,15.0,26.63,83.27,347.44,False
2022-05-03 15:00:00,0.0,77.46,84.32,99.2,15.88,16.06,25.2,90.45,346.57,False
2022-05-03 16:00:00,0.0,72.87,83.76,98.54,15.84,16.25,24.8,87.75,346.33,False
2022-05-03 17:00:00,0.0,68.65,83.13,97.8,16.47,17.3,23.46,93.19,345.52,False
2022-05-03 18:00:00,0.0,64.59,82.56,97.13,17.5,17.54,24.05,93.64,345.87,False
2022-05-03 19:00:00,0.0,60.6,81.98,96.45,17.85,17.65,22.36,89.57,344.85,False
2022-05-03 20:00:00,0.0,57.12,81.18,95.5,18.24,19.54,24.49,94.09,346.14,False
2022-05-03 21:00:00,20.79,91.04,81.07,95.38,18.79,18.66,24.34,88.36,346.05,False
2022-05-03 22:00:00,0.0,86.16,80.76,95.01,19.42,18.94,26.97,86.31,347.65,False
2022-05-03 23:00:00,0.0,80.78,80.4,94.58,19.84,19.93,27.8,78.57,348.15,False
2022-05-04 00:00:00,0.0,76.09,80.07,94.2,19.59,19.56,28.78,82.24,348.74,False
2022-05-04 01:00:00,7.52,84.83,79.79,93.87,20.19,19.69,30.58,71.93,349.83,False
2022-05-04 02:00:00,0.0,79.5,79.58,93.62,20.59,20.12,30.18,73.05,349.59,False
2022-05-04 03:00:00,44.59,154.46,80.47,94.66,19.03,19.86,32.73,66.11,351.13,False
2022-05-04 04:00:00,0.0,145.31,81.34,95.69,18.36,19.52,32.96,64.64,351.27,False
2022-05-04 05:00:00,0.0,136.43,82.15,96.65,17.84,17.85,32.7,66.05,351.12,False
2022-05-04 06:00:00,0.0,128.57,82.59,97.17,17.04,17.12,33.68,66.06,351.71,False
2022-05-04 07:00:00,36.57,186.81,84.27,99.14,15.6,16.23,32.18,61.93,350.8,False
2022-05-04 08:00:00,21.93,215.13,85.0,100.0,16.0,14.75,31.9,68.06,350.63,False
2022-05-04 09:00:00,0.0,201.8,85.0,100.0,14.4,14.82,31.32,70.19,350.28,False
2022-05-04 10:00:00,0.0,189.87,85.0,100.0,15.57,15.17,30.43,69.12,349.74,False
2022-05-04 11:00:00,0.0,178.28,85.0,100.0,15.14,15.46,29.03,77.57,348.89,False
2022-05-04 12:00:00,0.0,167.15,85.0,100.0,14.51,15.03,29.23,75.09,349.02,False
2022-05-04 13:00:00,0.0,157.25,85.0,100.0,15.27,14.86,27.18,80.37,347.77,False
2022-05-04 14:00:00,1.31,149.79,85.0,100.0,15.02,15.93,26.46,85.96,347.34,False
2022-05-04 15:00:00,0.0,140.18,85.0,100.0,15.48,14.73,24.98,86.19,346.44,False
2022-05-04 16:00:00,0.0,132.16,85.0,100.0,15.26,14.78,23.51,90.65,345.55,False
2022-05-04 17:00:00,0.0,124.06,85.0,100.0,15.08,14.84,24.32,92.01,346.04,False
2022-05-04 18:00:00,0.0,116.09,85.0,100.0,14.88,15.22,22.85,91.63,345.15,False
2022-05-04 19:00:00,0.0,108.84,85.0,100.0,15.47,14.81,24.11,93.19,345.91,False
2022-05-04 20:00:00,0.0,102.09,85.0,100.0,14.84,15.33,23.78,89.67,345.71,False
2022-05-04 21:00:00,0.0,96.31,84.92,99.91,14.51,15.05,26.51,88.36,347.37,False
2022-05-04 22:00:00,12.47,112.48,85.0,100.0,14.24,14.87,26.8,87.29,347.54,False
2022-05-04 23:00:00,0.0,105.33,85.0,100.0,14.51,14.78,27.4,83.2,347.9,False
2022-05-05 00:00:00,0.0,99.3,85.0,100.0,15.32,14.99,29.26,79.57,349.03,False
2022-05-05 01:00:00,0.0,93.21,84.92,99.91,14.93,15.25,29.16,72.08,348.97,False
2022-05-05 02:00:00,0.0,87.69,84.58,99.5,15.11,15.41,31.08,72.05,350.13,False
2022-05-05 03:00:00,8.01,96.69,84.61,99.54,15.22,15.48,31.8,66.34,350.57,False
2022-05-05 04:00:00,0.0,91.5,84.43,99.33,15.9,15.26,32.56,63.31,351.03,False
2022-05-05 05:00:00,1.36,88.07,84.3,99.18,15.95,15.41,33.61,64.33,351.67,False
2022-05-05 06:00:00,0.0,82.87,84.01,98.83,16.06,15.99,33.44,62.19,351.56,False
2022-05-05 07:00:00,6.26,89.61,83.83,98.62,15.93,16.22,33.02,66.06,351.31,False
2022-05-05 08:00:00,1.34,86.54,83.67,98.44,16.17,16.35,31.4,67.5,350.33,False
2022-05-05 09:00:00,0.0,81.12,83.32,98.02,16.63,16.45,31.11,64.3,350.15,False
2022-05-05 10:00:00,0.0,76.48,82.94,97.57,16.7,17.09,30.68,69.34,349.89,False
2022-05-05 11:00:00,0.0,72.19,82.54,97.11,17.41,17.47,29.72,71.46,349.31,False
2022-05-05 12:00:00,0.0,67.62,82.2,96.71,17.42,17.75,27.82,77.07,348.16,False
2022-05-05 13:00:00,0.0,64.0,81.62,96.03,18.52,18.12,28.78,82.53,348.74,False
2022-05-05 14:00:00,5.72,70.48,81.22,95.56,18.97,18.98,27.16,84.52,347.76,False
2022-05-05 15:00:00,0.0,66.4,80.6,94.82,19.85,19.4,25.68,86.72,346.86,False
2022-05-05 16:00:00,0.0,62.87,80.14,94.28,19.96,19.56,24.65,92.72,346.24,False
2022-05-05 17:00:00,0.0,59.32,79.43,93.44,20.67,20.52,24.03,86.91,345.86,False
2022-05-05 18:00:00,28.5,107.07,79.56,93.6,20.11,20.21,23.43,94.47,345.5,False
2022-05-05 19:00:00,0.0,100.44,79.63,93.69,20.35,20.37,24.2,90.43,345.97,False
2022-05-05 20:00:00,0.0,95.23,79.52,93.55,20.07,21.05,24.76,89.97,346.3,False
2022-05-05 21:00:00,0.0,89.28,79.45,93.47,19.87,20.61,24.57,86.84,346.19,False
2022-05-05 22:00:00,0.0,84.02,79.16,93.13,20.73,20.92,26.45,88.09,347.33,False
2022-05-05 23:00:00,0.0,79.13,78.91,92.83,20.89,21.66,27.24,79.16,347.81,False
2022-05-06 00:00:00,0.0,74.55,78.59,92.46,21.65,21.51,27.36,78.02,347.88,False
2022-05-06 01:00:00,0.0,70.71,78.18,91.97,21.44,22.0,29.15,75.43,348.96,False
2022-05-06 02:00:00,0.0,66.48,77.7,91.42,23.42,22.35,30.5,67.78,349.78,False
2022-05-06 03:00:00,0.0,62.47,77.31,90.95,22.5,22.54,32.81,66.26,351.19,False
2022-05-06 04:00:00,0.0,59.18,76.69,90.22,23.29,23.49,32.73,65.58,351.14,False
2022-05-06 05:00:00,0.0,55.59,75.98,89.39,23.79,24.7,32.05,62.7,350.72,False
2022-05-06 06:00:00,0.0,52.52,75.24,88.52,25.07,24.23,33.29,62.37,351.47,False
2022-05-06 07:00:00,0.0,49.43,74.53,87.68,25.38,25.29,31.92,63.78,350.64,False
2022-05-06 08:00:00,0.0,46.74,73.85,86.89,25.75,25.8,33.05,67.17,351.33,False
2022-05-06 09:00:00,0.0,44.15,72.94,85.81,26.33,26.77,31.4,67.42,350.33,False
2022-05-06 10:00:00,0.0,41.38,71.91,84.6,28.32,28.58,30.69,73.16,349.9,False
2022-05-06 11:00:00,4.05,45.64,71.77,84.43,28.49,28.17,30.46,72.38,349.76,False
2022-05-06 12:00:00,0.0,42.4,71.37,83.96,28.77,28.92,27.73,75.5,348.1,False
2022-05-06 13:00:00,59.65,146.68,72.83,85.68,27.08,26.9,26.5,85.48,347.36,False
2022-05-06 14:00:00,0.0,137.85,73.51,86.49,26.36,26.23,25.9,83.68,347.0,False
2022-05-06 15:00:00,0.0,128.87,74.01,87.07,26.3,25.58,25.94,85.28,347.02,False
2022-05-06 16:00:00,0.0,121.09,74.39,87.51,25.57,26.19,23.69,86.64,345.66,False
2022-05-06 17:00:00,6.12,124.89,74.7,87.88,25.75,25.61,22.45,93.67,344.91,False
2022-05-06 18:00:00,0.0,117.65,74.95,88.17,25.01,24.63,23.73,91.32,345.68,False
2022-05-06 19:00:00,0.0,110.74,75.23,88.5,24.72,25.23,24.48,91.02,346.14,False
2022-05-06 20:00:00,1.17,106.47,75.2,88.47,24.95,24.7,25.32,89.81,346.65,False
2022-05-06 21:00:00,0.72,101.51,75.24,88.52,25.31,24.94,25.04,89.93,346.47,False
2022-05-06 22:00:00,0.0,95.32,75.17,88.43,25.3,24.85,26.0,84.64,347.06,False
2022-05-06 23:00:00,0.0,89.57,74.86,88.07,25.12,24.56,28.03,86.31,348.28,False
2022-05-07 00:00:00,9.48,101.0,75.04,88.28,99.0,24.63,27.38,78.27,347.89,True
2022-05-07 01:00:00,32.63,153.74,75.88,89.27,23.64,24.66,29.43,76.5,349.14,False
2022-05-07 02:00:00,0.0,144.04,76.68,90.22,23.59,23.69,30.86,72.61,350.0,False
2022-05-07 03:00:00,0.0,135.72,77.27,90.9,22.02,22.32,31.95,68.03,350.66,False
2022-05-07 04:00:00,0.0,127.29,77.68,91.39,23.0,22.4,32.09,64.7,350.75,False
2022-05-07 05:00:00,0.0,119.69,78.02,91.79,22.32,21.9,32.87,65.14,351.22,False
2022-05-07 06:00:00,0.0,112.61,78.23,92.03,21.48,22.23,31.51,65.02,350.39,False
2022-05-07 07:00:00,0.0,106.2,78.34,92.17,22.15,21.58,32.45,63.33,350.97,False
2022-05-07 08:00:00,0.0,99.33,78.29,92.11,21.93,21.4,32.67,66.21,351.1,False
2022-05-07 09:00:00,14.84,119.98,78.57,92.44,21.61,21.72,31.09,70.57,350.14,False
2022-05-07 10:00:00,0.0,112.94,78.9,92.82,21.0,21.58,30.79,75.14,349.96,False
2022-05-07 11:00:00,0.0,106.69,79.03,92.98,21.19,21.12,29.93,76.09,349.44,False
2022-05-07 12:00:00,0.0,100.28,79.06,93.01,20.37,21.17,28.29,81.73,348.45,False
2022-05-07 13:00:00,0.1,94.26,78.92,92.85,21.11,20.6,27.44,80.36,347.93,False
2022-05-07 14:00:00,0.0,89.21,78.89,92.82,20.84,20.6,25.67,86.4,346.86,False
2022-05-07 15:00:00,0.0,84.1,78.65,92.53,21.24,20.81,25.19,90.58,346.57,False
2022-05-07 16:00:00,0.0,79.46,78.18,91.98,21.54,22.24,24.97,88.33,346.43,False
2022-05-07 17:00:00,0.0,74.33,77.8,91.53,21.94,22.04,24.25,90.55,345.99,False
2022-05-07 18:00:00,0.0,70.03,77.27,90.9,23.25,23.06,23.65,95.48,345.63,False
2022-05-07 19:00:00,3.1,71.08,76.88,90.45,22.54,22.88,24.29,89.57,346.02,False
2022-05-07 20:00:00,0.0,66.42,76.43,89.92,23.73,23.56,25.03,87.44,346.47,False
2022-05-07 21:00:00,0.0,62.61,75.91,89.31,23.64,23.77,24.09,90.96,345.9,False
2022-05-07 22:00:00,0.0,59.05,75.22,88.49,45.31,24.65,26.95,87.39,347.63,True
2022-05-07 23:00:00,0.0,55.36,74.49,87.64,25.68,24.82,27.13,82.49,347.74,False
2022-05-08 00:00:00,0.0,52.47,73.75,86.76,25.69,26.13,28.76,77.91,348.73,False
2022-05-08 01:00:00,0.0,49.21,73.0,85.88,27.13,26.84,30.38,73.5,349.71,False
2022-05-08 02:00:00,0.0,46.18,72.05,84.76,27.68,27.28,29.93,71.56,349.44,False
2022-05-08 03:00:00,0.0,43.4,71.78,84.44,28.31,28.39,31.26,71.26,350.24,False
2022-05-08 04:00:00,0.0,40.72,71.6,84.24,27.86,28.63,32.22,66.35,350.83,False
2022-05-08 05:00:00,0.0,38.66,71.21,83.77,29.29,28.53,32.38,68.81,350.92,False
2022-05-08 06:00:00,0.0,36.03,70.8,83.3,28.4,28.71,34.04,62.2,351.93,False
2022-05-08 07:00:00,0.0,33.64,70.57,83.03,29.1,30.12,32.33,64.44,350.89,False
2022-05-08 08:00:00,2.79,36.29,70.16,82.54,29.41,29.94,32.06,65.13,350.73,False
2022-05-08 09:00:00,0.0,34.68,69.61,81.9,30.54,29.43,31.8,65.93,350.57,False
2022-05-08 10:00:00,0.0,32.5,69.15,81.35,30.65,30.68,30.03,70.69,349.5,False
2022-05-08 11:00:00,0.0,30.32,68.79,80.93,31.14,30.95,29.43,75.21,349.13,False
2022-05-08 12:00:00,0.0,28.41,68.35,80.41,31.39,31.36,28.69,79.05,348.69,False
2022-05-08 13:00:00,0.0,26.96,67.72,79.67,31.73,32.72,27.14,85.96,347.74,False
2022-05-08 14:00:00,27.51,75.06,68.0,80.0,31.9,32.1,26.19,85.93,347.17,False
2022-05-08 15:00:00,0.0,70.38,68.16,80.19,31.32,32.09,25.0,90.2,346.45,False
2022-05-08 16:00:00,0.0,66.04,68.33,80.39,30.94,31.62,23.69,90.26,345.66,False
2022-05-08 17:00:00,0.0,61.64,68.31,80.36,31.94,32.03,24.35,94.88,346.05,False
2022-05-08 18:00:00,0.0,57.98,68.31,80.37,31.19,31.54,25.05,96.8,346.48,False
2022-05-08 19:00:00,0.0,54.89,68.38,80.45,32.2,31.71,24.16,92.59,345.94,False
2022-05-08 20:00:00,0.0,51.42,68.03,80.03,32.54,32.17,24.74,88.14,346.29,False
2022-05-08 21:00:00,0.0,48.52,67.88,79.86,32.47,31.87,25.73,86.8,346.89,False
2022-05-08 22:00:00,0.0,45.44,67.75,79.7,31.8,31.41,25.49,85.56,346.75,False
2022-05-08 23:00:00,0.0,42.38,67.33,79.21,33.52,31.99,28.36,82.54,348.48,False
2022-05-09 00:00:00,0.0,40.04,66.94,78.75,32.12,33.99,28.62,79.4,348.64,False
2022-05-09 01:00:00,0.0,38.35,66.55,78.29,33.1,33.71,30.64,75.3,349.87,False
2022-05-09 02:00:00,0.0,36.21,66.09,77.75,34.24,34.19,30.31,71.01,349.67,False
2022-05-09 03:00:00,0.0,33.91,66.15,77.83,34.15,34.42,32.77,66.83,351.16,False
2022-05-09 04:00:00,0.0,31.77,66.21,77.9,33.5,33.34,32.86,66.68,351.21,False
2022-05-09 05:00:00,7.74,44.37,66.58,78.33,33.11,33.13,33.18,68.19,351.41,False
2022-05-09 06:00:00,0.0,41.8,66.4,78.11,33.52,33.16,33.14,66.04,351.38,False
2022-05-09 07:00:00,9.87,56.83,66.45,78.17,33.52,34.5,32.7,65.55,351.11,False
2022-05-09 08:00:00,0.0,53.4,66.42,78.14,33.4,33.18,33.12,67.93,351.37,False
2022-05-09 09:00:00,0.0,50.26,66.4,78.12,34.26,34.1,31.77,67.36,350.55,False
2022-05-09 10:00:00,15.29,74.91,66.81,78.6,32.92,32.93,29.57,69.98,349.22,False
2022-05-09 11:00:00,6.97,83.41,67.21,79.08,33.37,32.82,28.99,72.88,348.87,False
2022-05-09 12:00:00,0.0,78.79,67.64,79.58,32.52,32.87,28.39,77.75,348.5,False
2022-05-09 13:00:00,0.0,74.12,67.91,79.9,32.5,32.2,27.52,80.78,347.98,False
2022-05-09 14:00:00,0.0,69.66,68.06,80.07,31.35,31.89,26.22,87.42,347.19,False
2022-05-09 15:00:00,0.0,65.6,68.14,80.17,32.27,32.76,26.05,86.95,347.09,False
2022-05-09 16:00:00,17.14,92.33,68.76,80.9,31.63,30.5,23.43,88.52,345.5,False
2022-05-09 17:00:00,51.61,179.99,70.88,83.39,28.85,40.74,24.24,95.41,345.99,True
2022-05-09 18:00:00,0.0,169.13,72.75,85.58,27.59,27.13,22.91,91.1,345.18,False
2022-05-09 19:00:00,0.0,159.13,73.73,86.74,25.68,26.69,24.61,91.83,346.21,False
2022-05-09 20:00:00,0.0,150.1,74.55,87.71,25.26,25.25,24.55,91.03,346.18,False
2022-05-09 21:00:00,0.0,141.26,75.12,88.37,25.35,25.27,25.57,85.63,346.8,False
2022-05-09 22:00:00,0.0,132.85,75.72,89.08,24.21,23.59,25.73,87.47,346.89,False
2022-05-09 23:00:00,16.76,154.89,76.68,90.22,23.21,23.78,28.1,82.9,348.33,False
2022-05-10 00:00:00,0.0,145.57,77.39,91.04,23.18,22.97,29.13,81.12,348.95,False
2022-05-10 01:00:00,0.0,136.5,78.06,91.83,21.16,21.51,30.01,73.02,349.49,False
2022-05-10 02:00:00,0.0,128.47,78.6,92.47,21.33,21.39,30.67,71.2,349.89,False
2022-05-10 03:00:00,0.0,120.12,78.84,92.75,21.13,21.05,32.03,68.18,350.71,False
2022-05-10 04:00:00,0.0,113.2,79.06,93.01,20.62,21.12,31.97,66.4,350.68,False
2022-05-10 05:00:00,33.13,166.26,80.31,94.48,20.24,20.16,33.36,61.57,351.52,False
2022-05-10 06:00:00,0.0,156.31,81.22,95.55,18.42,18.51,33.99,64.22,351.9,False
2022-05-10 07:00:00,0.0,146.77,82.03,96.5,17.61,18.12,33.49,61.62,351.59,False
2022-05-10 08:00:00,0.0,137.96,82.7,97.29,16.31,17.4,31.96,66.59,350.67,False
2022-05-10 09:00:00,15.26,156.62,83.67,98.43,16.78,16.38,31.9,63.84,350.63,False
2022-05-10 10:00:00,3.88,154.45,84.66,99.6,15.21,15.93,29.97,67.3,349.46,False
2022-05-10 11:00:00,0.0,145.13,85.0,100.0,14.87,15.06,30.01,76.01,349.48,False
2022-05-10 12:00:00,25.6,182.96,85.0,100.0,14.91,14.51,28.77,76.91,348.73,False
2022-05-10 13:00:00,0.0,172.1,85.0,100.0,15.48,15.3,26.21,79.65,347.19,False
2022-05-10 14:00:00,0.0,161.84,85.0,100.0,15.65,15.64,25.55,87.54,346.79,False
2022-05-10 15:00:00,0.0,152.25,85.0,100.0,14.31,15.06,25.15,88.55,346.54,False
2022-05-10 16:00:00,6.63,154.77,85.0,100.0,14.81,15.54,24.42,91.87,346.1,False
2022-05-10 17:00:00,0.0,145.34,85.0,100.0,14.55,14.83,23.43,91.19,345.5,False
2022-05-10 18:00:00,0.0,136.66,85.0,100.0,14.91,15.17,24.23,97.36,345.99,False
2022-05-10 19:00:00,0.0,128.37,85.0,100.0,14.96,14.37,24.3,90.31,346.03,False
2022-05-10 20:00:00,0.0,120.5,85.0,100.0,14.31,14.76,24.49,93.61,346.14,False
2022-05-10 21:00:00,0.0,113.18,85.0,100.0,15.15,15.07,24.86,87.78,346.37,False
2022-05-10 22:00:00,0.0,106.41,85.0,100.0,14.82,15.27,26.88,81.69,347.59,False
2022-05-10 23:00:00,47.46,186.15,85.0,100.0,15.31,15.17,28.33,82.59,348.47,False
2022-05-11 00:00:00,0.0,174.88,85.0,100.0,15.01,15.51,28.21,78.63,348.4,False
2022-05-11 01:00:00,0.0,164.19,85.0,100.0,14.31,14.39,29.3,72.27,349.05,False
2022-05-11 02:00:00,0.0,154.29,85.0,100.0,15.25,15.59,31.04,69.16,350.11,False
2022-05-11 03:00:00,0.0,145.48,85.0,100.0,14.46,14.71,31.47,68.05,350.37,False
2022-05-11 04:00:00,29.07,189.55,85.0,100.0,14.51,14.51,32.31,66.58,350.88,False
2022-05-11 05:00:00,25.19,224.11,85.0,100.0,14.87,15.41,33.29,59.54,351.47,False
2022-05-11 06:00:00,0.0,210.68,85.0,100.0,14.89,14.56,31.85,66.11,350.6,False
2022-05-11 07:00:00,0.0,198.23,85.0,100.0,14.3,15.57,33.64,63.49,351.68,False
2022-05-11 08:00:00,19.4,220.95,85.0,100.0,14.94,14.13,32.44,63.21,350.96,False
2022-05-11 09:00:00,0.0,207.58,85.0,100.0,14.96,14.7,31.44,69.98,350.35,False
2022-05-11 10:00:00,0.0,194.79,85.0,100.0,14.95,15.35,30.7,70.95,349.9,False
2022-05-11 11:00:00,16.82,213.52,85.0,100.0,14.32,15.27,29.64,76.81,349.26,False
2022-05-11 12:00:00,16.87,231.09,85.0,100.0,15.06,13.95,27.46,78.88,347.94,False
2022-05-11 13:00:00,92.25,383.35,85.0,100.0,15.25,14.73,28.23,81.62,348.41,False
2022-05-11 14:00:00,1.77,363.28,85.0,100.0,14.46,14.31,26.27,84.69,347.22,False
2022-05-11 15:00:00,0.0,341.73,85.0,100.0,14.57,15.06,25.58,88.86,346.8,False
2022-05-11 16:00:00,0.0,320.51,85.0,100.0,15.31,15.02,25.17,89.3,346.56,False
2022-05-11 17:00:00,0.0,301.2,85.0,100.0,15.63,14.9,23.54,89.82,345.57,False
2022-05-11 18:00:00,0.0,283.1,85.0,100.0,14.93,14.96,24.28,93.22,346.02,False
2022-05-11 19:00:00,0.0,265.51,85.0,100.0,14.82,14.56,23.99,91.23,345.84,False
2022-05-11 20:00:00,15.59,277.75,85.0,100.0,15.08,14.71,25.11,90.19,346.52,False
2022-05-11 21:00:00,0.0,261.03,85.0,100.0,15.54,15.43,24.04,90.08,345.87,False
2022-05-11 22:00:00,0.0,245.54,85.0,100.0,14.66,14.8,26.19,84.77,347.17,False
2022-05-11 23:00:00,0.0,231.4,85.0,100.0,14.81,14.77,26.97,81.65,347.65,False
2022-05-12 00:00:00,0.0,217.62,85.0,100.0,14.8,15.46,28.76,76.8,348.73,False
2022-05-12 01:00:00,0.0,204.85,85.0,100.0,14.43,14.53,29.95,75.24,349.45,False
2022-05-12 02:00:00,0.0,192.98,85.0,100.0,15.34,15.59,30.33,71.7,349.68,False
2022-05-12 03:00:00,0.0,181.54,85.0,100.0,15.1,15.63,31.25,69.9,350.24,False
2022-05-12 04:00:00,0.0,170.39,85.0,100.0,14.19,14.59,32.33,64.72,350.89,False
2022-05-12 05:00:00,6.44,171.27,85.0,100.0,15.0,15.37,32.31,63.56,350.88,False
2022-05-12 06:00:00,17.24,192.15,85.0,100.0,15.66,14.14,33.51,65.58,351.6,False
2022-05-12 07:00:00,0.0,180.5,85.0,100.0,15.11,15.04,32.63,64.98,351.07,False
2022-05-12 08:00:00,12.96,193.38,85.0,100.0,15.64,14.6,30.65,64.06,349.88,False
2022-05-12 09:00:00,43.22,259.42,85.0,100.0,14.78,15.2,31.46,70.71,350.36,False
2022-05-12 10:00:00,0.0,243.85,85.0,100.0,15.39,15.13,30.13,67.6,349.56,False
2022-05-12 11:00:00,0.0,228.87,85.0,100.0,15.53,14.89,28.69,75.95,348.68,False
2022-05-12 12:00:00,0.0,215.04,85.0,100.0,14.97,14.56,27.76,75.47,348.12,False
2022-05-12 13:00:00,0.0,201.85,85.0,100.0,14.84,15.37,27.4,85.4,347.9,False
2022-05-12 14:00:00,0.0,189.49,85.0,100.0,15.44,14.99,27.05,81.91,347.69,False
2022-05-12 15:00:00,0.0,178.1,85.0,100.0,15.22,14.72,25.51,90.2,346.76,False
2022-05-12 16:00:00,53.5,263.53,85.0,100.0,15.38,14.79,24.24,89.96,345.99,False
2022-05-12 17:00:00,0.0,248.5,85.0,100.0,15.17,14.96,24.43,90.79,346.1,False
2022-05-12 18:00:00,0.0,233.84,85.0,100.0,14.97,14.96,23.72,92.37,345.68,False
2022-05-12 19:00:00,0.0,220.14,85.0,100.0,14.96,15.12,23.74,92.79,345.68,False
2022-05-12 20:00:00,0.0,206.9,85.0,100.0,14.86,15.38,23.91,88.32,345.79,False
2022-05-12 21:00:00,0.0,194.51,85.0,100.0,15.16,15.42,24.27,86.27,346.01,False
2022-05-12 22:00:00,0.0,182.72,85.0,100.0,14.93,14.91,26.02,86.3,347.07,False
2022-05-12 23:00:00,0.0,172.54,85.0,100.0,15.1,15.17,27.43,78.21,347.92,False
2022-05-13 00:00:00,0.0,162.15,85.0,100.0,14.68,14.92,28.44,76.83,348.54,False
2022-05-13 01:00:00,0.0,152.24,85.0,100.0,14.66,15.49,29.42,80.46,349.13,False
2022-05-13 02:00:00,2.07,146.61,85.0,100.0,15.23,14.95,30.18,69.06,349.59,False
2022-05-13 03:00:00,32.31,196.07,85.0,100.0,15.16,15.05,32.05,70.4,350.72,False
2022-05-13 04:00:00,0.0,184.74,85.0,100.0,14.83,14.99,31.61,64.7,350.45,False
2022-05-13 05:00:00,0.0,173.98,85.0,100.0,15.55,15.18,33.31,65.5,351.49,False
2022-05-13 06:00:00,0.0,163.31,85.0,100.0,14.67,15.25,32.4,65.31,350.93,False
2022-05-13 07:00:00,0.0,153.28,85.0,100.0,15.17,15.55,32.4,66.73,350.93,False
2022-05-13 08:00:00,0.0,144.46,85.0,100.0,15.18,15.48,31.52,65.48,350.4,False
2022-05-13 09:00:00,0.0,136.42,85.0,100.0,15.02,15.02,31.38,72.08,350.32,False
2022-05-13 10:00:00,6.9,140.61,85.0,100.0,15.51,14.98,31.34,69.82,350.29,False
2022-05-13 11:00:00,1.64,135.48,85.0,100.0,15.65,14.91,29.97,74.84,349.46,False
2022-05-13 12:00:00,0.0,126.91,85.0,100.0,14.54,15.4,29.09,78.49,348.93,False
2022-05-13 13:00:00,0.0,119.04,85.0,100.0,14.09,15.1,27.65,79.38,348.06,False
2022-05-13 14:00:00,0.0,111.6,85.0,100.0,14.8,15.98,25.59,84.43,346.81,False
2022-05-13 15:00:00,0.0,105.03,85.0,100.0,14.61,14.97,25.12,88.22,346.52,False
2022-05-13 16:00:00,0.0,98.67,84.94,99.92,14.89,15.67,24.13,89.26,345.93,False
2022-05-13 17:00:00,20.23,129.24,85.0,100.0,15.73,15.61,24.95,96.4,346.42,False
2022-05-13 18:00:00,7.78,135.86,85.0,100.0,16.08,15.6,23.28,90.32,345.41,False
2022-05-13 19:00:00,0.0,127.51,85.0,100.0,14.62,14.87,24.69,93.88,346.26,False
2022-05-13 20:00:00,84.3,271.62,85.0,100.0,15.09,14.97,25.14,91.84,346.53,False
2022-05-13 21:00:00,0.0,254.92,85.0,100.0,15.08,14.94,26.42,87.87,347.31,False
2022-05-13 22:00:00,0.0,239.98,85.0,100.0,15.14,15.59,26.0,83.27,347.06,False
2022-05-13 23:00:00,0.0,225.91,85.0,100.0,14.45,14.82,27.76,80.09,348.12,False
2022-05-14 00:00:00,0.0,212.46,85.0,100.0,15.49,14.77,29.87,76.96,349.4,False
2022-05-14 01:00:00,0.0,199.75,85.0,100.0,15.36,15.28,29.29,70.81,349.05,False
2022-05-14 02:00:00,0.0,187.61,85.0,100.0,14.81,14.47,29.83,68.99,349.38,False
2022-05-14 03:00:00,18.86,209.88,85.0,100.0,15.49,15.31,30.55,65.14,349.82,False
2022-05-14 04:00:00,0.0,197.38,85.0,100.0,14.42,14.54,32.82,68.57,351.19,False
2022-05-14 05:00:00,0.0,185.76,85.0,100.0,14.32,14.84,31.72,65.71,350.52,False
2022-05-14 06:00:00,0.0,175.22,85.0,100.0,15.11,15.46,32.78,65.57,351.16,False
2022-05-14 07:00:00,0.0,164.59,85.0,100.0,15.17,14.78,33.11,65.65,351.36,False
2022-05-14 08:00:00,44.65,235.17,85.0,100.0,14.93,15.12,32.51,66.21,351.0,False
2022-05-14 09:00:00,0.0,221.39,85.0,100.0,15.44,15.48,31.94,71.02,350.65,False
2022-05-14 10:00:00,0.0,208.45,85.0,100.0,14.74,14.54,30.88,69.78,350.02,False
2022-05-14 11:00:00,0.0,195.76,85.0,100.0,35.48,15.07,30.43,74.59,349.74,True
2022-05-14 12:00:00,0.0,183.93,85.0,100.0,15.32,15.26,27.93,79.49,348.22,False
2022-05-14 13:00:00,0.0,172.74,85.0,100.0,15.75,14.43,26.93,78.98,347.62,False
2022-05-14 14:00:00,10.31,180.65,85.0,100.0,14.29,14.58,25.79,91.19,346.93,False
2022-05-14 15:00:00,0.0,170.26,85.0,100.0,14.81,15.65,25.82,87.96,346.94,False
2022-05-14 16:00:00,0.0,160.06,85.0,100.0,14.64,14.54,25.14,90.41,346.54,False
2022-05-14 17:00:00,0.0,150.43,85.0,100.0,15.31,14.86,24.42,94.04,346.1,False
2022-05-14 18:00:00,0.0,141.48,85.0,100.0,15.63,14.19,24.71,93.83,346.27,False
2022-05-14 19:00:00,0.0,133.01,85.0,100.0,14.85,14.69,23.45,91.6,345.51,False
2022-05-14 20:00:00,0.0,124.96,85.0,100.0,15.24,15.31,25.6,90.38,346.82,False
2022-05-14 21:00:00,0.0,117.24,85.0,100.0,15.58,15.38,26.23,84.89,347.2,False
2022-05-14 22:00:00,0.0,110.67,85.0,100.0,15.13,15.32,26.69,83.89,347.47,False
2022-05-14 23:00:00,0.0,103.86,85.0,100.0,15.28,14.99,28.4,82.66,348.51,False
2022-05-15 00:00:00,0.0,97.35,85.0,100.0,14.21,14.57,27.51,78.89,347.97,False
2022-05-15 01:00:00,0.0,91.48,84.81,99.78,15.81,15.35,29.35,76.82,349.09,False
2022-05-15 02:00:00,0.0,86.64,84.71,99.66,15.17,15.11,30.31,70.76,349.67,False
2022-05-15 03:00:00,0.0,81.2,84.5,99.41,16.57,14.86,32.11,65.33,350.76,False
2022-05-15 04:00:00,0.0,76.54,84.03,98.85,15.63,15.99,31.77,67.99,350.55,False
2022-05-15 05:00:00,25.17,117.17,84.32,99.2,15.87,16.19,33.3,67.35,351.48,False
2022-05-15 06:00:00,28.58,161.66,85.0,100.0,15.33,15.44,33.82,65.8,351.8,False
2022-05-15 07:00:00,0.0,152.23,85.0,100.0,14.0,15.47,33.26,64.15,351.46,False
2022-05-15 08:00:00,0.0,142.58,85.0,100.0,15.71,15.12,32.57,67.96,351.04,False
2022-05-15 09:00:00,0.0,133.76,85.0,100.0,15.3,14.63,31.09,74.96,350.14,False
2022-05-15 10:00:00,0.0,126.01,85.0,100.0,14.4,15.23,30.24,71.23,349.63,False
2022-05-15 11:00:00,3.84,125.39,85.0,100.0,15.15,15.06,30.41,71.75,349.73,False
2022-05-15 12:00:00,32.7,176.8,85.0,100.0,15.15,14.9,28.97,76.83,348.85,False
2022-05-15 13:00:00,0.0,166.4,85.0,100.0,14.95,15.27,27.31,82.87,347.85,False
2022-05-15 14:00:00,0.0,156.15,85.0,100.0,14.76,15.18,26.0,81.79,347.06,False
2022-05-15 15:00:00,0.0,147.1,85.0,100.0,14.97,14.75,24.1,88.24,345.91,False
2022-05-15 16:00:00,0.0,138.52,85.0,100.0,15.34,14.73,23.96,90.89,345.82,False
2022-05-15 17:00:00,0.0,130.28,85.0,100.0,15.33,14.54,25.3,94.59,346.63,False
2022-05-15 18:00:00,0.0,122.6,85.0,100.0,15.0,15.1,23.23,94.62,345.38,False
2022-05-15 19:00:00,1.85,118.92,85.0,100.0,15.09,15.36,24.27,93.25,346.01,False
2022-05-15 20:00:00,0.0,111.61,85.0,100.0,14.95,14.76,25.21,85.8,346.58,False
2022-05-15 21:00:00,0.0,105.11,85.0,100.0,14.61,14.57,24.57,89.74,346.19,False
2022-05-15 22:00:00,0.0,99.33,85.0,100.0,14.98,15.2,26.36,86.41,347.27,False
2022-05-15 23:00:00,0.0,93.56,84.94,99.93,14.76,15.69,27.9,82.14,348.21,False
2022-05-16 00:00:00,0.0,87.88,84.69,99.64,14.91,16.1,28.51,74.54,348.58,False
2022-05-16 01:00:00,14.06,108.61,84.81,99.78,14.22,15.79,31.39,72.82,350.32,False
2022-05-16 02:00:00,5.43,111.95,85.0,100.0,14.84,14.98,29.75,68.67,349.33,False
2022-05-16 03:00:00,0.0,105.65,85.0,100.0,15.31,14.64,32.32,64.07,350.88,False
2022-05-16 04:00:00,0.0,99.19,84.95,99.95,15.54,15.29,32.29,65.87,350.87,False
2022-05-16 05:00:00,0.0,93.56,84.97,99.97,15.21,15.0,33.31,62.88,351.49,False
2022-05-16 06:00:00,0.0,87.78,84.71,99.66,14.77,15.21,33.26,69.25,351.46,False
2022-05-16 07:00:00,0.0,82.61,84.49,99.41,15.44,16.27,32.41,64.14,350.94,False
2022-05-16 08:00:00,0.0,77.47,84.19,99.05,15.35,16.36,32.53,68.46,351.02,False
2022-05-16 09:00:00,0.0,73.39,83.79,98.58,16.97,16.46,30.57,64.96,349.82,False
2022-05-16 10:00:00,0.0,68.92,83.38,98.1,16.46,16.58,31.11,69.94,350.15,False
2022-05-16 11:00:00,26.9,112.88,83.56,98.31,16.24,16.44,29.84,74.57,349.39,False
2022-05-16 12:00:00,0.0,106.14,83.66,98.42,16.71,15.73,28.88,76.18,348.8,False
2022-05-16 13:00:00,0.0,99.93,83.6,98.36,16.38,16.81,27.97,80.78,348.25,False
2022-05-16 14:00:00,0.0,93.93,83.53,98.27,16.9,16.99,26.47,84.56,347.34,False
2022-05-16 15:00:00,0.0,88.05,83.35,98.06,16.2,16.35,25.41,87.43,346.7,False
2022-05-16 16:00:00,0.0,83.08,83.16,97.84,16.87,16.59,24.07,93.83,345.89,False
2022-05-16 17:00:00,0.0,78.47,82.86,97.48,17.34,17.53,23.73,92.28,345.68,False
2022-05-16 18:00:00,0.0,73.27,82.5,97.05,16.46,17.37,24.71,92.96,346.28,False
2022-05-16 19:00:00,31.96,126.13,82.94,97.58,16.78,17.51,25.02,92.6,346.46,False
2022-05-16 20:00:00,30.51,173.43,84.22,99.09,15.53,15.46,24.46,91.35,346.12,False
2022-05-16 21:00:00,0.0,162.87,85.0,100.0,15.02,14.88,25.35,87.73,346.66,False
2022-05-16 22:00:00,0.0,153.25,85.0,100.0,14.88,15.21,25.71,84.36,346.88,False
2022-05-16 23:00:00,0.0,144.61,85.0,100.0,15.12,14.87,28.04,81.96,348.29,False
2022-05-17 00:00:00,0.0,135.82,85.0,100.0,14.91,14.85,28.9,80.31,348.81,False
2022-05-17 01:00:00,23.63,170.68,85.0,100.0,15.46,14.84,30.83,76.63,349.98,False
2022-05-17 02:00:00,0.0,160.0,85.0,100.0,15.84,15.28,30.22,70.52,349.62,False
2022-05-17 03:00:00,0.0,150.54,85.0,100.0,14.4,15.39,31.46,69.64,350.36,False
2022-05-17 04:00:00,0.0,141.33,85.0,100.0,15.01,15.2,32.54,65.49,351.02,False
2022-05-17 05:00:00,0.0,132.99,85.0,100.0,15.43,14.72,33.23,64.54,351.44,False
2022-05-17 06:00:00,0.0,124.48,85.0,100.0,14.72,15.55,32.87,63.05,351.22,False
2022-05-17 07:00:00,0.0,116.63,85.0,100.0,15.11,15.1,32.32,64.11,350.89,False
2022-05-17 08:00:00,0.0,109.77,85.0,100.0,14.85,15.42,32.93,68.56,351.25,False
2022-05-17 09:00:00,0.0,103.0,85.0,100.0,14.6,14.48,32.11,68.29,350.76,False
2022-05-17 10:00:00,0.0,96.72,84.84,99.82,14.75,15.62,30.2,71.27,349.6,False
2022-05-17 11:00:00,15.18,118.8,84.99,99.99,14.02,14.86,30.48,71.48,349.77,False
2022-05-17 12:00:00,0.0,111.71,85.0,100.0,15.07,14.82,29.2,77.38,349.0,False
2022-05-17 13:00:00,0.0,105.28,85.0,100.0,15.09,15.16,27.42,81.14,347.91,False
2022-05-17 14:00:00,0.0,98.73,84.93,99.92,14.69,14.25,26.3,83.34,347.24,False
2022-05-17 15:00:00,0.0,92.41,84.72,99.67,15.17,15.42,25.65,87.94,346.84,False
2022-05-17 16:00:00,0.0,86.84,84.52,99.43,-0.09,15.37,24.09,89.27,345.9,True
2022-05-17 17:00:00,0.0,81.18,84.41,99.3,15.8,16.16,24.17,91.68,345.95,False
2022-05-17 18:00:00,0.0,76.1,84.12,98.97,15.72,15.98,22.71,92.24,345.06,False
2022-05-17 19:00:00,0.0,71.61,83.61,98.37,16.69,15.99,24.68,89.61,346.26,False
2022-05-17 20:00:00,13.46,91.5,83.43,98.16,16.44,16.25,23.67,89.33,345.64,False
2022-05-17 21:00:00,0.0,86.11,83.16,97.84,16.44,15.85,26.22,88.05,347.19,False
2022-05-17 22:00:00,0.0,81.13,82.8,97.42,16.98,18.17,26.05,87.37,347.09,False
2022-05-17 23:00:00,28.47,127.14,83.33,98.03,17.28,15.67,27.21,82.14,347.79,False
2022-05-18 00:00:00,0.0,119.23,83.65,98.41,17.19,16.14,28.12,76.68,348.34,False
2022-05-18 01:00:00,0.0,111.42,83.77,98.56,15.62,16.52,29.49,75.17,349.17,False
2022-05-18 02:00:00,0.0,104.62,83.77,98.55,16.59,16.82,31.6,74.42,350.45,False
2022-05-18 03:00:00,0.0,98.57,83.96,98.77,15.6,16.76,30.19,69.93,349.59,False
2022-05-18 04:00:00,0.0,93.1,83.93,98.74,15.77,16.03,33.16,66.97,351.4,False
2022-05-18 05:00:00,0.0,87.57,83.68,98.45,16.4,16.52,33.05,65.93,351.33,False
2022-05-18 06:00:00,27.28,131.84,84.33,99.22,15.86,15.54,32.28,66.88,350.86,False
2022-05-18 07:00:00,0.0,124.04,84.67,99.61,15.04,14.71,32.2,66.63,350.81,False
2022-05-18 08:00:00,16.57,146.46,85.0,100.0,15.24,14.58,33.4,67.01,351.54,False
2022-05-18 09:00:00,0.0,137.49,85.0,100.0,15.47,14.31,31.11,70.24,350.16,False
2022-05-18 10:00:00,0.0,128.52,85.0,100.0,15.29,15.13,30.06,68.84,349.52,False
2022-05-18 11:00:00,0.0,121.18,85.0,100.0,14.61,14.86,30.35,71.37,349.69,False
2022-05-18 12:00:00,0.0,113.89,85.0,100.0,14.82,14.93,28.7,78.31,348.69,False
2022-05-18 13:00:00,0.0,107.48,85.0,100.0,15.35,15.27,26.77,81.76,347.52,False
2022-05-18 14:00:00,0.0,100.74,85.0,100.0,15.62,15.1,26.38,83.91,347.29,False
2022-05-18 15:00:00,0.34,96.04,85.0,100.0,14.49,15.26,24.7,89.55,346.27,False
2022-05-18 16:00:00,0.0,90.2,84.95,99.94,15.18,27.78,25.26,86.4,346.61,True
2022-05-18 17:00:00,13.47,108.82,85.0,100.0,15.29,14.68,24.79,90.45,346.32,False
2022-05-18 18:00:00,0.0,102.23,84.94,99.93,14.5,14.31,24.32,91.03,346.04,False
2022-05-18 19:00:00,0.0,96.15,84.73,99.68,15.68,15.04,24.37,88.25,346.07,False
2022-05-18 20:00:00,0.0,90.36,84.64,99.58,16.2,15.27,25.66,93.11,346.85,False
2022-05-18 21:00:00,0.0,84.78,84.44,99.34,15.83,15.73,25.32,85.18,346.64,False
2022-05-18 22:00:00,0.0,79.15,84.15,99.0,16.08,16.14,25.54,83.82,346.78,False
2022-05-18 23:00:00,4.11,81.56,84.0,98.83,15.69,15.57,27.6,83.44,348.03,False
2022-05-19 00:00:00,0.0,76.99,83.66,98.42,16.14,15.85,29.75,79.29,349.33,False
2022-05-19 01:00:00,0.0,72.11,83.24,97.93,16.5,17.31,29.06,72.16,348.91,False
2022-05-19 02:00:00,0.0,67.27,82.61,97.19,17.04,17.52,30.53,72.36,349.8,False
2022-05-19 03:00:00,5.46,72.75,82.31,96.84,17.59,17.83,31.93,68.68,350.65,False
2022-05-19 04:00:00,0.0,68.36,81.8,96.23,18.33,18.31,32.36,70.54,350.91,False
2022-05-19 05:00:00,0.0,64.03,81.16,95.48,18.5,18.9,32.26,65.28,350.85,False
2022-05-19 06:00:00,42.93,137.37,81.83,96.27,18.03,18.08,33.67,63.72,351.71,False
2022-05-19 07:00:00,0.0,128.89,82.49,97.05,17.63,17.22,34.24,62.76,352.05,False
2022-05-19 08:00:00,0.0,121.46,83.05,97.71,16.1,28.73,32.51,64.39,351.0,True
2022-05-19 09:00:00,45.14,195.56,84.59,99.52,15.79,16.28,31.14,66.45,350.17,False
2022-05-19 10:00:00,0.0,184.49,85.0,100.0,15.09,15.72,29.82,73.74,349.37,False
2022-05-19 11:00:00,0.0,173.31,85.0,100.0,15.09,15.37,29.82,74.41,349.37,False
2022-05-19 12:00:00,0.0,162.83,85.0,100.0,15.46,14.97,29.16,79.13,348.97,False
2022-05-19 13:00:00,0.0,153.41,85.0,100.0,15.38,15.23,27.62,84.65,348.04,False
2022-05-19 14:00:00,0.0,144.32,85.0,100.0,15.24,14.43,26.25,80.28,347.21,False
2022-05-19 15:00:00,34.75,197.93,85.0,100.0,15.11,15.4,24.96,90.46,346.43,False
2022-05-19 16:00:00,0.0,186.22,85.0,100.0,15.0,14.9,23.95,90.24,345.81,False
2022-05-19 17:00:00,4.74,183.7,85.0,100.0,14.77,15.01,24.65,92.39,346.24,False
2022-05-19 18:00:00,12.93,195.41,85.0,100.0,14.62,15.04,24.55,90.34,346.18,False
2022-05-19 19:00:00,0.0,183.49,85.0,100.0,15.15,14.93,23.23,90.01,345.37,False
2022-05-19 20:00:00,15.38,200.21,85.0,100.0,99.0,15.32,25.56,91.1,346.79,True
2022-05-19 21:00:00,0.0,188.63,85.0,100.0,15.06,15.64,25.66,92.67,346.85,False
2022-05-19 22:00:00,0.0,177.52,85.0,100.0,14.46,15.34,27.09,87.01,347.72,False
2022-05-19 23:00:00,0.0,166.7,85.0,100.0,13.94,15.03,26.53,84.15,347.38,False
2022-05-20 00:00:00,0.0,156.49,85.0,100.0,15.02,14.57,27.68,77.62,348.07,False
2022-05-20 01:00:00,0.0,147.34,85.0,100.0,14.27,15.02,29.58,73.18,349.22,False
2022-05-20 02:00:00,0.0,137.77,85.0,100.0,15.13,14.97,31.05,69.44,350.12,False
2022-05-20 03:00:00,0.0,129.26,85.0,100.0,15.78,15.33,32.76,67.12,351.15,False
2022-05-20 04:00:00,0.0,121.93,85.0,100.0,15.13,14.74,32.82,61.77,351.19,False
2022-05-20 05:00:00,29.21,167.28,85.0,100.0,14.83,14.64,32.7,63.03,351.12,False
2022-05-20 06:00:00,0.0,157.01,85.0,100.0,14.58,15.12,32.38,62.88,350.92,False
2022-05-20 07:00:00,0.0,147.23,85.0,100.0,14.77,15.37,33.58,64.13,351.65,False
2022-05-20 08:00:00,10.37,157.31,85.0,100.0,14.99,15.06,31.82,66.14,350.58,False
2022-05-20 09:00:00,17.92,180.16,85.0,100.0,15.43,15.39,32.66,68.83,351.09,False
2022-05-20 10:00:00,22.86,210.43,85.0,100.0,15.06,14.49,30.58,70.97,349.83,False
2022-05-20 11:00:00,0.0,197.92,85.0,100.0,14.88,15.19,30.62,73.21,349.86,False
2022-05-20 12:00:00,0.0,186.1,85.0,100.0,15.27,14.49,28.91,74.07,348.82,False
2022-05-20 13:00:00,0.0,174.96,85.0,100.0,15.59,16.07,27.25,80.47,347.82,False
2022-05-20 14:00:00,0.0,164.06,85.0,100.0,15.13,15.54,25.94,83.06,347.02,False
2022-05-20 15:00:00,0.0,153.91,85.0,100.0,15.08,15.15,25.11,88.83,346.52,False
2022-05-20 16:00:00,0.0,144.9,85.0,100.0,14.34,14.36,24.86,91.94,346.37,False
2022-05-20 17:00:00,0.0,136.37,85.0,100.0,14.46,14.45,24.2,93.4,345.96,False
2022-05-20 18:00:00,0.0,128.31,85.0,100.0,14.4,15.76,23.64,93.51,345.63,False
2022-05-20 19:00:00,0.0,120.43,85.0,100.0,14.92,14.54,24.05,91.26,345.88,False
2022-05-20 20:00:00,0.0,113.43,85.0,100.0,14.67,15.2,24.65,89.08,346.24,False
2022-05-20 21:00:00,14.3,132.27,85.0,100.0,14.8,15.73,24.04,86.41,345.87,False
2022-05-20 22:00:00,66.03,243.58,85.0,100.0,14.66,15.04,26.52,81.99,347.37,False
2022-05-20 23:00:00,0.0,228.74,85.0,100.0,14.7,14.52,26.75,83.61,347.51,False
2022-05-21 00:00:00,0.0,214.86,85.0,100.0,14.26,14.29,27.81,77.65,348.15,False
2022-05-21 01:00:00,0.0,201.92,85.0,100.0,15.09,15.15,28.65,71.88,348.66,False
2022-05-21 02:00:00,0.0,190.06,85.0,100.0,15.28,14.56,29.67,69.35,349.28,False
2022-05-21 03:00:00,0.0,178.65,85.0,100.0,15.03,15.0,30.87,66.37,350.01,False
2022-05-21 04:00:00,13.51,192.25,85.0,100.0,15.15,14.57,31.97,65.96,350.67,False
2022-05-21 05:00:00,0.0,180.6,85.0,100.0,15.19,14.76,34.02,66.61,351.92,False
2022-05-21 06:00:00,0.0,169.84,85.0,100.0,15.17,14.77,32.68,63.3,351.11,False
2022-05-21 07:00:00,0.0,159.63,85.0,100.0,15.34,14.9,32.95,59.97,351.27,False
2022-05-21 08:00:00,0.0,149.82,85.0,100.0,15.48,14.7,32.64,65.5,351.08,False
2022-05-21 09:00:00,0.0,140.87,85.0,100.0,15.63,15.11,31.76,67.79,350.55,False
2022-05-21 10:00:00,4.4,140.39,85.0,100.0,14.23,15.4,30.7,70.55,349.91,False
2022-05-21 11:00:00,8.58,148.11,85.0,100.0,15.19,14.86,28.95,73.12,348.84,False
2022-05-21 12:00:00,0.0,139.04,85.0,100.0,14.52,15.1,29.37,78.43,349.1,False
2022-05-21 13:00:00,0.0,130.44,85.0,100.0,15.56,14.63,28.42,81.76,348.52,False
2022-05-21 14:00:00,13.79,147.53,85.0,100.0,15.03,14.37,25.24,84.95,346.6,False
2022-05-21 15:00:00,10.69,157.62,85.0,100.0,15.11,15.16,24.7,88.72,346.27,False
2022-05-21 16:00:00,0.0,147.84,85.0,100.0,15.05,15.35,24.43,89.26,346.11,False
2022-05-21 17:00:00,0.0,138.54,85.0,100.0,15.08,14.23,23.57,90.55,345.59,False
2022-05-21 18:00:00,0.0,129.99,85.0,100.0,15.66,14.96,24.3,94.76,346.03,False
2022-05-21 19:00:00,0.0,121.97,85.0,100.0,15.5,15.17,23.72,92.64,345.67,False
2022-05-21 20:00:00,0.0,114.26,85.0,100.0,15.64,15.12,25.9,91.78,347.0,False
2022-05-21 21:00:00,0.0,107.33,85.0,100.0,14.92,14.76,26.03,90.35,347.08,False
2022-05-21 22:00:00,0.0,100.18,85.0,100.0,14.15,15.02,26.38,86.05,347.28,False
2022-05-21 23:00:00,0.0,94.32,84.88,99.86,15.42,15.49,27.95,83.48,348.24,False
2022-05-22 00:00:00,0.0,88.49,84.77,99.73,14.79,14.89,29.16,74.84,348.97,False
2022-05-22 01:00:00,0.0,83.06,84.52,99.43,15.34,16.11,29.33,74.78,349.07,False
2022-05-22 02:00:00,0.0,78.25,84.18,99.04,15.79,15.26,30.26,70.63,349.64,False
2022-05-22 03:00:00,0.0,73.67,83.85,98.65,16.15,16.51,31.73,71.46,350.53,False
2022-05-22 04:00:00,0.0,69.06,83.4,98.12,16.85,16.62,32.91,67.73,351.25,False
2022-05-22 05:00:00,0.0,65.05,82.87,97.5,16.76,16.92,32.93,63.22,351.26,False
2022-05-22 06:00:00,0.0,61.61,82.22,96.73,18.03,17.04,32.05,64.75,350.72,False
2022-05-22 07:00:00,20.51,94.53,82.28,96.8,17.64,18.19,32.36,64.81,350.91,False
2022-05-22 08:00:00,0.0,89.09,82.15,96.65,18.89,17.47,32.35,66.78,350.91,False
2022-05-22 09:00:00,0.0,83.41,81.96,96.43,17.4,18.02,31.64,66.06,350.47,False
2022-05-22 10:00:00,0.0,78.76,81.64,96.05,18.41,18.55,31.93,71.72,350.65,False
2022-05-22 11:00:00,44.08,153.15,82.5,97.06,17.75,18.45,28.83,73.92,348.77,False
2022-05-22 12:00:00,0.0,143.74,83.28,97.98,16.55,16.57,28.8,78.56,348.75,False
2022-05-22 13:00:00,12.81,158.52,84.24,99.1,15.53,15.78,28.23,80.17,348.41,False
2022-05-22 14:00:00,0.0,149.22,85.0,100.0,15.53,15.17,27.61,83.83,348.03,False
2022-05-22 15:00:00,4.19,147.6,85.0,100.0,15.34,15.05,25.08,90.25,346.5,False
2022-05-22 16:00:00,0.0,138.78,85.0,100.0,14.68,14.7,24.9,88.02,346.39,False
2022-05-22 17:00:00,0.0,130.24,85.0,100.0,14.41,15.59,24.5,89.57,346.14,False
2022-05-22 18:00:00,0.0,121.95,85.0,100.0,15.24,14.82,24.12,91.9,345.92,False
2022-05-22 19:00:00,0.0,114.69,85.0,100.0,15.13,15.19,24.09,89.98,345.9,False
2022-05-22 20:00:00,0.0,107.7,85.0,100.0,15.23,14.91,24.86,88.35,346.37,False
2022-05-22 21:00:00,0.0,100.96,85.0,100.0,14.95,14.76,23.8,88.11,345.72,False
2022-05-22 22:00:00,0.0,95.29,84.9,99.89,15.44,15.52,26.66,81.99,347.46,False
2022-05-22 23:00:00,0.0,89.3,84.83,99.8,15.81,15.28,27.41,79.61,347.91,False
2022-05-23 00:00:00,0.0,83.98,84.63,99.57,15.98,14.49,28.37,82.11,348.49,False
2022-05-23 01:00:00,0.0,79.27,84.34,99.22,15.33,15.78,30.89,75.3,350.02,False
2022-05-23 02:00:00,0.0,74.44,83.94,98.76,17.06,15.81,30.35,69.51,349.69,False
2022-05-23 03:00:00,0.0,69.75,83.67,98.43,16.59,15.7,31.44,68.94,350.35,False
2022-05-23 04:00:00,0.0,65.65,83.11,97.78,16.32,17.27,33.59,67.01,351.66,False
2022-05-23 05:00:00,0.0,61.85,82.45,96.99,17.73,17.25,32.35,66.47,350.9,False
2022-05-23 06:00:00,0.0,58.4,81.69,96.1,18.41,18.42,32.67,63.75,351.1,False
2022-05-23 07:00:00,0.0,55.46,81.04,95.34,18.91,19.33,32.76,66.43,351.15,False
2022-05-23 08:00:00,0.0,52.0,80.4,94.59,19.52,19.5,32.9,61.8,351.24,False
2022-05-23 09:00:00,0.0,48.93,79.51,93.54,20.77,20.59,31.81,65.99,350.57,False
2022-05-23 10:00:00,0.0,45.62,78.6,92.48,21.68,38.59,29.97,71.33,349.46,True
2022-05-23 11:00:00,0.0,43.08,77.65,91.36,22.11,22.79,29.35,75.04,349.08,False
2022-05-23 12:00:00,0.0,40.55,76.68,90.21,23.11,23.25,28.14,76.18,348.35,False
2022-05-23 13:00:00,0.0,38.06,75.53,88.86,24.24,24.68,27.29,82.14,347.84,False
2022-05-23 14:00:00,5.21,44.97,74.71,87.89,25.22,25.9,26.51,83.75,347.36,False
2022-05-23 15:00:00,0.0,42.17,73.86,86.9,26.49,25.39,25.57,87.35,346.79,False
2022-05-23 16:00:00,33.85,100.63,73.75,86.76,26.73,25.98,23.54,92.17,345.56,False
2022-05-23 17:00:00,0.0,94.31,73.82,86.85,26.09,26.11,24.79,93.34,346.32,False
2022-05-23 18:00:00,0.0,88.55,73.79,86.81,26.65,26.26,24.15,90.01,345.94,False
2022-05-23 19:00:00,0.0,83.25,73.29,86.22,26.89,26.96,24.98,89.41,346.44,False
2022-05-23 20:00:00,0.0,77.79,72.77,85.61,27.28,27.72,24.87,89.3,346.37,False
2022-05-23 21:00:00,0.0,72.81,72.33,85.1,28.41,27.37,25.98,87.85,347.04,False
2022-05-23 22:00:00,0.0,68.24,71.94,84.63,28.19,27.98,26.53,83.68,347.38,False
2022-05-23 23:00:00,0.0,64.62,72.04,84.75,27.91,28.41,28.14,83.7,348.35,False
2022-05-24 00:00:00,0.0,60.49,72.05,84.76,28.29,28.09,28.81,78.69,348.76,False
2022-05-24 01:00:00,0.0,56.84,72.04,84.75,27.47,27.28,29.61,75.19,349.24,False
2022-05-24 02:00:00,0.0,53.12,71.86,84.54,28.05,27.43,32.11,68.47,350.76,False
2022-05-24 03:00:00,0.0,49.7,71.79,84.46,28.31,28.01,32.22,70.44,350.82,False
2022-05-24 04:00:00,0.0,46.29,71.55,84.18,28.73,28.67,32.74,60.24,351.14,False
2022-05-24 05:00:00,14.56,69.93,71.59,84.22,28.51,28.62,32.08,66.15,350.74,False
2022-05-24 06:00:00,18.99,99.52,72.18,84.92,27.3,27.46,32.23,65.87,350.83,False
2022-05-24 07:00:00,0.0,93.82,72.78,85.62,26.87,27.49,33.02,63.61,351.31,False
2022-05-24 08:00:00,0.0,88.33,72.59,85.4,27.24,27.51,32.48,68.42,350.99,False
2022-05-24 09:00:00,0.0,83.01,72.3,85.06,27.8,27.27,31.31,67.97,350.28,False
2022-05-24 10:00:00,0.0,78.31,71.98,84.68,27.5,27.78,30.83,71.12,349.99,False
2022-05-24 11:00:00,0.0,74.55,72.25,85.0,28.31,26.97,30.62,75.06,349.85,False
2022-05-24 12:00:00,0.0,70.22,71.68,84.33,28.44,27.84,28.92,84.37,348.82,False
2022-05-24 13:00:00,0.0,65.67,71.88,84.56,28.24,27.37,26.65,84.31,347.45,False
2022-05-24 14:00:00,0.0,62.17,71.9,84.59,28.03,27.48,26.18,86.4,347.17,False
2022-05-24 15:00:00,0.0,58.5,71.91,84.6,27.51,28.76,24.84,86.07,346.35,False
2022-05-24 16:00:00,0.0,55.62,71.84,84.52,28.19,28.0,24.37,90.41,346.07,False
2022-05-24 17:00:00,0.0,52.13,71.68,84.33,28.62,27.61,23.91,89.9,345.79,False
2022-05-24 18:00:00,0.0,49.39,71.58,84.21,28.36,28.59,23.71,93.64,345.67,False
2022-05-24 19:00:00,0.0,46.43,71.36,83.95,29.07,28.76,23.4,91.8,345.48,False
2022-05-24 20:00:00,0.0,44.44,71.1,83.65,28.87,28.97,24.53,87.88,346.16,False
2022-05-24 21:00:00,0.0,41.69,70.6,83.06,29.68,29.05,24.98,88.06,346.44,False
2022-05-24 22:00:00,3.29,46.02,70.43,82.86,29.52,29.82,24.49,83.3,346.14,False
2022-05-24 23:00:00,0.0,43.39,70.14,82.52,30.01,29.42,28.57,81.93,348.61,False
2022-05-25 00:00:00,0.0,41.04,69.89,82.22,30.46,30.43,29.15,76.28,348.97,False
2022-05-25 01:00:00,0.0,39.09,69.67,81.96,29.9,30.68,29.44,74.43,349.14,False
2022-05-25 02:00:00,7.29,49.63,69.56,81.84,30.7,30.41,30.76,72.5,349.94,False
2022-05-25 03:00:00,0.0,46.94,69.35,81.59,31.07,30.07,30.98,67.99,350.07,False
2022-05-25 04:00:00,0.0,44.04,69.06,81.25,31.82,31.26,33.41,65.09,351.55,False
2022-05-25 05:00:00,32.8,100.48,69.94,82.28,30.09,29.83,33.99,64.88,351.89,False
2022-05-25 06:00:00,0.0,94.48,70.55,83.0,28.61,29.56,33.09,65.39,351.35,False
2022-05-25 07:00:00,0.0,88.98,71.05,83.59,28.24,29.23,33.46,62.26,351.58,False
2022-05-25 08:00:00,0.0,83.8,71.43,84.04,28.21,28.24,32.5,66.4,351.0,False
2022-05-25 09:00:00,21.01,116.42,72.3,85.06,28.21,28.56,30.88,70.74,350.01,False
2022-05-25 10:00:00,0.0,109.48,72.33,85.09,28.55,27.65,30.5,72.15,349.78,False
2022-05-25 11:00:00,0.0,102.21,72.51,85.31,27.32,27.22,29.74,74.49,349.32,False
2022-05-25 12:00:00,14.89,123.18,72.86,85.72,27.16,27.54,28.23,79.28,348.41,False
2022-05-25 13:00:00,0.0,116.3,73.15,86.06,25.82,27.47,27.2,82.53,347.79,False
2022-05-25 14:00:00,0.0,109.38,73.32,86.26,26.94,25.85,26.2,86.51,347.17,False
2022-05-25 15:00:00,0.0,102.33,73.5,86.47,26.55,25.95,25.27,83.85,346.61,False
2022-05-25 16:00:00,0.0,96.42,73.41,86.36,26.49,26.28,24.63,87.02,346.23,False
2022-05-25 17:00:00,0.0,90.4,73.3,86.23,26.32,27.55,23.52,93.53,345.55,False
2022-05-25 18:00:00,0.0,85.03,73.11,86.02,26.75,26.69,23.57,88.99,345.58,False
2022-05-25 19:00:00,0.0,80.14,72.7,85.53,26.76,27.91,23.38,92.33,345.47,False
2022-05-25 20:00:00,0.0,75.49,72.2,84.94,27.46,27.89,25.19,89.42,346.56,False
2022-05-25 21:00:00,0.0,71.29,72.33,85.09,27.16,27.09,24.05,85.91,345.88,False
2022-05-25 22:00:00,0.0,67.05,71.83,84.5,27.77,28.53,26.94,85.7,347.63,False
2022-05-25 23:00:00,0.0,63.08,71.89,84.57,27.65,28.24,28.17,82.03,348.37,False
2022-05-26 00:00:00,0.0,59.52,71.87,84.55,28.36,27.79,28.32,82.22,348.46,False
2022-05-26 01:00:00,0.0,55.93,71.85,84.53,27.69,27.88,28.1,73.13,348.33,False
2022-05-26 02:00:00,0.0,52.36,71.66,84.3,28.32,27.92,30.53,73.88,349.8,False
2022-05-26 03:00:00,0.0,49.36,71.47,84.08,28.1,28.28,31.64,68.81,350.48,False
2022-05-26 04:00:00,0.0,46.06,71.23,83.79,28.35,29.04,31.79,64.55,350.57,False
2022-05-26 05:00:00,0.0,43.27,70.88,83.39,28.68,28.76,32.54,66.08,351.02,False
2022-05-26 06:00:00,0.0,40.26,70.74,83.22,29.66,29.3,33.92,65.13,351.85,False
2022-05-26 07:00:00,5.43,47.46,70.35,82.77,29.57,29.77,33.25,64.55,351.45,False
2022-05-26 08:00:00,0.0,44.45,70.19,82.58,29.51,29.78,31.84,66.41,350.6,False
2022-05-26 09:00:00,0.0,41.49,69.95,82.29,29.65,47.78,30.72,66.91,349.92,True
2022-05-26 10:00:00,0.0,39.33,69.67,81.96,29.79,30.63,30.55,69.35,349.82,False
2022-05-26 11:00:00,0.0,37.28,69.3,81.53,30.41,30.24,29.54,75.9,349.2,False
2022-05-26 12:00:00,0.0,35.44,69.0,81.17,30.43,30.77,28.8,77.55,348.75,False
2022-05-26 13:00:00,0.0,33.25,68.51,80.6,31.31,31.3,27.01,81.46,347.67,False
2022-05-26 14:00:00,0.0,31.13,68.06,80.08,31.65,31.92,26.56,85.56,347.39,False
2022-05-26 15:00:00,0.0,29.5,67.56,79.48,32.13,32.48,26.48,88.43,347.35,False
2022-05-26 16:00:00,0.0,27.77,67.01,78.83,33.49,33.27,25.09,87.27,346.51,False
2022-05-26 17:00:00,0.0,26.14,66.45,78.18,33.45,33.42,24.12,94.1,345.92,False
2022-05-26 18:00:00,0.0,23.81,65.77,77.38,34.16,33.74,23.89,92.24,345.78,False
2022-05-26 19:00:00,0.95,24.31,65.68,77.28,34.83,34.75,23.94,91.12,345.81,False
2022-05-26 20:00:00,0.0,23.04,65.75,77.36,33.7,34.08,25.31,90.99,346.64,False
2022-05-26 21:00:00,0.0,21.66,65.91,77.54,33.9,34.02,24.94,88.37,346.41,False
2022-05-26 22:00:00,0.0,20.6,65.85,77.47,33.53,33.75,26.28,86.53,347.22,False
2022-05-26 23:00:00,0.0,19.55,65.8,77.42,34.22,33.85,27.37,82.7,347.88,False
2022-05-27 00:00:00,0.0,18.17,65.69,77.28,34.56,34.89,28.2,79.44,348.39,False
2022-05-27 01:00:00,0.0,17.01,65.57,77.14,33.46,33.88,28.84,77.08,348.78,False
2022-05-27 02:00:00,0.0,15.69,65.43,76.98,34.91,34.08,30.94,72.77,350.05,False
2022-05-27 03:00:00,0.0,15.18,65.33,76.86,99.0,34.49,31.65,67.78,350.48,True
2022-05-27 04:00:00,0.0,14.57,65.25,76.77,34.76,34.87,32.7,63.63,351.11,False
2022-05-27 05:00:00,0.0,13.45,64.97,76.43,34.54,34.65,32.53,67.81,351.01,False
2022-05-27 06:00:00,0.0,12.83,64.97,76.43,35.34,34.4,33.73,63.52,351.74,False
2022-05-27 07:00:00,13.76,36.91,65.15,76.65,35.52,34.36,32.32,63.53,350.89,False
2022-05-27 08:00:00,0.0,34.49,65.3,76.82,34.54,34.54,33.42,62.4,351.56,False
2022-05-27 09:00:00,0.0,32.46,65.37,76.9,34.51,34.23,30.63,68.78,349.86,False
2022-05-27 10:00:00,0.0,30.77,65.41,76.95,34.6,35.48,31.01,71.3,350.09,False
2022-05-27 11:00:00,8.79,45.02,65.77,77.37,34.07,35.03,29.95,71.35,349.45,False
2022-05-27 12:00:00,0.0,43.02,66.09,77.76,33.83,34.37,28.02,78.91,348.28,False
2022-05-27 13:00:00,0.0,40.47,66.37,78.09,34.04,33.78,27.59,80.63,348.02,False
2022-05-27 14:00:00,0.0,37.97,65.97,77.61,34.0,34.18,27.02,90.38,347.67,False
2022-05-27 15:00:00,0.0,35.86,65.91,77.54,34.2,34.62,23.99,86.76,345.84,False
2022-05-27 16:00:00,0.0,33.65,65.89,77.52,34.92,34.16,24.9,89.25,346.39,False
2022-05-27 17:00:00,0.0,31.46,65.97,77.62,34.61,33.7,22.66,89.77,345.03,False
2022-05-27 18:00:00,0.0,29.29,66.05,77.7,33.53,34.8,23.42,94.56,345.49,False
2022-05-27 19:00:00,0.0,26.51,66.02,77.67,34.68,34.21,25.13,90.78,346.53,False
2022-05-27 20:00:00,0.0,25.14,65.94,77.58,34.61,34.64,24.25,88.67,346.0,False
2022-05-27 21:00:00,0.0,23.14,65.91,77.54,34.69,34.81,24.61,89.31,346.22,False
2022-05-27 22:00:00,20.14,57.73,66.42,78.15,33.33,32.87,26.13,82.24,347.14,False
2022-05-27 23:00:00,0.0,54.36,66.29,77.99,33.79,33.36,28.58,82.87,348.62,False
2022-05-28 00:00:00,0.0,51.0,66.57,78.32,33.27,33.35,27.4,81.56,347.91,False
2022-05-28 01:00:00,0.0,48.59,66.31,78.02,33.73,33.89,29.03,75.51,348.89,False
2022-05-28 02:00:00,0.0,45.22,66.14,77.82,34.56,34.22,31.65,72.28,350.48,False
2022-05-28 03:00:00,0.0,43.18,66.35,78.05,33.71,33.63,32.8,69.84,351.17,False
2022-05-28 04:00:00,0.0,41.0,66.08,77.74,33.23,34.44,32.34,69.3,350.9,False
2022-05-28 05:00:00,0.0,38.81,66.4,78.12,33.45,33.84,32.1,66.9,350.75,False
2022-05-28 06:00:00,0.0,36.92,65.95,77.59,33.79,34.29,34.26,64.88,352.06,False
2022-05-28 07:00:00,0.0,34.82,66.06,77.71,34.66,33.83,33.8,66.28,351.78,False
2022-05-28 08:00:00,0.0,32.22,66.23,77.92,33.44,33.89,32.8,64.1,351.18,False
2022-05-28 09:00:00,9.98,48.4,66.7,78.47,33.14,33.43,31.19,69.65,350.2,False
2022-05-28 10:00:00,0.0,45.05,66.4,78.11,33.45,33.99,30.72,68.99,349.92,False
2022-05-28 11:00:00,0.0,42.19,65.97,77.61,34.67,33.5,29.57,73.64,349.22,False
2022-05-28 12:00:00,0.0,39.63,66.29,77.99,34.09,33.99,28.7,71.83,348.69,False
2022-05-28 13:00:00,0.0,36.98,66.51,78.25,33.71,32.83,28.21,82.43,348.39,False
2022-05-28 14:00:00,0.0,35.05,66.13,77.8,33.96,33.53,26.78,83.71,347.53,False
2022-05-28 15:00:00,0.0,32.88,66.31,78.01,33.77,33.93,24.67,90.12,346.25,False
2022-05-28 16:00:00,7.49,44.52,65.96,77.6,34.07,33.71,25.43,90.9,346.71,False
2022-05-28 17:00:00,0.0,41.85,66.25,77.94,34.57,33.76,24.34,93.77,346.05,False
2022-05-28 18:00:00,0.0,39.37,66.44,78.17,33.05,33.19,24.41,89.83,346.09,False
2022-05-28 19:00:00,0.0,36.74,66.1,77.77,32.79,34.14,25.03,93.6,346.47,False
2022-05-28 20:00:00,0.0,34.19,66.3,77.99,33.88,33.72,23.94,94.34,345.81,False
2022-05-28 21:00:00,0.0,32.09,66.47,78.2,34.09,33.52,25.3,89.43,346.63,False
2022-05-28 22:00:00,0.0,29.88,66.01,77.66,34.06,34.43,25.93,86.58,347.01,False
2022-05-28 23:00:00,0.0,28.5,66.07,77.73,33.14,34.1,26.39,81.96,347.3,False
2022-05-29 00:00:00,0.0,26.38,66.09,77.76,34.21,34.11,28.71,76.95,348.7,False
2022-05-29 01:00:00,0.0,25.5,66.11,77.77,33.47,34.34,31.17,75.9,350.19,False
2022-05-29 02:00:00,0.0,24.06,66.02,77.67,33.47,34.47,29.65,67.99,349.27,False
2022-05-29 03:00:00,1.49,25.31,65.97,77.61,33.64,33.65,31.66,67.26,350.49,False
2022-05-29 04:00:00,52.45,118.03,67.53,79.45,31.83,32.77,32.78,62.33,351.17,False
2022-05-29 05:00:00,0.0,111.15,68.43,80.51,31.65,31.74,32.92,63.07,351.25,False
2022-05-29 06:00:00,0.0,104.42,69.12,81.32,30.62,31.4,32.93,65.28,351.26,False
2022-05-29 07:00:00,15.36,125.89,70.13,82.51,29.33,29.35,32.07,65.49,350.73,False
2022-05-29 08:00:00,0.0,118.59,70.98,83.5,29.98,28.75,32.54,65.98,351.02,False
2022-05-29 09:00:00,0.0,111.68,71.74,84.4,28.05,28.18,31.23,68.44,350.22,False
2022-05-29 10:00:00,0.0,105.35,72.45,85.23,27.57,28.11,29.44,67.23,349.14,False
2022-05-29 11:00:00,0.0,99.19,72.43,85.21,28.2,27.46,30.38,73.63,349.71,False
2022-05-29 12:00:00,0.0,92.95,72.31,85.07,27.96,27.67,29.08,76.64,348.92,False
2022-05-29 13:00:00,23.99,129.93,72.74,85.58,28.02,26.98,27.37,80.31,347.88,False
2022-05-29 14:00:00,27.3,171.34,73.81,86.84,25.91,26.5,26.39,86.2,347.29,False
2022-05-29 15:00:00,0.0,161.13,74.87,88.08,25.55,25.4,25.96,86.18,347.03,False
2022-05-29 16:00:00,0.0,152.04,75.77,89.14,24.42,24.01,24.74,88.91,346.29,False
2022-05-29 17:00:00,0.0,142.88,76.56,90.07,23.83,23.02,24.7,87.35,346.27,False
2022-05-29 18:00:00,0.0,134.42,77.23,90.86,23.11,23.08,23.82,91.41,345.74,False
2022-05-29 19:00:00,0.0,126.59,77.73,91.45,21.96,22.47,24.94,89.35,346.41,False
2022-05-29 20:00:00,0.0,119.15,78.09,91.87,23.04,21.65,24.8,90.28,346.33,False
2022-05-29 21:00:00,0.0,112.25,78.39,92.22,20.71,21.89,25.43,86.0,346.71,False
2022-05-29 22:00:00,6.02,116.1,78.8,92.7,20.86,21.46,25.49,85.21,346.75,False
2022-05-29 23:00:00,0.0,108.84,78.92,92.84,21.36,21.58,27.51,81.33,347.97,False
2022-05-30 00:00:00,0.0,102.23,79.04,92.99,21.08,21.3,28.0,81.34,348.27,False
2022-05-30 01:00:00,0.0,95.44,78.94,92.87,21.11,20.92,29.28,75.37,349.04,False
2022-05-30 02:00:00,0.0,89.7,78.81,92.72,21.47,20.88,30.26,67.32,349.64,False
2022-05-30 03:00:00,0.0,84.12,78.66,92.54,21.0,22.14,31.04,65.57,350.11,False
2022-05-30 04:00:00,0.0,79.17,78.32,92.14,22.02,21.48,33.67,65.99,351.71,False
2022-05-30 05:00:00,20.68,111.56,78.46,92.31,21.49,20.8,33.65,62.62,351.69,False
2022-05-30 06:00:00,0.0,104.56,78.53,92.39,22.03,20.99,34.15,58.06,352.0,False
2022-05-30 07:00:00,0.0,98.68,78.46,92.3,21.42,20.73,32.11,67.18,350.76,False
2022-05-30 08:00:00,16.4,122.31,78.77,92.67,21.42,21.72,32.44,67.32,350.96,False
2022-05-30 09:00:00,33.99,176.42,80.17,94.31,20.09,20.56,30.91,69.14,350.03,False
2022-05-30 10:00:00,0.0,165.89,81.33,95.69,19.03,18.77,30.33,69.79,349.68,False
2022-05-30 11:00:00,0.0,156.07,82.24,96.75,17.78,17.12,29.11,75.23,348.94,False
2022-05-30 12:00:00,0.0,146.3,82.96,97.6,16.93,17.52,29.24,76.59,349.02,False
2022-05-30 13:00:00,0.0,137.9,83.54,98.28,16.15,16.64,27.1,82.03,347.72,False
2022-05-30 14:00:00,0.0,129.89,84.01,98.83,16.19,16.48,26.89,83.16,347.6,False
2022-05-30 15:00:00,0.0,122.09,84.5,99.41,14.74,15.74,25.68,90.93,346.86,False
2022-05-30 16:00:00,0.0,114.86,84.76,99.72,15.36,14.68,25.99,86.98,347.05,False
2022-05-30 17:00:00,0.0,108.26,85.0,100.0,15.15,15.26,23.27,93.99,345.4,False
2022-05-30 18:00:00,0.0,101.66,85.0,100.0,15.75,14.38,24.76,92.08,346.3,False
2022-05-30 19:00:00,0.0,95.08,84.9,99.88,14.84,14.79,24.84,90.54,346.35,False
2022-05-30 20:00:00,8.16,103.95,85.0,100.0,15.08,15.41,24.02,90.46,345.86,False
2022-05-30 21:00:00,0.0,97.76,84.86,99.83,15.21,15.54,25.92,89.37,347.01,False
2022-05-30 22:00:00,0.0,91.88,84.76,99.72,14.8,14.86,26.45,87.73,347.33,False
2022-05-30 23:00:00,0.0,86.77,84.47,99.38,15.53,15.07,27.2,82.25,347.78,False
2022-05-31 00:00:00,24.81,125.94,84.76,99.71,14.71,15.25,28.01,76.22,348.27,False
2022-05-31 01:00:00,3.44,124.32,85.0,100.0,15.39,15.8,29.23,74.49,349.02,False
2022-05-31 02:00:00,8.94,132.63,85.0,100.0,15.24,15.22,31.98,74.63,350.68,False
2022-05-31 03:00:00,0.0,124.8,85.0,100.0,15.17,15.94,31.68,70.8,350.5,False
2022-05-31 04:00:00,0.0,116.85,85.0,100.0,14.75,14.93,32.87,67.69,351.22,False
2022-05-31 05:00:00,0.0,110.07,84.99,99.98,15.58,15.37,32.37,66.07,350.92,False
2022-05-31 06:00:00,0.0,103.18,85.0,100.0,14.57,14.87,32.53,65.4,351.01,False
2022-05-31 07:00:00,31.12,152.78,85.0,100.0,15.02,14.68,33.5,66.79,351.6,False
2022-05-31 08:00:00,0.0,144.14,85.0,100.0,14.53,14.62,31.59,64.96,350.44,False
2022-05-31 09:00:00,6.06,146.77,85.0,100.0,14.93,15.14,31.43,65.39,350.35,False
2022-05-31 10:00:00,0.0,138.0,85.0,100.0,15.51,15.52,30.77,71.14,349.95,False
2022-05-31 11:00:00,0.0,129.33,85.0,100.0,15.19,14.87,29.73,72.74,349.32,False
2022-05-31 12:00:00,0.0,122.17,85.0,100.0,14.63,15.57,28.39,75.89,348.51,False
2022-05-31 13:00:00,0.0,114.78,85.0,100.0,14.79,33.57,27.57,80.18,348.01,True
2022-05-31 14:00:00,47.97,194.32,85.0,100.0,14.85,15.35,26.67,89.97,347.46,False
2022-05-31 15:00:00,0.0,182.93,85.0,100.0,14.67,15.13,25.76,88.17,346.91,False
2022-05-31 16:00:00,0.0,171.37,85.0,100.0,15.11,14.73,24.01,90.85,345.85,False
2022-05-31 17:00:00,0.0,160.9,85.0,100.0,15.87,15.52,23.98,89.08,345.83,False
2022-05-31 18:00:00,24.62,195.54,85.0,100.0,14.78,14.54,24.72,88.31,346.28,False
2022-05-31 19:00:00,11.5,204.55,85.0,100.0,15.77,15.24,24.69,89.88,346.26,False
2022-05-31 20:00:00,0.0,191.89,85.0,100.0,15.0,14.48,23.78,93.0,345.71,False
2022-05-31 21:00:00,0.0,180.47,85.0,100.0,15.13,14.58,25.53,88.57,346.77,False
2022-05-31 22:00:00,0.0,169.65,85.0,100.0,15.1,14.98,25.06,86.2,346.49,False
2022-05-31 23:00:00,0.0,159.97,85.0,100.0,14.32,15.28,27.36,83.1,347.88,False
2022-06-01 00:00:00,8.27,165.55,85.0,100.0,15.18,15.4,29.64,76.82,349.26,False
2022-06-01 01:00:00,0.0,155.54,85.0,100.0,14.03,15.0,29.1,77.15,348.93,False
2022-06-01 02:00:00,0.0,146.15,85.0,100.0,15.08,14.83,30.25,69.73,349.63,False
2022-06-01 03:00:00,2.53,142.23,85.0,100.0,15.07,14.68,32.14,70.91,350.78,False
2022-06-01 04:00:00,0.0,133.78,85.0,100.0,14.39,15.28,31.47,66.76,350.37,False
2022-06-01 05:00:00,1.79,128.57,85.0,100.0,15.03,15.26,32.47,60.9,350.98,False
2022-06-01 06:00:00,0.0,121.48,85.0,100.0,14.88,15.07,33.36,62.5,351.51,False
2022-06-01 07:00:00,0.0,113.9,85.0,100.0,14.94,15.12,32.47,60.91,350.97,False
2022-06-01 08:00:00,0.0,107.81,85.0,100.0,14.94,15.64,32.26,68.2,350.85,False
2022-06-01 09:00:00,0.0,101.47,85.0,100.0,14.76,15.41,32.13,68.05,350.77,False
2022-06-01 10:00:00,0.0,95.19,84.93,99.92,15.1,14.5,31.0,66.54,350.09,False
2022-06-01 11:00:00,11.85,110.11,85.0,100.0,15.35,15.36,29.82,75.13,349.37,False
2022-06-01 12:00:00,0.0,103.73,85.0,100.0,14.9,15.55,28.3,76.93,348.45,False
2022-06-01 13:00:00,0.0,97.04,84.99,99.99,14.99,14.68,27.56,78.66,348.0,False
2022-06-01 14:00:00,4.62,99.64,84.98,99.98,15.28,15.4,26.18,88.36,347.16,False
2022-06-01 15:00:00,0.0,94.24,85.0,100.0,15.91,16.2,25.59,88.11,346.81,False
2022-06-01 16:00:00,0.0,88.24,84.88,99.86,15.04,15.31,24.3,89.54,346.03,False
2022-06-01 17:00:00,10.65,102.33,84.91,99.9,14.41,14.99,24.04,90.72,345.87,False
2022-06-01 18:00:00,0.0,95.95,85.0,100.0,14.64,14.96,23.41,88.97,345.48,False
2022-06-01 19:00:00,0.0,90.53,84.77,99.73,15.47,15.28,24.13,88.91,345.92,False
2022-06-01 20:00:00,0.0,85.12,84.59,99.52,16.01,14.78,24.12,92.69,345.91,False
2022-06-01 21:00:00,23.11,121.61,85.0,100.0,14.62,14.35,24.65,86.95,346.24,False
2022-06-01 22:00:00,0.0,114.67,85.0,100.0,14.98,15.11,26.41,85.04,347.3,False
2022-06-01 23:00:00,0.0,107.98,85.0,100.0,15.01,14.98,27.46,77.53,347.94,False
2022-06-02 00:00:00,0.0,101.26,84.95,99.94,14.74,15.32,28.97,75.36,348.86,False
2022-06-02 01:00:00,0.0,95.72,84.92,99.91,15.69,14.96,29.41,75.6,349.12,False
2022-06-02 02:00:00,0.0,89.52,84.83,99.8,15.64,15.2,30.99,71.76,350.08,False
2022-06-02 03:00:00,0.0,84.23,84.51,99.42,15.63,15.87,32.01,71.61,350.7,False
2022-06-02 04:00:00,0.0,78.93,84.21,99.07,15.62,14.88,32.66,68.56,351.09,False
2022-06-02 05:00:00,0.0,73.75,83.68,98.45,16.7,15.95,32.35,64.02,350.9,False
2022-06-02 06:00:00,0.0,68.98,83.27,97.97,16.93,16.52,33.09,64.95,351.35,False
2022-06-02 07:00:00,0.0,64.83,82.67,97.26,17.16,17.27,33.07,63.84,351.34,False
2022-06-02 08:00:00,0.0,61.04,82.03,96.51,18.35,17.4,32.4,69.99,350.94,False
2022-06-02 09:00:00,0.0,57.7,81.42,95.79,18.72,18.21,30.43,70.4,349.74,False
2022-06-02 10:00:00,0.0,54.68,80.76,95.01,18.58,19.52,30.85,71.34,349.99,False
2022-06-02 11:00:00,0.0,51.48,80.01,94.13,19.59,20.17,30.99,74.78,350.08,False
2022-06-02 12:00:00,0.0,48.26,79.26,93.25,20.21,19.62,28.28,80.89,348.44,False
2022-06-02 13:00:00,0.0,45.68,78.41,92.25,22.0,21.5,26.9,82.78,347.6,False
2022-06-02 14:00:00,0.0,42.75,77.6,91.3,22.12,22.34,26.47,88.12,347.34,False
2022-06-02 15:00:00,0.0,39.71,76.49,89.99,23.76,23.15,25.51,83.51,346.76,False
2022-06-02 16:00:00,0.0,37.61,75.47,88.79,25.4,24.47,25.32,91.05,346.64,False
2022-06-02 17:00:00,0.0,35.75,74.42,87.55,25.9,25.74,23.4,90.49,345.48,False
2022-06-02 18:00:00,0.0,33.36,73.32,86.25,26.52,26.97,24.44,95.51,346.11,False
2022-06-02 19:00:00,0.0,31.94,72.25,85.0,27.46,27.79,24.51,94.62,346.15,False
2022-06-02 20:00:00,0.0,30.2,71.77,84.43,28.11,28.49,24.52,90.19,346.16,False
2022-06-02 21:00:00,0.0,28.52,71.31,83.89,28.28,28.7,25.52,90.97,346.77,False
2022-06-02 22:00:00,46.47,110.3,72.05,84.77,27.49,27.03,26.87,88.57,347.58,False
2022-06-02 23:00:00,0.0,103.98,72.97,85.85,26.71,26.98,27.86,81.77,348.18,False
2022-06-03 00:00:00,0.0,97.29,72.92,85.79,27.29,26.59,27.81,82.94,348.16,False
2022-06-03 01:00:00,0.0,91.35,72.82,85.68,26.97,27.22,30.16,74.31,349.58,False
2022-06-03 02:00:00,0.0,85.65,72.6,85.41,27.31,27.32,30.71,70.57,349.91,False
2022-06-03 03:00:00,60.27,188.61,74.11,87.18,26.08,25.8,31.73,69.83,350.53,False
2022-06-03 04:00:00,11.44,198.14,75.73,89.09,24.57,23.94,32.44,65.17,350.96,False
2022-06-03 05:00:00,0.0,186.35,77.21,90.83,22.02,22.63,32.76,64.65,351.15,False
2022-06-03 06:00:00,0.0,175.41,78.54,92.4,20.77,21.59,33.72,66.82,351.73,False
2022-06-03 07:00:00,0.0,164.8,79.45,93.47,20.39,20.18,32.8,64.52,351.17,False
2022-06-03 08:00:00,0.0,155.21,80.37,94.56,19.18,19.38,31.73,62.49,350.53,False
2022-06-03 09:00:00,39.28,216.63,82.31,96.84,18.03,16.99,31.45,68.84,350.36,False
2022-06-03 10:00:00,0.0,203.49,84.25,99.12,15.56,15.86,30.86,69.61,350.0,False
2022-06-03 11:00:00,14.03,216.34,85.0,100.0,15.72,14.49,30.4,76.11,349.72,False
2022-06-03 12:00:00,0.0,202.76,85.0,100.0,14.8,15.01,28.86,79.39,348.79,False
2022-06-03 13:00:00,0.0,190.94,85.0,100.0,15.12,15.28,26.82,84.57,347.56,False
2022-06-03 14:00:00,0.0,179.8,85.0,100.0,14.73,15.51,27.74,86.82,348.11,False
2022-06-03 15:00:00,12.75,192.84,85.0,100.0,15.2,14.87,25.48,90.08,346.74,False
2022-06-03 16:00:00,0.0,181.17,85.0,100.0,15.2,15.25,25.37,88.79,346.67,False
2022-06-03 17:00:00,0.0,170.1,85.0,100.0,15.36,15.0,24.06,93.13,345.88,False
2022-06-03 18:00:00,0.0,159.39,85.0,100.0,14.95,14.25,24.32,95.94,346.04,False
2022-06-03 19:00:00,0.0,150.11,85.0,100.0,15.51,14.41,24.66,90.15,346.24,False
2022-06-03 20:00:00,0.0,141.32,85.0,100.0,15.12,15.34,25.33,93.72,346.65,False
2022-06-03 21:00:00,0.0,133.31,85.0,100.0,14.74,15.46,25.95,86.8,347.03,False
2022-06-03 22:00:00,0.0,125.04,85.0,100.0,14.75,14.15,26.77,83.3,347.52,False
2022-06-03 23:00:00,0.0,117.75,85.0,100.0,15.29,15.13,27.15,82.22,347.75,False
2022-06-04 00:00:00,0.0,110.53,85.0,100.0,15.51,15.11,28.16,79.43,348.36,False
2022-06-04 01:00:00,0.0,104.3,85.0,100.0,14.55,14.68,29.86,76.2,349.4,False
2022-06-04 02:00:00,0.0,98.2,84.96,99.95,15.34,14.72,31.31,69.08,350.27,False
2022-06-04 03:00:00,16.37,121.31,85.0,100.0,14.41,14.58,31.55,68.97,350.42,False
2022-06-04 04:00:00,0.0,113.99,85.0,100.0,14.75,14.23,33.04,64.5,351.32,False
2022-06-04 05:00:00,0.0,106.57,85.0,100.0,15.2,14.58,33.72,61.5,351.73,False
2022-06-04 06:00:00,10.53,118.78,85.0,100.0,14.66,15.28,32.45,62.14,350.96,False
2022-06-04 07:00:00,0.0,111.32,85.0,100.0,15.59,14.86,32.34,62.98,350.9,False
2022-06-04 08:00:00,0.0,104.45,85.0,100.0,15.24,15.29,32.31,66.92,350.88,False
2022-06-04 09:00:00,0.0,98.11,85.0,100.0,14.53,14.2,31.87,70.4,350.61,False
2022-06-04 10:00:00,0.0,92.27,84.87,99.84,15.4,15.31,30.44,68.05,349.74,False
2022-06-04 11:00:00,0.0,86.77,84.65,99.59,14.82,15.66,30.48,75.08,349.77,False
2022-06-04 12:00:00,0.0,81.55,84.31,99.18,15.7,14.65,28.75,75.65,348.73,False
2022-06-04 13:00:00,0.0,76.76,83.99,98.81,16.37,15.8,27.36,82.88,347.88,False
2022-06-04 14:00:00,38.01,140.2,84.57,99.5,15.71,15.56,25.39,83.75,346.69,False
2022-06-04 15:00:00,0.0,131.81,85.0,100.0,14.97,15.52,24.53,85.8,346.16,False
2022-06-04 16:00:00,0.0,124.33,85.0,100.0,14.86,14.45,24.77,91.72,346.31,False
2022-06-04 17:00:00,10.05,134.92,85.0,100.0,14.54,15.55,22.87,90.35,345.16,False
2022-06-04 18:00:00,0.0,126.98,85.0,100.0,15.07,15.18,24.61,91.37,346.21,False
2022-06-04 19:00:00,0.0,119.48,85.0,100.0,15.32,14.6,24.06,87.08,345.88,False
2022-06-04 20:00:00,0.0,112.57,85.0,100.0,15.83,15.4,26.55,92.02,347.39,False
2022-06-04 21:00:00,0.0,105.9,85.0,100.0,14.82,15.92,26.7,89.54,347.48,False
2022-06-04 22:00:00,0.0,99.8,85.0,100.0,15.34,14.87,26.14,85.01,347.14,False
2022-06-04 23:00:00,0.0,93.96,85.0,100.0,15.31,14.83,27.27,78.57,347.83,False
2022-06-05 00:00:00,7.76,102.49,85.0,100.0,14.81,14.62,29.1,80.42,348.93,False
2022-06-05 01:00:00,20.09,132.63,85.0,100.0,15.29,15.74,30.69,73.04,349.9,False
2022-06-05 02:00:00,0.0,124.37,85.0,100.0,14.67,14.71,29.77,70.09,349.34,False
2022-06-05 03:00:00,0.0,116.55,85.0,100.0,15.1,14.61,30.61,72.72,349.85,False
2022-06-05 04:00:00,26.3,156.8,85.0,100.0,14.92,14.75,32.02,64.47,350.71,False
2022-06-05 05:00:00,0.0,147.86,85.0,100.0,15.18,14.76,33.2,65.96,351.42,False
2022-06-05 06:00:00,0.0,138.94,85.0,100.0,15.21,14.77,33.3,65.12,351.48,False
2022-06-05 07:00:00,0.0,130.69,85.0,100.0,14.79,14.68,33.49,65.26,351.59,False
2022-06-05 08:00:00,0.0,122.26,85.0,100.0,15.0,14.71,31.68,66.44,350.5,False
2022-06-05 09:00:00,0.0,114.98,85.0,100.0,14.95,15.06,30.29,68.85,349.66,False
2022-06-05 10:00:00,0.0,108.11,85.0,100.0,14.56,15.54,31.26,71.54,350.25,False
2022-06-05 11:00:00,0.0,100.82,85.0,100.0,14.85,14.6,29.17,74.27,348.98,False
2022-06-05 12:00:00,0.0,94.86,85.0,100.0,14.77,14.48,27.29,81.02,347.84,False
2022-06-05 13:00:00,0.0,88.67,84.96,99.95,14.59,15.17,27.42,79.0,347.92,False
2022-06-05 14:00:00,0.0,83.14,84.85,99.82,14.83,15.37,26.73,87.04,347.5,False
2022-06-05 15:00:00,46.47,162.09,85.0,100.0,14.9,15.62,25.24,89.54,346.6,False
2022-06-05 16:00:00,0.0,152.41,85.0,100.0,15.02,15.56,24.33,91.52,346.04,False
2022-06-05 17:00:00,0.0,143.13,85.0,100.0,14.5,14.37,24.06,93.76,345.88,False
2022-06-05 18:00:00,0.0,134.38,85.0,100.0,15.48,14.2,23.78,91.81,345.71,False
2022-06-05 19:00:00,1.71,129.28,85.0,100.0,15.25,15.23,23.34,87.79,345.45,False
2022-06-05 20:00:00,0.0,121.57,85.0,100.0,14.97,15.22,24.17,89.98,345.95,False
2022-06-05 21:00:00,8.49,129.19,85.0,100.0,14.51,15.59,25.63,85.92,346.83,False
2022-06-05 22:00:00,0.0,121.77,85.0,100.0,14.91,15.16,26.44,83.54,347.32,False
2022-06-05 23:00:00,0.0,114.12,85.0,100.0,14.89,14.77,27.44,79.14,347.93,False
2022-06-06 00:00:00,27.35,155.99,85.0,100.0,14.57,15.42,27.9,77.05,348.21,False
2022-06-06 01:00:00,0.0,146.93,85.0,100.0,14.54,14.58,29.56,73.18,349.21,False
2022-06-06 02:00:00,0.0,137.98,85.0,100.0,15.31,15.8,29.44,66.24,349.14,False
2022-06-06 03:00:00,6.04,140.58,85.0,100.0,14.87,15.11,31.79,69.5,350.56,False
2022-06-06 04:00:00,0.0,132.35,85.0,100.0,15.35,14.71,33.25,70.32,351.45,False
2022-06-06 05:00:00,0.0,124.19,85.0,100.0,14.99,14.65,31.96,65.69,350.67,False
2022-06-06 06:00:00,0.0,116.78,85.0,100.0,15.3,15.08,32.65,63.59,351.08,False
2022-06-06 07:00:00,0.0,109.97,85.0,100.0,15.29,14.97,33.04,64.37,351.32,False
2022-06-06 08:00:00,0.0,103.86,85.0,100.0,15.19,14.95,33.15,65.03,351.39,False
2022-06-06 09:00:00,0.0,97.48,84.94,99.92,15.54,14.54,31.41,68.28,350.34,False
2022-06-06 10:00:00,0.0,91.49,84.8,99.76,15.25,15.14,30.33,70.93,349.68,False
2022-06-06 11:00:00,22.61,126.87,85.0,100.0,14.4,15.33,28.48,72.69,348.56,False
2022-06-06 12:00:00,0.0,119.32,85.0,100.0,14.47,14.7,28.56,81.37,348.61,False
2022-06-06 13:00:00,0.0,112.12,85.0,100.0,14.74,15.1,28.56,78.65,348.61,False
2022-06-06 14:00:00,0.0,105.87,85.0,100.0,15.3,15.45,26.42,86.44,347.31,False
2022-06-06 15:00:00,0.0,99.01,85.0,100.0,14.84,15.25,25.3,87.7,346.63,False
2022-06-06 16:00:00,0.0,92.64,84.79,99.75,15.3,14.73,24.8,93.93,346.33,False
2022-06-06 17:00:00,0.0,86.58,84.41,99.31,15.8,15.72,24.15,92.2,345.93,False
2022-06-06 18:00:00,0.0,81.75,84.24,99.11,15.82,16.34,23.51,91.28,345.55,False
2022-06-06 19:00:00,0.0,77.0,83.81,98.6,15.28,16.39,24.65,91.03,346.24,False
2022-06-06 20:00:00,0.0,71.97,83.35,98.06,16.17,17.12,24.74,90.2,346.29,False
2022-06-06 21:00:00,0.0,67.61,82.91,97.54,17.79,17.48,25.33,85.61,346.65,False
2022-06-06 22:00:00,0.0,63.55,82.22,96.72,17.91,17.33,25.66,83.47,346.85,False
2022-06-06 23:00:00,0.0,59.07,81.45,95.82,17.47,19.27,28.12,78.05,348.34,False
2022-06-07 00:00:00,0.0,55.58,80.68,94.92,19.35,19.82,28.9,76.15,348.81,False
2022-06-07 01:00:00,0.0,51.9,79.98,94.1,20.74,19.9,29.33,74.56,349.08,False
2022-06-07 02:00:00,0.0,48.99,79.16,93.13,99.0,21.36,31.35,71.6,350.3,True
2022-06-07 03:00:00,0.0,45.71,78.28,92.09,21.74,21.67,31.38,64.14,350.32,False
2022-06-07 04:00:00,13.74,67.77,77.74,91.46,21.52,22.22,31.93,65.6,350.65,False
2022-06-07 05:00:00,0.0,64.09,77.22,90.84,22.67,22.42,32.39,65.6,350.93,False
2022-06-07 06:00:00,0.0,60.53,76.7,90.24,22.64,22.88,31.94,63.67,350.65,False
2022-06-07 07:00:00,0.0,57.05,76.25,89.71,23.26,23.81,33.13,63.21,351.38,False
2022-06-07 08:00:00,0.0,53.61,75.49,88.81,23.93,24.41,31.3,65.05,350.27,False
2022-06-07 09:00:00,0.0,49.94,74.81,88.01,25.89,24.6,30.94,67.02,350.05,False
2022-06-07 10:00:00,0.0,46.81,74.03,87.09,26.26,26.11,29.5,69.73,349.18,False
2022-06-07 11:00:00,0.0,43.94,73.14,86.05,27.42,27.06,29.61,74.72,349.25,False
2022-06-07 12:00:00,8.04,55.68,72.25,85.0,27.22,27.87,28.41,82.62,348.52,False
2022-06-07 13:00:00,0.0,51.88,71.45,84.05,28.63,28.67,27.14,80.14,347.75,False
2022-06-07 14:00:00,0.0,48.9,71.23,83.8,28.36,28.93,25.62,84.36,346.83,False
2022-06-07 15:00:00,0.0,45.61,71.02,83.56,28.62,29.04,24.61,87.8,346.22,False
2022-06-07 16:00:00,32.03,100.99,71.69,84.34,28.5,28.45,24.88,88.75,346.38,False
2022-06-07 17:00:00,0.0,94.97,72.23,84.97,27.84,27.97,23.82,93.72,345.74,False
2022-06-07 18:00:00,0.0,89.57,72.88,85.75,27.23,26.88,24.19,87.26,345.96,False
2022-06-07 19:00:00,0.0,84.48,72.76,85.6,26.74,26.74,23.62,90.46,345.62,False
2022-06-07 20:00:00,0.0,80.04,72.29,85.04,27.76,27.84,24.71,91.76,346.28,False
2022-06-07 21:00:00,0.0,75.29,71.88,84.57,28.26,28.18,26.1,87.31,347.12,False
2022-06-07 22:00:00,0.0,70.65,72.11,84.83,27.62,28.07,26.6,83.36,347.42,False
2022-06-07 23:00:00,0.0,66.3,72.32,85.08,27.57,28.14,27.09,82.5,347.72,False
2022-06-08 00:00:00,5.18,72.1,71.85,84.53,27.49,28.14,28.65,79.81,348.66,False
2022-06-08 01:00:00,0.0,67.38,71.95,84.65,27.18,27.99,29.52,74.8,349.19,False
2022-06-08 02:00:00,0.0,63.07,72.01,84.72,28.79,28.17,30.75,69.4,349.94,False
2022-06-08 03:00:00,0.0,59.36,72.05,84.77,28.03,27.54,31.49,69.01,350.38,False
2022-06-08 04:00:00,0.0,55.75,71.86,84.54,28.0,28.16,32.3,65.07,350.87,False
2022-06-08 05:00:00,0.0,52.7,71.58,84.21,28.74,28.38,32.97,65.97,351.28,False
2022-06-08 06:00:00,0.0,49.13,71.5,84.11,28.15,28.85,32.4,66.97,350.94,False
2022-06-08 07:00:00,0.0,46.16,71.19,83.75,28.86,28.63,32.24,59.27,350.84,False
2022-06-08 08:00:00,0.0,43.34,71.08,83.62,29.36,28.96,31.56,66.1,350.43,False
2022-06-08 09:00:00,0.0,40.42,70.68,83.16,28.87,29.25,30.72,64.63,349.92,False
2022-06-08 10:00:00,24.66,82.64,71.05,83.58,28.76,27.96,30.02,75.88,349.49,False
2022-06-08 11:00:00,6.91,90.08,71.58,84.21,27.87,28.21,29.76,73.44,349.33,False
2022-06-08 12:00:00,0.0,84.64,71.82,84.49,28.52,28.18,27.96,79.49,348.25,False
2022-06-08 13:00:00,0.0,79.31,72.37,85.14,27.71,27.27,27.64,81.55,348.05,False
2022-06-08 14:00:00,10.2,92.8,72.24,84.99,28.22,27.71,26.27,83.39,347.22,False
2022-06-08 15:00:00,0.0,86.93,72.63,85.44,27.71,27.91,24.14,86.06,345.93,False
2022-06-08 16:00:00,0.0,81.97,72.26,85.01,27.64,28.13,25.0,93.3,346.45,False
2022-06-08 17:00:00,16.48,107.02,72.43,85.21,27.73,26.82,24.64,93.43,346.23,False
2022-06-08 18:00:00,3.32,107.09,72.6,85.41,27.57,27.7,23.4,95.89,345.48,False
2022-06-08 19:00:00,0.55,101.78,72.57,85.37,27.73,27.66,24.41,91.63,346.09,False
2022-06-08 20:00:00,0.0,95.58,72.41,85.19,28.18,27.55,24.09,90.7,345.9,False
2022-06-08 21:00:00,0.0,89.7,72.35,85.11,27.22,26.71,25.38,87.37,346.68,False
2022-06-08 22:00:00,0.0,84.47,72.06,84.78,27.19,28.25,25.49,84.43,346.75,False
2022-06-08 23:00:00,6.71,91.53,72.45,85.24,27.13,27.38,26.26,79.54,347.21,False
2022-06-09 00:00:00,0.0,85.98,72.23,84.98,27.96,27.85,28.27,78.17,348.43,False
2022-06-09 01:00:00,0.0,80.75,72.55,85.35,27.62,27.07,29.59,72.8,349.23,False
2022-06-09 02:00:00,0.0,76.25,72.33,85.1,27.44,27.37,30.51,71.88,349.79,False
2022-06-09 03:00:00,0.0,71.55,71.84,84.52,28.05,28.53,30.97,68.44,350.07,False
2022-06-09 04:00:00,0.0,67.66,71.95,84.64,27.72,28.7,32.16,66.45,350.79,False
2022-06-09 05:00:00,6.26,74.92,72.21,84.96,27.74,27.62,33.01,67.83,351.3,False
2022-06-09 06:00:00,0.0,70.32,72.34,85.1,27.38,28.27,32.97,63.92,351.28,False
2022-06-09 07:00:00,0.0,65.86,71.83,84.51,28.82,28.0,32.96,65.99,351.27,False
2022-06-09 08:00:00,0.0,61.87,71.78,84.45,28.75,28.04,32.0,69.98,350.69,False
2022-06-09 09:00:00,0.0,58.3,71.73,84.39,28.56,27.7,32.39,70.71,350.93,False
2022-06-09 10:00:00,0.0,54.69,71.68,84.33,28.33,28.52,30.04,73.31,349.51,False
2022-06-09 11:00:00,0.0,51.67,71.63,84.27,28.83,28.29,29.96,73.76,349.45,False
2022-06-09 12:00:00,4.76,57.01,71.53,84.16,28.51,28.41,29.21,78.46,349.0,False
2022-06-09 13:00:00,0.0,53.55,71.38,83.97,28.69,28.47,27.62,78.99,348.04,False
2022-06-09 14:00:00,10.43,68.73,71.65,84.29,27.66,27.96,26.13,86.0,347.13,False
2022-06-09 15:00:00,0.0,64.77,71.68,84.33,28.42,28.57,25.0,88.45,346.45,False
2022-06-09 16:00:00,0.0,60.81,71.69,84.34,27.79,28.28,25.22,90.17,346.59,False
2022-06-09 17:00:00,0.0,57.63,71.79,84.46,28.05,28.53,23.3,93.58,345.42,False
2022-06-09 18:00:00,1.36,56.83,71.74,84.4,28.33,27.88,23.42,89.58,345.49,False
2022-06-09 19:00:00,29.14,105.91,72.49,85.28,27.15,27.61,23.91,94.79,345.79,False
2022-06-09 20:00:00,0.0,99.92,72.5,85.29,27.69,28.36,25.35,91.93,346.66,False
2022-06-09 21:00:00,0.0,94.05,72.37,85.14,28.05,27.35,25.55,87.76,346.78,False
2022-06-09 22:00:00,0.0,88.71,72.24,84.99,27.41,27.57,25.67,84.7,346.86,False
2022-06-09 23:00:00,0.0,83.13,72.55,85.36,27.49,27.25,27.15,82.58,347.75,False
2022-06-10 00:00:00,0.0,78.28,72.28,85.03,27.22,27.3,28.13,81.04,348.35,False
2022-06-10 01:00:00,6.79,85.95,72.07,84.79,27.46,28.59,29.24,74.58,349.02,False
2022-06-10 02:00:00,0.0,80.33,72.43,85.21,27.69,26.65,31.34,71.29,350.29,False
2022-06-10 03:00:00,0.0,75.96,72.2,84.94,28.09,27.32,30.86,68.14,350.0,False
2022-06-10 04:00:00,14.89,97.86,72.71,85.54,26.69,27.48,33.36,69.44,351.52,False
2022-06-10 05:00:00,0.0,91.6,72.6,85.41,28.22,27.11,33.34,63.74,351.51,False
2022-06-10 06:00:00,6.04,96.12,72.61,85.43,27.19,27.38,33.65,63.94,351.69,False
2022-06-10 07:00:00,0.0,90.49,72.43,85.21,27.65,27.56,32.57,67.4,351.04,False
2022-06-10 08:00:00,0.0,84.57,72.28,85.03,27.51,27.92,32.31,66.17,350.88,False
2022-06-10 09:00:00,13.47,103.58,72.32,85.08,27.57,27.71,30.82,70.37,349.98,False
2022-06-10 10:00:00,0.0,97.62,72.33,85.09,28.28,27.52,30.44,69.18,349.74,False
2022-06-10 11:00:00,0.0,91.82,72.21,84.95,28.39,27.84,29.96,73.97,349.46,False
2022-06-10 12:00:00,0.0,86.12,72.66,85.48,26.68,27.27,29.28,80.97,349.04,False
2022-06-10 13:00:00,0.0,80.48,72.37,85.14,27.41,28.31,26.67,80.27,347.46,False
2022-06-10 14:00:00,2.2,79.57,72.05,84.76,29.13,27.72,26.03,84.7,347.07,False
2022-06-10 15:00:00,0.0,75.05,72.26,85.01,27.56,27.96,25.23,88.41,346.59,False
2022-06-10 16:00:00,6.57,82.58,71.94,84.64,28.22,28.42,23.77,88.15,345.7,False
2022-06-10 17:00:00,0.0,78.16,72.27,85.03,28.18,27.2,24.51,90.7,346.15,False
2022-06-10 18:00:00,0.0,73.27,71.86,84.54,28.48,27.7,23.57,92.23,345.58,False
2022-06-10 19:00:00,0.0,68.48,71.94,84.64,26.93,28.83,24.04,91.62,345.87,False
2022-06-10 20:00:00,0.0,64.47,72.05,84.76,28.09,27.68,24.33,92.69,346.05,False
2022-06-10 21:00:00,22.17,100.56,72.69,85.51,28.01,27.32,24.84,90.98,346.36,False
2022-06-10 22:00:00,0.0,94.53,72.75,85.58,27.27,27.19,26.25,83.29,347.2,False
2022-06-10 23:00:00,0.0,88.63,72.78,85.63,26.8,27.2,27.21,81.85,347.79,False
2022-06-11 00:00:00,0.0,82.52,72.63,85.44,26.96,27.22,28.28,79.35,348.44,False
2022-06-11 01:00:00,0.0,77.27,72.38,85.16,27.54,27.67,29.23,77.41,349.01,False
2022-06-11 02:00:00,0.0,72.8,72.02,84.73,28.25,27.65,30.94,72.44,350.05,False
2022-06-11 03:00:00,19.78,104.11,72.74,85.58,28.42,27.17,32.67,68.68,351.1,False
2022-06-11 04:00:00,0.0,98.15,72.58,85.39,27.3,26.63,32.48,67.21,350.98,False
2022-06-11 05:00:00,0.0,92.37,72.4,85.18,27.82,44.63,33.44,65.82,351.57,True
2022-06-11 06:00:00,3.81,93.9,72.27,85.03,27.11,27.86,32.17,62.14,350.79,False
2022-06-11 07:00:00,0.0,88.5,72.2,84.94,27.12,28.18,32.94,64.86,351.26,False
2022-06-11 08:00:00,0.0,83.19,72.61,85.42,27.19,27.85,31.74,68.79,350.53,False
2022-06-11 09:00:00,0.0,78.21,72.22,84.97,27.96,27.63,30.8,67.69,349.96,False
2022-06-11 10:00:00,8.79,88.47,72.55,85.35,27.42,27.79,30.31,71.26,349.67,False
2022-06-11 11:00:00,0.0,82.96,72.48,85.27,27.55,27.06,30.38,73.89,349.71,False
2022-06-11 12:00:00,0.0,77.8,72.18,84.91,27.71,27.62,29.07,73.37,348.92,False
2022-06-11 13:00:00,0.0,73.1,72.47,85.25,27.52,28.18,27.48,81.66,347.95,False
2022-06-11 14:00:00,2.99,73.83,72.01,84.72,27.87,28.06,25.33,85.6,346.65,False
2022-06-11 15:00:00,23.5,111.98,72.87,85.73,26.59,27.22,25.2,86.87,346.57,False
2022-06-11 16:00:00,0.0,105.0,72.95,85.83,26.45,26.98,24.78,87.82,346.32,False
2022-06-11 17:00:00,0.0,99.03,72.97,85.84,27.58,27.78,24.26,89.76,346.0,False
2022-06-11 18:00:00,4.81,101.45,73.17,86.08,26.51,27.05,22.89,93.53,345.17,False
2022-06-11 19:00:00,0.0,95.19,73.02,85.9,26.89,27.58,23.62,95.47,345.61,False
2022-06-11 20:00:00,0.0,89.27,72.86,85.72,27.62,26.9,24.56,92.89,346.19,False
2022-06-11 21:00:00,0.0,83.77,72.65,85.46,27.25,26.97,25.64,85.21,346.84,False
2022-06-11 22:00:00,0.0,79.09,72.31,85.08,28.04,27.38,24.93,86.71,346.41,False
2022-06-11 23:00:00,36.52,139.98,73.09,85.98,26.56,27.16,27.24,80.3,347.81,False
2022-06-12 00:00:00,0.0,131.49,73.5,86.47,27.12,27.16,28.59,76.84,348.62,False
2022-06-12 01:00:00,12.52,145.91,74.44,87.58,25.65,25.86,30.17,73.45,349.59,False
2022-06-12 02:00:00,29.62,190.39,75.87,89.25,24.12,24.49,31.17,72.41,350.19,False
2022-06-12 03:00:00,5.59,189.09,77.29,90.93,22.65,22.78,32.03,70.02,350.71,False
2022-06-12 04:00:00,0.0,177.68,78.57,92.44,21.73,20.92,31.92,65.68,350.64,False
2022-06-12 05:00:00,0.0,166.98,79.66,93.72,20.43,21.15,31.7,64.31,350.51,False
2022-06-12 06:00:00,0.0,157.26,80.68,94.92,18.04,19.59,32.76,64.93,351.16,False
2022-06-12 07:00:00,0.0,147.91,81.53,95.92,18.29,18.68,33.45,65.61,351.57,False
2022-06-12 08:00:00,0.0,138.69,82.21,96.72,17.92,18.14,33.23,68.23,351.44,False
2022-06-12 09:00:00,0.0,130.34,82.63,97.21,16.99,16.69,32.11,65.53,350.76,False
2022-06-12 10:00:00,22.79,163.37,83.7,98.47,16.1,16.1,31.01,71.04,350.09,False
2022-06-12 11:00:00,0.0,153.73,84.62,99.56,99.0,15.63,29.89,72.24,349.41,True
2022-06-12 12:00:00,3.18,150.27,85.0,100.0,15.64,14.94,28.17,77.9,348.37,False
2022-06-12 13:00:00,0.0,141.59,85.0,100.0,15.24,14.97,27.26,81.17,347.82,False
2022-06-12 14:00:00,0.0,132.87,85.0,100.0,15.13,15.51,27.25,84.91,347.81,False
2022-06-12 15:00:00,0.0,124.84,85.0,100.0,14.53,15.05,24.75,86.3,346.3,False
2022-06-12 16:00:00,0.0,117.03,85.0,100.0,14.73,15.95,25.57,87.15,346.8,False
2022-06-12 17:00:00,0.0,110.0,85.0,100.0,15.34,14.98,23.96,87.33,345.82,False
2022-06-12 18:00:00,0.0,102.94,84.98,99.98,15.28,15.34,24.8,91.74,346.33,False
2022-06-12 19:00:00,0.0,96.86,85.0,100.0,14.43,15.19,23.31,90.66,345.43,False
2022-06-12 20:00:00,0.0,91.03,85.0,100.0,15.56,14.77,24.95,88.77,346.42,False
2022-06-12 21:00:00,56.42,187.17,85.0,100.0,14.66,14.59,24.88,90.54,346.37,False
2022-06-12 22:00:00,0.0,176.17,85.0,100.0,15.14,15.01,25.4,83.28,346.69,False
2022-06-12 23:00:00,0.0,165.67,85.0,100.0,16.09,15.77,27.47,84.46,347.94,False
2022-06-13 00:00:00,0.0,155.35,85.0,100.0,14.83,14.84,29.11,81.25,348.94,False
2022-06-13 01:00:00,0.0,145.86,85.0,100.0,15.07,15.21,29.16,70.47,348.97,False
2022-06-13 02:00:00,0.0,137.09,85.0,100.0,14.78,14.9,29.85,71.18,349.39,False
2022-06-13 03:00:00,0.0,128.76,85.0,100.0,15.07,15.09,31.63,67.3,350.47,False
2022-06-13 04:00:00,18.88,154.95,85.0,100.0,15.57,15.46,32.34,60.05,350.9,False
2022-06-13 05:00:00,0.0,146.14,85.0,100.0,14.92,15.05,33.18,61.59,351.4,False
2022-06-13 06:00:00,0.0,137.4,85.0,100.0,14.88,14.75,33.57,65.55,351.64,False
2022-06-13 07:00:00,0.0,129.27,85.0,100.0,15.44,15.64,32.81,68.52,351.18,False
2022-06-13 08:00:00,0.69,122.16,85.0,100.0,14.49,14.76,33.51,67.68,351.61,False
2022-06-13 09:00:00,0.0,115.05,85.0,100.0,99.0,15.27,31.82,68.75,350.58,True
2022-06-13 10:00:00,0.0,109.0,85.0,100.0,14.71,14.4,30.54,70.96,349.81,False
2022-06-13 11:00:00,25.91,149.51,85.0,100.0,14.9,15.51,28.7,77.74,348.69,False
2022-06-13 12:00:00,0.0,140.41,85.0,100.0,14.65,16.04,28.34,82.3,348.48,False
2022-06-13 13:00:00,7.88,146.85,85.0,100.0,14.43,14.99,27.13,80.45,347.74,False
2022-06-13 14:00:00,0.0,138.05,85.0,100.0,14.12,14.59,26.83,81.0,347.56,False
2022-06-13 15:00:00,0.0,129.86,85.0,100.0,14.82,15.31,25.6,83.7,346.81,False
2022-06-13 16:00:00,0.0,121.99,85.0,100.0,15.09,15.04,23.9,92.77,345.78,False
2022-06-13 17:00:00,0.0,114.58,85.0,100.0,15.33,15.86,24.26,91.43,346.0,False
2022-06-13 18:00:00,0.0,107.03,85.0,100.0,14.47,14.76,24.4,92.37,346.09,False
2022-06-13 19:00:00,0.0,100.84,85.0,100.0,15.06,14.47,25.07,87.94,346.49,False
2022-06-13 20:00:00,0.0,94.7,85.0,100.0,15.22,15.12,25.14,88.62,346.53,False
2022-06-13 21:00:00,0.0,88.97,84.8,99.77,15.34,15.43,25.77,87.31,346.92,False
2022-06-13 22:00:00,0.0,83.71,84.61,99.54,15.49,15.08,26.29,85.42,347.23,False
2022-06-13 23:00:00,0.0,78.56,84.38,99.27,14.76,16.01,27.57,80.83,348.01,False
2022-06-14 00:00:00,0.0,73.93,83.93,98.74,16.02,16.09,29.25,75.93,349.03,False
2022-06-14 01:00:00,0.0,69.85,83.46,98.19,16.5,16.43,28.87,72.81,348.79,False
2022-06-14 02:00:00,0.0,65.78,83.05,97.7,17.17,17.17,30.54,73.42,349.81,False
2022-06-14 03:00:00,0.0,61.79,82.47,97.02,18.09,17.42,31.22,68.59,350.22,False
2022-06-14 04:00:00,0.0,58.05,81.79,96.22,18.11,17.92,32.62,67.1,351.07,False
2022-06-14 05:00:00,19.03,88.88,81.75,96.17,18.12,17.61,33.58,62.68,351.65,False
2022-06-14 06:00:00,0.0,83.3,81.46,95.83,18.6,18.3,32.64,58.09,351.08,False
2022-06-14 07:00:00,0.0,78.37,80.99,95.28,19.02,20.01,31.41,63.43,350.34,False
2022-06-14 08:00:00,6.66,85.85,80.72,94.96,19.46,19.3,32.15,64.14,350.78,False
2022-06-14 09:00:00,0.0,80.73,80.51,94.72,19.7,31.08,32.23,68.8,350.83,True
2022-06-14 10:00:00,0.0,75.76,80.18,94.32,19.75,20.33,31.07,77.57,350.13,False
2022-06-14 11:00:00,0.0,71.13,79.73,93.8,20.47,20.25,29.92,75.77,349.43,False
2022-06-14 12:00:00,15.77,95.43,79.76,93.84,20.15,20.35,28.33,83.47,348.47,False
2022-06-14 13:00:00,0.0,89.38,79.63,93.68,19.79,20.48,26.57,82.76,347.4,False
2022-06-14 14:00:00,0.0,83.77,79.36,93.37,20.17,21.23,26.56,83.74,347.39,False
2022-06-14 15:00:00,0.0,78.26,79.1,93.05,19.97,20.37,24.82,88.6,346.34,False
2022-06-14 16:00:00,0.0,73.58,78.65,92.53,22.01,21.93,25.91,93.69,347.0,False
2022-06-14 17:00:00,0.0,69.42,78.21,92.01,22.31,22.09,24.5,95.18,346.14,False
2022-06-14 18:00:00,0.0,65.65,77.6,91.29,22.82,22.43,23.65,90.85,345.63,False
2022-06-14 19:00:00,0.0,62.18,76.91,90.48,23.0,22.75,23.79,92.03,345.71,False
2022-06-14 20:00:00,0.0,58.24,76.17,89.61,24.22,23.73,24.55,87.27,346.18,False
2022-06-14 21:00:00,0.0,54.82,75.44,88.76,24.92,24.57,25.17,89.55,346.56,False
2022-06-14 22:00:00,0.0,51.41,74.61,87.77,24.81,26.12,26.92,88.11,347.61,False
2022-06-14 23:00:00,0.0,48.82,73.73,86.74,25.95,26.84,27.45,81.7,347.93,False
2022-06-15 00:00:00,0.0,46.28,72.85,85.71,27.36,26.99,28.06,76.67,348.3,False
2022-06-15 01:00:00,0.0,43.56,71.93,84.62,27.87,28.87,30.8,75.1,349.96,False
2022-06-15 02:00:00,0.0,40.76,71.49,84.1,28.23,28.89,30.78,71.83,349.95,False
2022-06-15 03:00:00,0.0,37.28,70.91,83.42,29.42,29.28,32.14,68.26,350.78,False
2022-06-15 04:00:00,0.0,34.61,70.51,82.96,29.15,29.37,32.03,66.23,350.71,False
2022-06-15 05:00:00,0.0,31.98,70.06,82.42,30.93,29.71,33.06,64.13,351.34,False
2022-06-15 06:00:00,0.0,29.63,69.44,81.7,31.19,30.77,33.19,65.99,351.41,False
2022-06-15 07:00:00,0.0,28.41,68.95,81.12,30.96,31.2,31.71,65.95,350.52,False
2022-06-15 08:00:00,26.2,73.47,69.21,81.42,31.29,30.63,33.61,63.91,351.67,False
2022-06-15 09:00:00,7.34,81.95,69.55,81.83,30.52,30.89,32.46,66.08,350.97,False
2022-06-15 10:00:00,1.43,79.32,70.03,82.39,29.8,30.03,30.51,70.49,349.79,False
2022-06-15 11:00:00,30.78,130.74,71.31,83.9,29.48,28.86,29.0,75.85,348.88,False
2022-06-15 12:00:00,2.75,127.84,72.41,85.19,27.75,28.02,28.71,78.3,348.7,False
2022-06-15 13:00:00,0.0,120.46,72.75,85.59,26.89,27.58,27.39,80.34,347.9,False
2022-06-15 14:00:00,0.0,113.29,72.88,85.74,27.31,26.47,26.46,85.52,347.34,False
2022-06-15 15:00:00,0.0,105.9,73.1,86.0,27.57,27.2,25.43,87.24,346.71,False
2022-06-15 16:00:00,0.0,100.0,73.15,86.06,26.85,26.86,24.91,91.89,346.39,False
2022-06-15 17:00:00,0.0,94.12,73.14,86.05,26.94,26.68,25.02,92.19,346.46,False
2022-06-15 18:00:00,0.0,88.44,72.81,85.65,27.07,27.21,24.34,91.37,346.05,False
2022-06-15 19:00:00,0.0,83.66,72.62,85.44,27.52,27.25,23.52,91.99,345.56,False
2022-06-15 20:00:00,0.0,78.54,72.25,85.0,27.36,27.8,25.42,92.75,346.7,False
2022-06-15 21:00:00,0.0,73.78,71.89,84.57,27.79,28.1,26.3,86.76,347.24,False
2022-06-15 22:00:00,0.0,69.25,72.08,84.8,27.78,28.19,28.14,85.81,348.35,False
2022-06-15 23:00:00,8.4,80.53,72.42,85.2,27.64,26.96,26.66,81.48,347.46,False
2022-06-16 00:00:00,0.0,75.95,71.99,84.7,28.45,28.08,28.65,78.85,348.66,False
2022-06-16 01:00:00,0.0,71.47,72.22,84.96,27.72,27.77,28.42,73.07,348.52,False
2022-06-16 02:00:00,0.0,66.87,72.26,85.02,28.07,28.64,31.08,71.22,350.14,False
2022-06-16 03:00:00,0.0,62.75,71.75,84.42,28.07,27.46,31.35,70.32,350.3,False
2022-06-16 04:00:00,7.38,71.94,71.9,84.58,28.34,28.47,33.55,64.0,351.63,False
2022-06-16 05:00:00,0.0,67.97,72.03,84.74,28.45,28.14,32.38,61.82,350.92,False
2022-06-16 06:00:00,7.86,77.58,72.26,85.02,27.69,28.04,31.99,61.42,350.68,False
2022-06-16 07:00:00,16.08,102.35,72.34,85.11,27.8,27.48,32.56,62.14,351.03,False
2022-06-16 08:00:00,43.54,174.97,73.54,86.51,26.23,26.59,31.21,67.07,350.21,False
2022-06-16 09:00:00,0.0,164.2,74.57,87.73,25.67,25.49,32.13,65.29,350.77,False
2022-06-16 10:00:00,33.24,214.05,76.68,90.21,22.2,24.74,29.51,70.4,349.18,False
2022-06-16 11:00:00,0.0,201.0,78.46,92.3,20.89,21.42,29.68,75.61,349.29,False
2022-06-16 12:00:00,0.0,189.07,80.0,94.11,20.23,19.69,27.25,78.83,347.82,False
2022-06-16 13:00:00,0.0,178.15,81.37,95.73,17.98,19.43,27.14,80.85,347.75,False
2022-06-16 14:00:00,0.0,167.81,82.55,97.12,17.26,17.59,27.24,85.38,347.81,False
2022-06-16 15:00:00,8.76,173.37,83.79,98.58,16.77,16.41,25.53,88.11,346.77,False
2022-06-16 16:00:00,0.0,163.35,84.93,99.92,15.41,15.52,24.08,89.68,345.9,False
2022-06-16 17:00:00,0.0,153.9,85.0,100.0,15.96,15.03,24.13,91.1,345.93,False
2022-06-16 18:00:00,0.0,144.61,85.0,100.0,15.03,14.83,24.01,96.47,345.85,False
2022-06-16 19:00:00,0.0,135.93,85.0,100.0,14.97,15.05,24.44,93.14,346.11,False
2022-06-16 20:00:00,8.67,143.84,85.0,100.0,15.0,14.66,23.78,95.09,345.71,False
2022-06-16 21:00:00,0.0,135.53,85.0,100.0,14.63,14.42,25.67,86.91,346.86,False
2022-06-16 22:00:00,0.0,127.77,85.0,100.0,14.91,14.66,24.63,84.83,346.22,False
2022-06-16 23:00:00,0.0,120.88,85.0,100.0,14.5,14.06,26.96,78.96,347.64,False
2022-06-17 00:00:00,0.0,113.79,85.0,100.0,15.47,14.85,28.21,76.38,348.39,False
2022-06-17 01:00:00,0.0,107.06,85.0,100.0,15.3,14.8,30.04,78.18,349.51,False
2022-06-17 02:00:00,0.0,101.04,84.89,99.87,14.65,15.35,30.76,69.96,349.94,False
2022-06-17 03:00:00,0.0,95.58,84.83,99.8,14.9,15.22,30.84,71.94,349.99,False
2022-06-17 04:00:00,0.0,89.66,84.71,99.66,15.45,15.23,31.81,63.39,350.57,False
2022-06-17 05:00:00,0.0,84.22,84.45,99.36,15.66,16.02,32.97,62.37,351.28,False
2022-06-17 06:00:00,0.0,78.86,84.03,98.86,15.55,15.81,32.95,63.32,351.27,False
2022-06-17 07:00:00,0.0,74.23,83.55,98.3,16.47,16.0,32.5,64.35,350.99,False
2022-06-17 08:00:00,0.0,70.04,82.93,97.57,17.29,16.06,32.11,67.72,350.76,False
2022-06-17 09:00:00,0.0,65.56,82.46,97.02,17.78,17.55,32.1,69.0,350.75,False
2022-06-17 10:00:00,0.0,61.96,81.97,96.43,18.71,18.01,30.44,70.17,349.75,False
2022-06-17 11:00:00,0.0,58.11,81.4,95.77,18.7,19.1,29.61,74.11,349.24,False
2022-06-17 12:00:00,17.84,86.58,81.2,95.53,18.3,37.1,29.8,77.36,349.36,True
2022-06-17 13:00:00,0.0,81.72,80.95,95.23,18.63,19.35,26.48,79.79,347.35,False
2022-06-17 14:00:00,0.0,76.63,80.67,94.91,19.83,18.34,25.14,83.22,346.53,False
2022-06-17 15:00:00,22.7,112.48,80.89,95.16,19.76,18.59,25.79,89.96,346.93,False
2022-06-17 16:00:00,0.0,105.95,80.94,95.22,19.05,19.22,24.2,86.47,345.96,False
2022-06-17 17:00:00,0.0,99.56,80.91,95.19,19.24,19.37,23.96,94.76,345.82,False
2022-06-17 18:00:00,17.15,124.81,81.36,95.72,18.67,17.97,23.53,91.31,345.56,False
2022-06-17 19:00:00,0.0,117.57,81.63,96.03,18.25,18.06,24.0,89.98,345.84,False
2022-06-17 20:00:00,0.0,109.99,81.86,96.3,17.55,18.16,25.56,91.6,346.79,False
2022-06-17 21:00:00,0.0,103.79,81.84,96.28,18.35,18.12,25.8,90.87,346.93,False
2022-06-17 22:00:00,0.0,98.13,81.81,96.25,18.9,18.4,26.77,87.24,347.52,False
2022-06-17 23:00:00,0.0,92.55,81.75,96.18,18.32,18.62,26.49,82.63,347.35,False
2022-06-18 00:00:00,0.0,87.32,81.58,95.97,18.3,17.91,27.81,80.17,348.15,False
2022-06-18 01:00:00,0.0,82.01,81.24,95.58,18.58,18.93,27.96,70.94,348.24,False
2022-06-18 02:00:00,0.0,76.95,80.94,95.23,19.25,18.77,30.26,69.96,349.64,False
2022-06-18 03:00:00,0.0,72.39,80.53,94.74,19.93,19.6,32.26,66.28,350.85,False
2022-06-18 04:00:00,0.41,69.07,79.88,93.97,20.34,19.94,32.71,68.32,351.12,False
2022-06-18 05:00:00,0.0,65.19,79.36,93.36,19.89,21.07,32.71,63.71,351.12,False
2022-06-18 06:00:00,16.96,91.68,79.21,93.19,21.48,21.02,32.99,65.69,351.29,False
2022-06-18 07:00:00,0.0,86.02,78.97,92.9,21.37,20.64,32.43,65.55,350.95,False
2022-06-18 08:00:00,0.0,80.41,78.6,92.47,21.33,20.73,32.52,64.15,351.01,False
2022-06-18 09:00:00,0.0,75.78,78.14,91.93,21.65,22.33,32.14,66.93,350.78,False
2022-06-18 10:00:00,0.0,71.12,77.7,91.42,22.12,22.01,29.78,73.59,349.35,False
2022-06-18 11:00:00,0.0,66.76,77.22,90.85,23.12,22.54,29.84,72.83,349.39,False
2022-06-18 12:00:00,0.48,64.14,76.66,90.19,22.55,23.64,29.06,78.25,348.91,False
2022-06-18 13:00:00,0.0,60.48,76.11,89.54,24.1,23.49,27.09,80.06,347.71,False
2022-06-18 14:00:00,0.0,56.94,75.46,88.78,24.65,24.62,26.67,84.37,347.46,False
2022-06-18 15:00:00,0.0,53.78,74.56,87.71,25.55,25.45,27.01,87.81,347.67,False
2022-06-18 16:00:00,0.0,50.98,73.69,86.7,25.84,26.27,24.54,88.56,346.17,False
2022-06-18 17:00:00,0.0,47.43,72.94,85.81,26.38,27.54,24.39,89.6,346.08,False
2022-06-18 18:00:00,0.0,44.42,71.94,84.63,28.96,28.25,23.56,92.57,345.58,False
2022-06-18 19:00:00,0.0,41.68,71.41,84.02,28.64,28.98,24.26,89.83,346.0,False
2022-06-18 20:00:00,0.86,40.44,71.23,83.8,29.54,28.67,24.88,88.5,346.38,False
2022-06-18 21:00:00,0.0,37.93,70.89,83.4,29.47,28.82,25.43,86.02,346.71,False
2022-06-18 22:00:00,0.0,35.19,70.42,82.85,29.62,29.99,25.64,84.84,346.84,False
2022-06-18 23:00:00,0.47,34.2,69.92,82.26,30.17,29.85,27.46,83.51,347.94,False
2022-06-19 00:00:00,15.93,60.66,69.98,82.34,30.45,30.06,29.38,81.01,349.1,False
2022-06-19 01:00:00,0.0,57.08,69.97,82.32,99.0,30.19,29.93,72.92,349.44,True
2022-06-19 02:00:00,0.0,53.67,69.9,82.23,30.3,29.8,31.33,75.3,350.28,False
2022-06-19 03:00:00,0.0,50.62,69.72,82.03,30.71,29.97,31.54,66.09,350.41,False
2022-06-19 04:00:00,0.0,46.84,69.4,81.65,31.05,30.49,32.85,68.04,351.21,False
2022-06-19 05:00:00,0.0,44.17,69.14,81.34,31.0,31.16,33.01,63.03,351.31,False
2022-06-19 06:00:00,0.0,41.44,68.91,81.07,30.85,31.23,32.43,62.26,350.95,False
2022-06-19 07:00:00,13.1,62.65,68.91,81.07,31.29,30.55,33.04,62.99,351.32,False
2022-06-19 08:00:00,0.0,58.54,68.94,81.1,30.76,31.85,31.8,65.77,350.57,False
2022-06-19 09:00:00,0.0,55.15,68.82,80.97,31.03,31.33,31.3,69.26,350.27,False
2022-06-19 10:00:00,0.0,52.23,68.76,80.89,31.4,31.07,30.86,72.34,350.0,False
2022-06-19 11:00:00,0.0,49.15,68.5,80.59,31.47,31.44,29.84,72.49,349.38,False
2022-06-19 12:00:00,0.0,45.99,68.27,80.31,32.26,31.64,27.79,76.02,348.14,False
2022-06-19 13:00:00,0.0,43.03,68.02,80.02,31.72,31.83,27.97,79.79,348.25,False
2022-06-19 14:00:00,0.0,40.62,67.64,79.58,31.51,32.82,26.59,84.78,347.42,False
2022-06-19 15:00:00,0.0,38.35,67.31,79.19,33.21,33.64,24.9,87.48,346.39,False
2022-06-19 16:00:00,0.0,36.16,66.91,78.72,33.11,32.88,23.68,88.22,345.65,False
2022-06-19 17:00:00,0.0,33.98,66.47,78.2,33.56,33.34,24.07,92.06,345.88,False
2022-06-19 18:00:00,14.08,57.35,66.37,78.09,33.31,33.59,23.73,96.53,345.68,False
2022-06-19 19:00:00,20.72,91.17,66.97,78.79,32.27,32.48,24.22,90.51,345.98,False
2022-06-19 20:00:00,0.0,85.59,67.32,79.21,32.35,32.89,24.39,89.26,346.08,False
2022-06-19 21:00:00,0.0,80.68,67.69,79.64,32.54,32.38,24.11,89.02,345.91,False
2022-06-19 22:00:00,0.0,75.93,67.89,79.87,32.03,32.17,26.02,83.88,347.07,False
2022-06-19 23:00:00,0.0,71.76,68.08,80.09,31.79,31.18,27.15,82.96,347.75,False
2022-06-20 00:00:00,0.0,67.79,68.26,80.31,31.06,30.83,28.88,76.56,348.8,False
2022-06-20 01:00:00,0.0,63.81,68.3,80.36,32.42,31.55,29.25,78.04,349.02,False
2022-06-20 02:00:00,2.32,64.34,68.13,80.15,31.85,32.14,31.76,71.69,350.54,False
2022-06-20 03:00:00,0.0,60.19,68.02,80.03,32.91,31.26,30.53,66.86,349.8,False
2022-06-20 04:00:00,0.0,56.56,67.79,79.76,32.35,32.56,33.18,64.7,351.41,False
2022-06-20 05:00:00,0.0,53.27,67.69,79.63,32.93,32.19,32.71,63.45,351.12,False
2022-06-20 06:00:00,0.0,49.59,67.51,79.43,32.2,32.16,33.52,66.75,351.61,False
2022-06-20 07:00:00,5.05,55.83,67.42,79.31,31.98,32.62,32.89,61.94,351.23,False
2022-06-20 08:00:00,0.0,52.19,67.24,79.1,32.69,32.25,33.08,64.54,351.35,False
2022-06-20 09:00:00,17.51,80.32,67.59,79.52,32.63,31.39,31.45,66.98,350.36,False
2022-06-20 10:00:00,9.81,93.0,68.03,80.03,32.24,32.46,30.09,70.97,349.54,False
2022-06-20 11:00:00,0.0,87.42,68.56,80.66,31.6,31.42,30.52,73.83,349.79,False
2022-06-20 12:00:00,27.23,130.79,69.75,82.05,31.17,29.97,28.43,75.02,348.53,False
2022-06-20 13:00:00,0.0,123.2,70.72,83.2,29.43,29.05,27.47,80.82,347.95,False
2022-06-20 14:00:00,0.0,115.86,71.62,84.26,28.25,28.07,26.99,84.8,347.66,False
2022-06-20 15:00:00,27.07,158.22,73.25,86.17,26.66,26.61,24.7,86.64,346.27,False
2022-06-20 16:00:00,3.9,155.83,74.09,87.17,25.58,25.86,24.96,91.5,346.43,False
2022-06-20 17:00:00,0.0,146.65,74.95,88.18,25.16,25.32,23.8,93.36,345.72,False
2022-06-20 18:00:00,10.68,156.82,76.0,89.42,24.43,23.72,23.92,91.84,345.8,False
2022-06-20 19:00:00,0.0,147.05,76.82,90.38,23.74,22.75,24.2,91.98,345.96,False
2022-06-20 20:00:00,0.0,138.42,77.57,91.25,22.32,22.22,23.7,85.8,345.66,False
2022-06-20 21:00:00,0.0,129.78,78.3,92.12,21.68,22.68,24.85,87.06,346.36,False
2022-06-20 22:00:00,0.0,122.19,78.55,92.41,21.2,21.52,27.06,87.01,347.7,False
2022-06-20 23:00:00,0.0,115.37,78.83,92.75,21.55,21.33,27.87,80.78,348.19,False
2022-06-21 00:00:00,0.0,108.73,78.9,92.82,20.61,21.0,28.46,76.53,348.55,False
2022-06-21 01:00:00,0.0,102.38,79.09,93.05,20.62,21.6,29.81,78.93,349.37,False
2022-06-21 02:00:00,0.0,96.32,79.07,93.03,19.26,21.27,30.57,74.64,349.83,False
2022-06-21 03:00:00,0.0,90.42,78.89,92.81,20.64,20.7,32.5,69.04,350.99,False
2022-06-21 04:00:00,0.0,84.96,78.64,92.52,21.12,21.42,32.28,68.15,350.86,False
2022-06-21 05:00:00,0.0,79.7,78.44,92.28,21.36,21.41,32.99,60.03,351.29,False
2022-06-21 06:00:00,3.09,80.09,78.17,91.96,21.31,22.0,33.69,62.42,351.71,False
2022-06-21 07:00:00,66.99,195.88,79.84,93.93,19.71,20.56,32.38,63.54,350.92,False
2022-06-21 08:00:00,0.0,184.46,81.39,95.75,19.11,18.12,33.33,65.4,351.5,False
2022-06-21 09:00:00,0.0,173.01,82.71,97.31,16.98,17.43,30.76,67.12,349.94,False
2022-06-21 10:00:00,0.0,163.04,83.88,98.68,15.4,15.8,31.73,65.9,350.53,False
2022-06-21 11:00:00,0.0,153.63,84.79,99.75,14.79,15.78,29.44,75.15,349.14,False
2022-06-21 12:00:00,0.0,144.53,85.0,100.0,14.59,15.39,28.35,79.09,348.48,False
2022-06-21 13:00:00,0.0,135.98,85.0,100.0,14.97,14.2,26.2,84.83,347.18,False
2022-06-21 14:00:00,0.0,127.76,85.0,100.0,15.14,14.55,25.98,83.42,347.04,False
2022-06-21 15:00:00,0.0,120.11,85.0,100.0,14.46,14.46,24.69,86.16,346.26,False
2022-06-21 16:00:00,0.0,112.76,85.0,100.0,15.12,14.98,24.24,84.76,345.99,False
2022-06-21 17:00:00,0.0,106.01,85.0,100.0,15.56,15.12,24.07,90.94,345.89,False
2022-06-21 18:00:00,0.0,99.69,85.0,100.0,15.41,15.32,24.57,93.8,346.19,False
2022-06-21 19:00:00,0.0,94.27,84.96,99.95,15.27,14.94,24.28,90.3,346.01,False
2022-06-21 20:00:00,0.0,88.79,84.85,99.82,15.31,15.04,24.79,94.41,346.32,False
2022-06-21 21:00:00,0.0,83.4,84.6,99.53,15.28,15.52,24.66,87.39,346.24,False
2022-06-21 22:00:00,0.0,78.36,84.24,99.1,16.33,17.02,25.72,85.29,346.89,False
2022-06-21 23:00:00,17.94,105.75,84.45,99.35,15.72,14.94,28.41,78.9,348.52,False
2022-06-22 00:00:00,0.0,99.24,84.51,99.42,15.17,14.74,28.06,78.57,348.3,False
2022-06-22 01:00:00,0.0,93.56,84.48,99.39,15.45,15.3,30.66,70.42,349.88,False
2022-06-22 02:00:00,0.0,87.8,84.3,99.18,35.43,15.41,30.6,72.39,349.85,True
2022-06-22 03:00:00,0.0,82.34,84.04,98.87,15.9,15.66,31.68,69.55,350.5,False
2022-06-22 04:00:00,0.0,77.22,83.69,98.46,16.8,16.31,33.04,68.59,351.32,False
2022-06-22 05:00:00,0.0,72.37,83.12,97.78,16.81,16.42,33.61,62.44,351.67,False
2022-06-22 06:00:00,0.0,68.37,82.5,97.06,17.18,17.26,32.93,64.32,351.26,False
2022-06-22 07:00:00,0.0,64.31,81.93,96.38,18.49,17.96,32.61,65.6,351.06,False
2022-06-22 08:00:00,0.0,60.37,81.14,95.46,19.37,18.75,32.36,66.76,350.91,False
2022-06-22 09:00:00,2.87,61.91,80.53,94.74,19.16,19.42,31.88,66.37,350.62,False
2022-06-22 10:00:00,0.0,58.26,79.78,93.86,20.81,20.16,31.28,66.22,350.26,False
2022-06-22 11:00:00,0.0,54.54,79.05,93.0,21.34,20.63,29.67,75.07,349.28,False
2022-06-22 12:00:00,0.0,50.85,78.27,92.08,21.51,21.63,28.87,77.7,348.8,False
2022-06-22 13:00:00,0.0,48.2,77.28,90.92,23.2,22.71,28.32,80.49,348.46,False
2022-06-22 14:00:00,0.0,45.61,76.43,89.92,23.08,23.95,26.48,86.53,347.35,False
2022-06-22 15:00:00,0.0,42.98,75.47,88.79,24.34,23.94,25.51,87.81,346.76,False
2022-06-22 16:00:00,0.0,40.68,74.32,87.44,25.24,25.69,23.69,87.49,345.66,False
2022-06-22 17:00:00,0.0,38.81,73.29,86.23,26.32,26.77,22.57,87.66,344.98,False
2022-06-22 18:00:00,0.0,36.32,72.29,85.04,28.05,27.79,24.23,89.74,345.99,False
2022-06-22 19:00:00,0.0,33.81,71.18,83.74,28.81,28.91,24.1,96.31,345.9,False
2022-06-22 20:00:00,0.0,31.98,70.67,83.15,28.88,28.8,24.29,91.57,346.02,False
2022-06-22 21:00:00,0.0,29.62,70.18,82.57,29.58,29.88,25.46,88.28,346.73,False
2022-06-22 22:00:00,0.0,27.85,69.61,81.89,30.13,30.44,26.21,84.64,347.19,False
2022-06-22 23:00:00,0.0,26.09,69.02,81.2,31.08,31.2,28.01,81.13,348.28,False
2022-06-23 00:00:00,0.0,24.73,68.33,80.38,32.58,31.61,28.55,80.33,348.6,False
2022-06-23 01:00:00,0.0,23.1,67.67,79.61,32.41,32.11,29.22,73.4,349.01,False
2022-06-23 02:00:00,0.0,22.08,67.19,79.05,32.92,33.21,31.34,72.15,350.29,False
2022-06-23 03:00:00,0.0,20.53,66.54,78.29,34.07,32.97,31.55,67.4,350.42,False
2022-06-23 04:00:00,0.0,19.51,65.89,77.52,33.89,33.56,32.71,69.76,351.12,False
2022-06-23 05:00:00,0.0,18.14,65.7,77.3,34.83,33.8,32.56,65.96,351.03,False
2022-06-23 06:00:00,0.0,17.21,65.52,77.08,34.31,34.62,32.61,66.49,351.06,False
2022-06-23 07:00:00,0.0,15.88,65.32,76.85,34.53,34.39,32.9,63.31,351.24,False
2022-06-23 08:00:00,0.0,14.92,65.2,76.71,34.67,34.75,32.4,67.99,350.94,False
2022-06-23 09:00:00,0.0,14.42,65.1,76.59,34.86,35.46,31.97,67.48,350.67,False
2022-06-23 10:00:00,0.0,13.59,64.85,76.29,35.08,34.68,30.59,71.22,349.84,False
2022-06-23 11:00:00,0.0,13.13,64.63,76.03,35.52,34.69,28.56,77.65,348.61,False
2022-06-23 12:00:00,0.0,12.33,64.37,75.73,35.46,35.96,28.24,75.91,348.41,False
2022-06-23 13:00:00,0.0,11.44,64.18,75.51,35.86,35.48,27.81,82.03,348.15,False
2022-06-23 14:00:00,0.0,10.81,63.96,75.25,35.39,35.57,26.07,85.88,347.1,False
2022-06-23 15:00:00,0.0,10.34,63.69,74.93,36.63,36.27,25.17,88.94,346.55,False
2022-06-23 16:00:00,0.0,9.15,63.48,74.68,36.97,36.44,25.19,89.22,346.57,False
2022-06-23 17:00:00,0.0,8.76,63.23,74.39,99.0,36.43,23.73,95.7,345.68,True
2022-06-23 18:00:00,0.0,7.95,62.86,73.95,37.44,37.37,23.07,89.41,345.28,False
2022-06-23 19:00:00,0.0,7.12,62.54,73.57,37.13,37.15,24.06,94.44,345.88,False
2022-06-23 20:00:00,0.0,6.85,62.2,73.17,38.41,37.47,24.31,92.55,346.03,False
2022-06-23 21:00:00,0.0,6.84,61.79,72.7,38.28,37.46,24.74,91.7,346.29,False
2022-06-23 22:00:00,2.27,10.59,61.51,72.37,37.85,37.51,26.14,81.82,347.14,False
2022-06-23 23:00:00,0.0,9.55,61.32,72.14,39.16,38.77,27.63,79.89,348.04,False
2022-06-24 00:00:00,0.0,8.77,61.12,71.9,99.0,38.36,28.49,80.98,348.57,True
2022-06-24 01:00:00,0.0,8.12,60.88,71.63,39.87,39.06,29.85,70.62,349.39,False
2022-06-24 02:00:00,5.45,17.5,60.8,71.53,39.87,39.97,31.84,67.79,350.59,False
2022-06-24 03:00:00,0.0,16.43,60.65,71.35,39.89,39.54,31.48,67.12,350.37,False
2022-06-24 04:00:00,0.0,15.59,60.42,71.08,39.77,39.59,32.56,66.26,351.03,False
2022-06-24 05:00:00,0.0,14.95,60.27,70.91,40.01,57.59,32.54,67.66,351.02,True
2022-06-24 06:00:00,0.0,14.16,59.94,70.52,39.63,40.92,32.49,63.63,350.99,False
2022-06-24 07:00:00,0.0,13.58,59.67,70.2,40.22,39.57,32.5,63.26,350.99,False
2022-06-24 08:00:00,0.0,12.68,59.53,70.04,41.66,40.42,32.11,66.5,350.76,False
2022-06-24 09:00:00,22.84,54.03,59.95,70.53,39.36,40.64,31.9,69.04,350.63,False
2022-06-24 10:00:00,0.0,50.95,60.41,71.07,39.71,39.71,32.16,71.88,350.79,False
2022-06-24 11:00:00,0.0,48.1,60.74,71.46,39.24,39.74,29.24,74.02,349.02,False
2022-06-24 12:00:00,0.0,45.74,61.11,71.9,39.23,38.64,28.25,74.09,348.42,False
2022-06-24 13:00:00,0.0,43.03,61.27,72.08,38.81,38.23,27.3,79.79,347.84,False
2022-06-24 14:00:00,0.0,40.25,61.6,72.47,38.89,39.17,26.49,87.84,347.35,False
2022-06-24 15:00:00,40.66,111.42,62.93,74.03,37.08,37.1,25.48,88.27,346.74,False
2022-06-24 16:00:00,0.0,105.15,64.13,75.45,36.18,36.2,25.37,89.48,346.68,False
2022-06-24 17:00:00,0.0,98.88,65.43,76.98,99.0,34.92,22.7,93.76,345.05,True
2022-06-24 18:00:00,48.31,180.44,68.0,80.0,31.88,32.51,22.57,89.74,344.98,False
2022-06-24 19:00:00,3.96,176.71,69.92,82.26,29.9,30.2,23.86,91.07,345.76,False
2022-06-24 20:00:00,0.0,166.39,71.82,84.5,28.69,28.31,25.26,90.4,346.61,False
2022-06-24 21:00:00,0.0,156.86,73.49,86.46,26.76,26.71,24.38,87.02,346.07,False
2022-06-24 22:00:00,0.0,147.48,74.28,87.38,26.12,25.47,24.45,85.2,346.11,False
2022-06-24 23:00:00,0.0,138.77,74.94,88.16,25.56,25.48,27.68,81.25,348.07,False
2022-06-25 00:00:00,0.0,130.75,75.56,88.9,24.23,24.21,28.65,75.2,348.66,False
2022-06-25 01:00:00,0.0,122.8,75.89,89.29,24.0,24.55,29.01,74.74,348.88,False
2022-06-25 02:00:00,0.0,115.18,76.29,89.75,23.58,24.03,30.16,68.34,349.58,False
2022-06-25 03:00:00,0.0,108.67,76.42,89.91,23.99,22.69,31.1,68.43,350.15,False
2022-06-25 04:00:00,0.42,103.0,76.43,89.92,23.61,23.89,32.46,68.62,350.97,False
2022-06-25 05:00:00,0.0,96.67,76.49,89.99,23.58,23.6,32.47,63.91,350.98,False
2022-06-25 06:00:00,0.0,90.9,76.42,89.91,23.16,24.11,33.3,61.66,351.48,False
2022-06-25 07:00:00,0.0,85.6,76.07,89.49,24.26,24.63,31.13,64.22,350.17,False
2022-06-25 08:00:00,0.0,79.99,75.75,89.12,24.59,24.29,31.88,64.21,350.62,False
2022-06-25 09:00:00,1.11,77.4,75.31,88.6,24.91,24.83,31.01,69.29,350.09,False
2022-06-25 10:00:00,86.86,229.24,77.56,91.24,22.51,21.93,30.6,70.7,349.84,False
2022-06-25 11:00:00,0.0,215.98,79.65,93.71,20.76,20.28,29.34,77.8,349.08,False
2022-06-25 12:00:00,0.0,202.96,81.44,95.81,18.54,19.22,28.98,80.33,348.86,False
2022-06-25 13:00:00,0.0,191.19,82.93,97.56,17.64,17.07,26.22,81.32,347.19,False
2022-06-25 14:00:00,0.0,179.71,84.35,99.24,15.93,16.02,26.28,86.43,347.22,False
2022-06-25 15:00:00,0.0,168.97,85.0,100.0,14.5,14.99,25.65,87.11,346.85,False
2022-06-25 16:00:00,33.53,219.27,85.0,100.0,14.95,14.95,25.72,90.19,346.88,False
2022-06-25 17:00:00,0.0,206.74,85.0,100.0,15.13,15.23,23.86,90.8,345.76,False
2022-06-25 18:00:00,0.0,193.96,85.0,100.0,14.72,13.84,24.19,93.53,345.96,False
2022-06-25 19:00:00,0.0,182.47,85.0,100.0,15.43,15.15,23.07,94.39,345.28,False
2022-06-25 20:00:00,0.0,171.54,85.0,100.0,14.21,14.1,23.17,91.72,345.34,False
2022-06-25 21:00:00,0.0,161.24,85.0,100.0,15.32,14.97,25.82,89.74,346.95,False
2022-06-25 22:00:00,41.03,225.58,85.0,100.0,15.28,14.67,26.25,86.85,347.21,False
2022-06-25 23:00:00,33.69,273.02,85.0,100.0,14.21,14.54,28.04,82.73,348.29,False
2022-06-26 00:00:00,0.0,256.8,85.0,100.0,15.04,15.59,27.68,75.72,348.07,False
2022-06-26 01:00:00,40.34,314.37,85.0,100.0,14.83,15.45,29.98,77.78,349.47,False
2022-06-26 02:00:00,0.0,295.43,85.0,100.0,15.57,14.86,31.87,74.61,350.61,False
2022-06-26 03:00:00,0.0,277.69,85.0,100.0,14.67,15.95,31.93,67.63,350.65,False
2022-06-26 04:00:00,0.0,260.73,85.0,100.0,15.32,15.4,32.56,65.13,351.03,False
2022-06-26 05:00:00,2.6,250.36,85.0,100.0,15.4,14.94,32.85,65.7,351.21,False
2022-06-26 06:00:00,0.0,235.29,85.0,100.0,14.84,14.24,32.06,65.1,350.73,False
2022-06-26 07:00:00,0.0,221.08,85.0,100.0,15.52,14.96,33.66,64.07,351.7,False
2022-06-26 08:00:00,0.0,208.0,85.0,100.0,14.83,14.75,32.03,63.38,350.71,False
2022-06-26 09:00:00,0.0,195.85,85.0,100.0,15.53,14.82,31.98,68.71,350.68,False
2022-06-26 10:00:00,0.0,183.89,85.0,100.0,16.04,15.17,29.81,72.1,349.37,False
2022-06-26 11:00:00,0.0,173.21,85.0,100.0,15.37,14.75,28.96,75.83,348.85,False
2022-06-26 12:00:00,0.0,162.73,85.0,100.0,15.24,15.53,29.36,78.7,349.09,False
2022-06-26 13:00:00,0.0,153.39,85.0,100.0,14.81,14.79,27.13,81.08,347.74,False
2022-06-26 14:00:00,0.0,144.03,85.0,100.0,15.74,14.59,27.12,86.99,347.74,False
2022-06-26 15:00:00,0.0,135.61,85.0,100.0,15.36,15.26,25.27,88.03,346.61,False
2022-06-26 16:00:00,0.0,127.48,85.0,100.0,14.82,14.99,23.5,89.19,345.54,False
2022-06-26 17:00:00,0.0,119.5,85.0,100.0,15.6,15.34,24.69,91.16,346.26,False
2022-06-26 18:00:00,0.0,111.9,85.0,100.0,15.04,15.07,23.65,88.51,345.63,False
2022-06-26 19:00:00,0.0,104.97,85.0,100.0,15.27,14.44,24.57,91.16,346.19,False
2022-06-26 20:00:00,0.0,98.97,85.0,100.0,14.84,15.12,24.62,91.5,346.22,False
2022-06-26 21:00:00,0.0,92.44,84.99,99.99,14.63,14.64,24.39,88.58,346.08,False
2022-06-26 22:00:00,0.0,87.0,84.84,99.81,14.8,15.22,26.35,88.04,347.27,False
2022-06-26 23:00:00,0.0,81.85,84.57,99.5,15.28,15.19,28.65,81.1,348.66,False
2022-06-27 00:00:00,5.55,86.42,84.29,99.16,15.92,15.63,28.8,78.97,348.75,False
2022-06-27 01:00:00,0.0,81.0,84.02,98.84,15.86,16.0,29.63,75.96,349.26,False
2022-06-27 02:00:00,0.0,75.9,83.61,98.37,16.07,16.68,31.4,75.69,350.33,False
2022-06-27 03:00:00,0.0,71.36,83.27,97.97,16.35,16.51,31.81,68.39,350.58,False
2022-06-27 04:00:00,0.0,67.52,82.76,97.37,17.74,16.12,32.52,63.79,351.01,False
2022-06-27 05:00:00,0.0,63.79,82.17,96.68,17.78,17.44,32.19,66.17,350.81,False
2022-06-27 06:00:00,0.0,59.85,81.65,96.05,17.57,18.41,33.14,67.73,351.38,False
2022-06-27 07:00:00,0.0,56.01,80.9,95.18,19.1,19.57,33.47,63.83,351.58,False
2022-06-27 08:00:00,0.0,52.19,80.13,94.27,19.7,19.99,31.9,67.56,350.63,False
2022-06-27 09:00:00,0.0,48.94,79.47,93.49,20.62,20.93,32.54,70.56,351.02,False
2022-06-27 10:00:00,0.0,45.73,78.61,92.48,21.16,21.45,30.69,73.03,349.9,False
2022-06-27 11:00:00,0.0,42.98,77.78,91.5,22.74,22.31,29.13,74.63,348.95,False
2022-06-27 12:00:00,0.0,40.4,76.93,90.51,23.01,22.97,29.1,76.6,348.93,False
2022-06-27 13:00:00,0.0,37.83,75.88,89.27,24.04,24.54,27.16,81.46,347.76,False
2022-06-27 14:00:00,0.0,35.43,74.9,88.12,24.97,25.76,26.71,85.92,347.48,False
2022-06-27 15:00:00,20.76,70.46,74.41,87.54,25.78,25.21,25.14,89.72,346.54,False
2022-06-27 16:00:00,0.0,66.08,74.03,87.1,26.13,26.06,24.57,90.79,346.19,False
2022-06-27 17:00:00,0.0,62.54,73.55,86.53,26.29,25.97,24.45,90.76,346.12,False
2022-06-27 18:00:00,0.0,58.95,72.95,85.83,27.06,27.72,24.17,93.11,345.95,False
2022-06-27 19:00:00,0.0,55.57,72.32,85.08,27.58,27.75,22.96,93.24,345.21,False
2022-06-27 20:00:00,0.0,52.54,71.5,84.12,28.84,28.49,23.93,90.88,345.8,False
2022-06-27 21:00:00,0.0,49.66,71.47,84.08,28.02,28.08,25.88,86.23,346.98,False
2022-06-27 22:00:00,0.0,47.11,71.18,83.74,28.68,28.73,26.17,84.64,347.16,False
2022-06-27 23:00:00,0.0,44.46,70.95,83.47,28.97,29.02,27.02,83.52,347.67,False
2022-06-28 00:00:00,11.07,61.78,70.93,83.44,29.63,28.64,27.68,75.23,348.08,False
2022-06-28 01:00:00,0.0,57.9,70.96,83.48,29.51,29.1,29.02,70.19,348.88,False
2022-06-28 02:00:00,0.0,54.18,71.0,83.53,29.15,28.65,29.54,74.02,349.2,False
2022-06-28 03:00:00,0.0,51.19,70.89,83.4,28.71,29.28,31.62,69.12,350.46,False
2022-06-28 04:00:00,0.0,48.09,70.72,83.2,29.31,28.89,32.04,67.09,350.72,False
2022-06-28 05:00:00,0.0,44.79,70.46,82.89,30.3,29.61,32.27,62.32,350.85,False
2022-06-28 06:00:00,0.0,41.48,70.15,82.53,29.79,29.77,32.96,65.48,351.27,False
2022-06-28 07:00:00,1.34,42.04,69.83,82.15,30.22,30.29,33.07,65.03,351.34,False
2022-06-28 08:00:00,0.0,39.23,69.61,81.9,30.46,30.45,33.65,62.71,351.69,False
2022-06-28 09:00:00,3.67,43.27,69.4,81.64,30.26,30.64,30.77,70.95,349.95,False
2022-06-28 10:00:00,0.0,41.04,69.05,81.24,30.62,30.65,31.45,71.32,350.36,False
2022-06-28 11:00:00,0.0,38.22,68.7,80.82,30.98,31.53,30.25,73.58,349.63,False
2022-06-28 12:00:00,0.0,36.08,68.53,80.62,31.35,31.58,28.03,77.24,348.29,False
2022-06-28 13:00:00,0.0,34.47,68.13,80.15,32.05,32.13,27.46,77.59,347.94,False
2022-06-28 14:00:00,55.15,132.31,69.45,81.7,30.62,30.54,25.98,86.19,347.04,False
2022-06-28 15:00:00,0.0,124.24,70.47,82.91,29.73,29.46,25.43,88.42,346.71,False
2022-06-28 16:00:00,0.0,116.78,71.46,84.07,29.41,28.14,25.51,89.74,346.76,False
2022-06-28 17:00:00,0.0,109.65,72.23,84.98,28.8,27.5,24.52,94.08,346.16,False
2022-06-28 18:00:00,0.0,103.07,72.91,85.78,27.13,26.9,24.31,89.23,346.03,False
2022-06-28 19:00:00,0.0,97.27,72.95,85.83,27.42,27.43,23.9,90.33,345.78,False
2022-06-28 20:00:00,0.0,91.02,72.76,85.6,27.5,26.74,23.71,88.42,345.67,False
2022-06-28 21:00:00,0.0,85.75,72.45,85.24,27.98,27.01,25.19,87.34,346.57,False
2022-06-28 22:00:00,0.0,80.55,72.21,84.95,28.21,27.76,26.97,85.13,347.65,False
2022-06-28 23:00:00,0.0,76.12,72.44,85.22,27.35,27.25,26.42,82.48,347.31,False
2022-06-29 00:00:00,0.0,71.95,71.98,84.68,28.82,45.25,27.87,77.31,348.19,True
2022-06-29 01:00:00,0.0,67.51,71.96,84.66,28.65,27.87,29.74,72.62,349.32,False
2022-06-29 02:00:00,0.0,63.43,71.91,84.6,28.47,27.83,30.16,74.37,349.58,False
2022-06-29 03:00:00,0.0,59.89,71.93,84.62,28.34,27.77,31.21,72.92,350.21,False
2022-06-29 04:00:00,0.0,56.59,71.85,84.53,28.31,27.77,32.14,66.16,350.78,False
2022-06-29 05:00:00,0.0,52.45,71.8,84.47,28.28,28.05,32.03,62.96,350.71,False
2022-06-29 06:00:00,0.0,49.57,71.56,84.18,28.76,27.86,32.42,66.95,350.94,False
2022-06-29 07:00:00,0.0,47.09,71.33,83.91,28.77,28.92,33.27,61.58,351.46,False
2022-06-29 08:00:00,0.0,44.35,71.07,83.61,29.08,28.58,31.61,65.21,350.46,False
2022-06-29 09:00:00,0.0,41.97,70.75,83.24,29.26,29.43,30.72,66.71,349.92,False
2022-06-29 10:00:00,0.92,41.49,70.49,82.93,29.45,29.24,30.37,68.68,349.71,False
2022-06-29 11:00:00,0.0,39.07,70.06,82.42,30.71,30.36,30.1,73.82,349.54,False
2022-06-29 12:00:00,0.0,36.97,69.71,82.02,30.37,30.3,28.38,76.27,348.5,False
2022-06-29 13:00:00,0.0,34.76,69.38,81.63,30.5,30.19,27.06,81.65,347.7,False
2022-06-29 14:00:00,0.0,32.65,68.86,81.01,31.25,32.14,26.28,85.05,347.22,False
2022-06-29 15:00:00,12.11,52.3,68.77,80.9,30.8,31.07,24.27,86.66,346.01,False
2022-06-29 16:00:00,0.0,49.22,68.61,80.72,31.81,31.16,24.9,89.38,346.39,False
2022-06-29 17:00:00,0.0,46.83,68.44,80.52,31.61,31.36,24.38,91.06,346.08,False
2022-06-29 18:00:00,0.0,43.75,68.17,80.2,31.75,31.99,23.75,93.62,345.7,False
2022-06-29 19:00:00,0.0,41.31,67.97,79.97,31.9,31.45,24.76,91.23,346.3,False
2022-06-29 20:00:00,0.0,38.93,67.79,79.75,31.63,32.26,23.93,91.77,345.8,False
2022-06-29 21:00:00,0.0,37.03,67.46,79.36,33.32,31.87,25.99,89.07,347.05,False
2022-06-29 22:00:00,0.0,35.31,67.07,78.91,33.06,32.9,26.34,86.14,347.26,False
2022-06-29 23:00:00,0.0,32.91,66.62,78.38,34.15,33.83,27.13,84.4,347.74,False
2022-06-30 00:00:00,0.0,30.77,66.03,77.68,33.92,33.75,28.49,75.76,348.56,False
2022-06-30 01:00:00,0.0,28.76,65.95,77.59,34.28,34.4,29.6,73.43,349.24,False
2022-06-30 02:00:00,0.0,26.89,65.87,77.49,34.48,33.46,31.48,74.53,350.38,False
2022-06-30 03:00:00,0.0,25.16,65.87,77.5,34.38,33.88,31.04,67.59,350.11,False
2022-06-30 04:00:00,0.0,23.75,65.81,77.43,34.06,33.7,31.94,60.25,350.66,False
2022-06-30 05:00:00,0.0,22.07,65.86,77.48,33.48,34.9,33.47,64.07,351.58,False
2022-06-30 06:00:00,0.0,20.54,65.56,77.13,35.39,34.27,32.64,64.27,351.08,False
2022-06-30 07:00:00,0.0,19.07,65.44,76.99,34.32,34.3,33.39,59.24,351.53,False
2022-06-30 08:00:00,0.0,18.07,65.34,76.87,35.73,34.56,33.42,68.54,351.55,False
2022-06-30 09:00:00,0.0,16.97,65.26,76.77,34.56,34.75,31.44,66.67,350.35,False
2022-06-30 10:00:00,0.0,15.88,65.09,76.58,35.51,34.76,31.16,71.66,350.18,False
2022-06-30 11:00:00,0.0,14.67,64.92,76.38,35.36,34.6,28.97,73.92,348.86,False
2022-06-30 12:00:00,0.0,13.31,64.72,76.14,35.58,35.82,28.95,75.42,348.85,False
2022-06-30 13:00:00,0.0,13.0,64.53,75.92,35.27,35.9,27.45,79.48,347.94,False
2022-06-30 14:00:00,0.0,12.13,64.29,75.64,35.6,35.84,26.53,83.13,347.38,False
2022-06-30 15:00:00,12.14,34.08,64.59,75.99,35.31,35.52,24.93,90.07,346.41,False
2022-06-30 16:00:00,0.0,32.27,64.73,76.16,35.38,35.35,23.61,89.83,345.61,False
2022-06-30 17:00:00,7.15,43.75,65.04,76.52,34.93,34.78,24.46,90.48,346.12,False
2022-06-30 18:00:00,0.0,41.42,65.23,76.74,34.61,34.54,22.76,90.13,345.09,False
2022-06-30 19:00:00,0.0,38.99,65.41,76.96,34.26,35.22,23.96,93.92,345.82,False
2022-06-30 20:00:00,0.0,36.47,65.7,77.3,34.01,34.55,25.17,93.05,346.55,False
2022-06-30 21:00:00,0.0,33.99,65.63,77.21,34.58,33.84,25.43,90.27,346.71,False
2022-06-30 22:00:00,84.47,184.33,68.27,80.31,31.45,31.55,27.42,85.98,347.92,False
2022-06-30 23:00:00,3.74,180.07,70.27,82.67,29.29,49.55,27.95,82.2,348.24,True
2022-07-01 00:00:00,0.0,169.45,72.13,84.86,27.93,28.02,28.11,75.57,348.33,False
2022-07-01 01:00:00,0.0,159.53,73.81,86.84,25.32,26.4,29.68,73.88,349.29,False
2022-07-01 02:00:00,0.0,150.07,74.79,87.99,25.21,24.61,30.72,69.63,349.92,False
2022-07-01 03:00:00,21.79,180.15,76.16,89.6,23.87,23.97,30.73,64.45,349.92,False
2022-07-01 04:00:00,0.0,169.65,77.34,90.99,22.88,23.1,31.83,67.99,350.59,False
2022-07-01 05:00:00,3.35,165.43,78.54,92.4,21.6,20.86,32.51,63.09,351.0,False
2022-07-01 06:00:00,0.0,155.54,79.61,93.66,19.88,21.08,31.78,66.39,350.56,False
2022-07-01 07:00:00,0.0,146.42,80.47,94.67,19.46,19.66,32.88,66.24,351.22,False
2022-07-01 08:00:00,0.0,137.62,81.2,95.53,19.06,18.84,32.25,66.99,350.84,False
2022-07-01 09:00:00,4.33,136.61,81.82,96.26,18.34,17.8,30.68,69.33,349.89,False
2022-07-01 10:00:00,2.24,132.75,82.4,96.95,17.28,17.34,30.99,69.77,350.08,False
2022-07-01 11:00:00,0.0,125.16,82.97,97.61,17.2,16.88,30.09,78.09,349.54,False
2022-07-01 12:00:00,0.0,117.11,83.32,98.03,17.04,16.11,28.64,78.09,348.65,False
2022-07-01 13:00:00,0.0,109.77,83.49,98.23,16.12,16.38,27.14,82.23,347.75,False
2022-07-01 14:00:00,0.0,103.79,83.59,98.34,15.63,16.06,26.6,83.7,347.42,False
2022-07-01 15:00:00,25.04,142.7,84.41,99.3,16.3,15.87,25.73,86.04,346.89,False
2022-07-01 16:00:00,0.0,134.13,85.0,100.0,15.13,13.78,24.79,91.08,346.32,False
2022-07-01 17:00:00,0.0,125.96,85.0,100.0,14.82,14.9,23.66,91.96,345.64,False
2022-07-01 18:00:00,1.38,120.58,85.0,100.0,14.8,14.61,24.17,90.42,345.94,False
2022-07-01 19:00:00,0.0,113.29,85.0,100.0,15.06,15.0,24.87,88.65,346.37,False
2022-07-01 20:00:00,0.0,106.79,85.0,100.0,15.42,15.94,24.24,87.58,345.99,False
2022-07-01 21:00:00,0.0,100.37,85.0,100.0,14.4,15.67,26.58,90.29,347.41,False
2022-07-01 22:00:00,0.0,94.53,84.92,99.9,14.92,14.89,25.93,83.77,347.02,False
2022-07-01 23:00:00,0.0,89.39,84.72,99.67,15.94,15.21,27.35,80.95,347.88,False
2022-07-02 00:00:00,0.0,83.85,84.41,99.31,15.92,15.25,28.1,80.9,348.33,False
2022-07-02 01:00:00,0.0,78.91,84.07,98.91,16.22,15.87,29.8,72.13,349.36,False
2022-07-02 02:00:00,0.0,74.48,83.62,98.37,16.55,16.68,29.7,69.55,349.3,False
2022-07-02 03:00:00,0.0,69.73,83.07,97.73,17.05,16.4,31.35,66.56,350.3,False
2022-07-02 04:00:00,0.0,65.6,82.45,97.0,17.36,18.17,31.74,69.11,350.54,False
2022-07-02 05:00:00,0.0,62.23,81.78,96.21,17.99,18.58,32.93,68.46,351.25,False
2022-07-02 06:00:00,0.0,58.39,81.05,95.36,19.27,19.29,33.6,65.5,351.66,False
2022-07-02 07:00:00,0.0,55.21,80.37,94.55,19.42,19.79,33.23,66.04,351.44,False
2022-07-02 08:00:00,0.0,51.85,79.43,93.45,20.68,20.2,30.97,64.71,350.07,False
2022-07-02 09:00:00,13.61,73.79,78.97,92.9,21.09,21.44,32.91,72.0,351.24,False
2022-07-02 10:00:00,0.0,68.87,78.47,92.31,22.41,21.4,30.93,71.54,350.04,False
2022-07-02 11:00:00,0.0,64.75,78.0,91.76,21.94,21.33,29.2,76.08,348.99,False
2022-07-02 12:00:00,0.0,60.42,77.35,91.0,23.12,22.69,28.59,77.79,348.63,False
2022-07-02 13:00:00,0.0,56.59,76.64,90.16,23.65,22.9,27.44,81.09,347.93,False
2022-07-02 14:00:00,0.0,52.98,75.87,89.26,24.08,23.89,25.85,88.33,346.97,False
2022-07-02 15:00:00,0.0,49.72,74.92,88.14,24.59,25.37,25.44,88.98,346.71,False
2022-07-02 16:00:00,0.0,46.38,74.1,87.18,25.88,25.85,24.24,93.03,345.99,False
2022-07-02 17:00:00,3.63,50.11,73.35,86.29,27.01,26.64,23.91,92.03,345.79,False
2022-07-02 18:00:00,0.0,47.24,72.56,85.36,26.95,27.91,23.59,90.3,345.59,False
2022-07-02 19:00:00,0.0,43.95,71.85,84.53,28.48,27.25,23.29,90.36,345.42,False
2022-07-02 20:00:00,0.0,41.12,71.43,84.04,29.1,29.02,24.69,90.33,346.26,False
2022-07-02 21:00:00,0.0,39.42,70.97,83.5,29.07,29.09,25.67,86.65,346.86,False
2022-07-02 22:00:00,0.0,37.15,70.65,83.11,29.72,29.33,26.56,82.79,347.39,False
2022-07-02 23:00:00,0.0,34.38,70.19,82.58,29.86,29.79,27.83,84.03,348.16,False
2022-07-03 00:00:00,0.0,31.89,69.65,81.94,30.58,30.61,28.69,76.91,348.69,False
2022-07-03 01:00:00,0.0,30.05,69.12,81.32,31.47,31.29,29.35,74.65,349.08,False
2022-07-03 02:00:00,0.0,28.27,68.55,80.64,30.83,31.36,31.25,71.59,350.24,False
2022-07-03 03:00:00,0.0,26.4,68.12,80.14,31.57,31.82,30.87,66.92,350.01,False
2022-07-03 04:00:00,2.96,30.81,67.82,79.79,32.68,32.43,31.86,68.78,350.61,False
2022-07-03 05:00:00,19.14,64.2,67.76,79.71,32.82,31.4,32.27,62.24,350.85,False
2022-07-03 06:00:00,0.0,60.27,67.64,79.58,31.79,32.32,33.65,64.52,351.69,False
2022-07-03 07:00:00,0.0,56.92,67.53,79.45,33.09,32.67,33.41,64.97,351.55,False
2022-07-03 08:00:00,0.0,53.78,67.37,79.26,31.6,32.43,32.69,65.77,351.11,False
2022-07-03 09:00:00,0.0,50.87,67.16,79.01,33.09,32.52,32.33,65.51,350.89,False
2022-07-03 10:00:00,0.0,47.63,66.94,78.75,33.15,33.0,30.22,72.74,349.61,False
2022-07-03 11:00:00,0.0,45.35,66.66,78.42,33.05,33.11,29.87,75.86,349.4,False
2022-07-03 12:00:00,0.0,42.61,66.26,77.95,33.47,33.64,28.42,76.65,348.53,False
2022-07-03 13:00:00,0.0,40.18,66.41,78.12,33.34,33.41,27.84,83.04,348.17,False
2022-07-03 14:00:00,0.0,37.77,66.16,77.83,33.76,34.47,26.18,85.75,347.17,False
2022-07-03 15:00:00,0.0,35.46,66.28,77.98,34.51,33.26,25.09,85.34,346.5,False
2022-07-03 16:00:00,11.63,54.34,66.71,78.49,33.62,33.62,24.93,88.42,346.41,False
2022-07-03 17:00:00,0.0,50.72,66.44,78.16,34.14,33.33,24.68,93.8,346.26,False
2022-07-03 18:00:00,17.69,78.93,66.72,78.49,33.15,33.41,23.6,92.62,345.6,False
2022-07-03 19:00:00,0.0,74.13,67.03,78.86,33.06,33.23,24.12,90.39,345.91,False
2022-07-03 20:00:00,0.0,69.42,67.23,79.1,32.34,33.38,23.97,88.41,345.82,False
2022-07-03 21:00:00,0.0,65.42,67.39,79.28,32.5,32.77,23.82,86.87,345.73,False
2022-07-03 22:00:00,0.0,61.63,67.32,79.2,32.46,32.52,26.37,84.11,347.28,False
2022-07-03 23:00:00,0.0,57.93,67.19,79.04,33.01,32.84,27.7,79.93,348.09,False
2022-07-04 00:00:00,0.0,54.9,67.19,79.05,32.52,33.57,28.66,74.52,348.67,False
2022-07-04 01:00:00,0.0,51.6,67.12,78.96,32.55,32.95,28.49,76.66,348.57,False
2022-07-04 02:00:00,0.0,48.07,66.9,78.71,33.26,32.58,30.54,72.94,349.81,False
2022-07-04 03:00:00,0.0,45.12,66.72,78.49,33.26,33.13,30.35,65.55,349.69,False
2022-07-04 04:00:00,0.0,42.76,66.34,78.04,33.38,33.5,33.22,66.15,351.43,False
2022-07-04 05:00:00,0.0,39.63,65.9,77.53,33.76,34.39,32.2,62.67,350.81,False
2022-07-04 06:00:00,0.0,37.23,65.95,77.59,33.77,33.56,33.75,63.48,351.75,False
2022-07-04 07:00:00,0.0,35.17,66.12,77.79,34.2,33.67,33.41,63.79,351.55,False
2022-07-04 08:00:00,0.0,33.85,66.27,77.96,33.9,33.82,31.86,65.02,350.61,False
2022-07-04 09:00:00,0.0,32.18,66.32,78.02,33.38,33.57,31.0,72.11,350.09,False
2022-07-04 10:00:00,0.0,30.29,65.76,77.37,33.95,34.27,30.96,70.12,350.06,False
2022-07-04 11:00:00,0.0,28.63,65.99,77.64,33.55,34.07,29.16,72.76,348.97,False
2022-07-04 12:00:00,76.19,163.48,68.26,80.3,31.59,31.83,28.56,76.47,348.61,False
2022-07-04 13:00:00,0.0,153.36,69.92,82.26,30.13,29.71,27.05,83.71,347.69,False
2022-07-04 14:00:00,0.0,144.35,71.32,83.9,28.33,29.0,25.18,81.7,346.56,False
2022-07-04 15:00:00,0.0,135.74,72.54,85.34,28.34,27.25,23.98,86.37,345.83,False
2022-07-04 16:00:00,0.0,127.68,73.14,86.05,27.11,26.85,24.74,93.02,346.29,False
2022-07-04 17:00:00,1.82,123.31,73.62,86.61,26.37,25.9,23.82,92.01,345.73,False
2022-07-04 18:00:00,0.0,115.91,73.91,86.95,26.12,26.11,23.67,92.38,345.64,False
2022-07-04 19:00:00,0.0,108.98,74.18,87.27,25.27,25.9,24.57,95.79,346.19,False
2022-07-04 20:00:00,0.0,102.13,74.44,87.58,25.08,25.57,25.31,90.62,346.64,False
2022-07-04 21:00:00,0.0,95.93,74.34,87.46,26.19,25.35,25.15,86.48,346.54,False
2022-07-04 22:00:00,0.0,89.8,74.23,87.33,26.42,26.22,26.05,84.44,347.08,False
2022-07-04 23:00:00,0.0,84.23,73.97,87.02,25.15,26.27,27.64,79.35,348.05,False
2022-07-05 00:00:00,0.0,79.53,73.58,86.56,26.61,26.37,27.69,80.51,348.08,False
2022-07-05 01:00:00,0.0,74.71,73.1,86.01,27.45,26.84,29.8,75.53,349.36,False
2022-07-05 02:00:00,0.0,70.4,72.77,85.61,27.1,26.94,31.08,73.25,350.14,False
2022-07-05 03:00:00,0.0,66.21,72.08,84.8,28.52,27.67,32.09,70.53,350.75,False
2022-07-05 04:00:00,0.0,62.12,72.16,84.89,28.15,28.42,31.24,65.05,350.23,False
2022-07-05 05:00:00,0.0,58.09,72.06,84.78,28.12,27.8,32.39,62.59,350.93,False
2022-07-05 06:00:00,0.0,54.49,72.11,84.84,27.79,28.99,32.47,63.9,350.98,False
2022-07-05 07:00:00,0.0,51.27,71.94,84.64,28.09,27.59,32.91,62.73,351.24,False
2022-07-05 08:00:00,0.0,48.37,71.72,84.38,28.1,28.43,32.69,66.21,351.11,False
2022-07-05 09:00:00,0.0,45.51,71.6,84.24,28.51,28.49,32.58,70.36,351.04,False
2022-07-05 10:00:00,0.4,43.69,71.4,84.0,28.7,28.61,30.45,70.66,349.75,False
2022-07-05 11:00:00,0.0,40.61,71.12,83.68,28.7,28.24,29.37,74.68,349.1,False
2022-07-05 12:00:00,0.0,38.44,70.83,83.33,28.39,28.62,29.19,77.81,348.99,False
2022-07-05 13:00:00,0.0,35.79,70.34,82.75,29.58,29.74,27.51,83.23,347.97,False
2022-07-05 14:00:00,0.0,33.94,69.96,82.31,29.63,29.63,27.01,83.66,347.67,False
2022-07-05 15:00:00,0.0,32.05,69.48,81.74,30.07,31.0,25.49,83.51,346.75,False
2022-07-05 16:00:00,0.0,29.57,69.0,81.18,30.72,30.91,23.91,91.07,345.79,False
2022-07-05 17:00:00,0.0,28.02,68.51,80.6,31.82,31.59,23.35,93.5,345.45,False
2022-07-05 18:00:00,0.0,26.63,67.87,79.84,31.69,32.12,23.07,92.89,345.28,False
2022-07-05 19:00:00,0.0,25.41,67.34,79.22,32.31,32.64,24.55,90.24,346.18,False
2022-07-05 20:00:00,0.0,23.66,66.72,78.49,33.57,33.89,25.32,87.85,346.64,False
2022-07-05 21:00:00,0.0,22.29,65.99,77.63,33.71,34.45,26.43,88.89,347.32,False
2022-07-05 22:00:00,0.0,21.16,65.89,77.52,33.66,34.17,26.76,85.28,347.51,False
2022-07-05 23:00:00,0.0,20.11,65.79,77.4,34.54,34.48,28.03,81.37,348.29,False
2022-07-06 00:00:00,0.0,19.03,65.71,77.31,34.24,34.76,28.15,81.64,348.36,False
2022-07-06 01:00:00,0.0,17.76,65.38,76.91,34.65,34.39,28.97,72.48,348.86,False
2022-07-06 02:00:00,0.0,16.99,65.25,76.76,34.66,34.13,31.26,74.55,350.24,False
2022-07-06 03:00:00,0.0,16.27,65.04,76.52,35.13,35.18,31.93,68.16,350.65,False
2022-07-06 04:00:00,0.0,15.25,64.92,76.38,35.36,35.58,32.46,62.2,350.97,False
2022-07-06 05:00:00,0.0,14.1,64.71,76.13,35.24,34.6,33.08,64.12,351.35,False
2022-07-06 06:00:00,0.32,13.61,64.47,75.85,34.93,35.28,33.19,65.92,351.42,False
2022-07-06 07:00:00,0.0,13.21,64.24,75.58,35.88,35.66,33.62,63.75,351.67,False
2022-07-06 08:00:00,0.0,12.7,64.04,75.34,35.83,35.57,33.17,62.93,351.4,False
2022-07-06 09:00:00,8.61,27.44,64.13,75.44,36.21,35.81,32.01,67.77,350.7,False
2022-07-06 10:00:00,20.63,62.86,64.66,76.08,34.98,34.89,31.26,69.29,350.24,False
2022-07-06 11:00:00,0.0,58.56,65.17,76.67,34.7,34.7,29.97,75.36,349.46,False
2022-07-06 12:00:00,0.0,55.02,65.77,77.37,33.64,34.51,28.22,79.55,348.4,False
2022-07-06 13:00:00,0.0,51.36,66.15,77.83,34.16,33.02,27.79,79.51,348.14,False
2022-07-06 14:00:00,34.96,111.25,67.6,79.53,32.89,31.98,25.41,83.59,346.7,False
2022-07-06 15:00:00,0.0,104.93,68.25,80.29,31.56,32.31,25.95,89.41,347.03,False
2022-07-06 16:00:00,0.0,98.34,68.75,80.88,31.17,30.92,23.89,88.41,345.78,False
2022-07-06 17:00:00,32.07,150.25,70.17,82.55,29.51,28.79,24.32,89.36,346.04,False
2022-07-06 18:00:00,0.0,141.53,71.47,84.09,28.24,28.59,23.49,89.64,345.54,False
2022-07-06 19:00:00,9.55,150.31,73.06,85.96,27.21,26.91,24.49,92.23,346.14,False
2022-07-06 20:00:00,0.0,141.13,73.87,86.9,25.93,26.19,24.58,90.74,346.2,False
2022-07-06 21:00:00,0.0,132.67,74.28,87.39,25.91,25.74,24.36,86.53,346.06,False
2022-07-06 22:00:00,0.0,124.99,74.68,87.86,25.31,25.82,26.5,85.01,347.36,False
2022-07-06 23:00:00,5.18,126.89,75.21,88.49,25.09,24.5,26.99,84.68,347.66,False
2022-07-07 00:00:00,0.0,119.27,75.55,88.89,24.29,24.41,29.03,76.05,348.89,False
2022-07-07 01:00:00,0.0,112.46,75.91,89.3,24.53,23.92,29.67,70.47,349.28,False
2022-07-07 02:00:00,0.0,105.87,76.09,89.51,24.66,24.18,30.99,71.91,350.08,False
2022-07-07 03:00:00,0.0,99.16,76.08,89.5,23.24,24.23,31.11,67.88,350.15,False
2022-07-07 04:00:00,29.42,146.35,76.86,90.43,23.1,23.29,32.04,64.46,350.72,False
2022-07-07 05:00:00,0.0,137.86,77.52,91.2,22.45,23.34,32.57,65.78,351.04,False
2022-07-07 06:00:00,0.0,129.21,77.96,91.72,21.75,22.26,33.51,65.68,351.61,False
2022-07-07 07:00:00,9.27,137.46,78.69,92.57,21.47,21.81,33.85,60.06,351.81,False
2022-07-07 08:00:00,0.0,128.9,79.26,93.24,21.19,20.39,31.91,64.57,350.64,False
2022-07-07 09:00:00,2.63,125.87,79.75,93.82,19.46,19.97,32.33,72.74,350.89,False
2022-07-07 10:00:00,0.0,118.62,80.11,94.24,19.07,20.69,29.45,72.17,349.15,False
2022-07-07 11:00:00,0.0,111.24,80.24,94.4,20.42,19.22,28.95,75.73,348.84,False
2022-07-07 12:00:00,0.0,104.73,80.39,94.57,19.52,19.92,27.92,80.35,348.22,False
2022-07-07 13:00:00,0.0,97.58,80.38,94.57,19.65,20.13,26.52,81.66,347.37,False
2022-07-07 14:00:00,0.0,91.78,80.43,94.63,19.14,20.04,25.3,86.59,346.63,False
2022-07-07 15:00:00,0.0,86.15,80.12,94.26,19.89,19.24,25.57,89.34,346.79,False
2022-07-07 16:00:00,0.0,81.61,79.79,93.87,20.76,20.07,24.47,91.2,346.13,False
2022-07-07 17:00:00,48.91,164.19,80.76,95.01,19.44,19.49,24.38,90.88,346.07,False
2022-07-07 18:00:00,0.0,154.34,81.67,96.08,18.41,18.63,24.41,92.34,346.1,False
2022-07-07 19:00:00,0.0,144.51,82.3,96.82,16.99,17.7,24.31,90.35,346.03,False
2022-07-07 20:00:00,0.0,135.67,83.02,97.67,17.28,16.71,25.0,90.15,346.45,False
2022-07-07 21:00:00,0.0,127.02,83.58,98.33,16.42,16.31,25.28,85.56,346.62,False
2022-07-07 22:00:00,23.7,162.74,84.64,99.58,15.12,15.11,25.54,83.42,346.78,False
2022-07-07 23:00:00,0.0,152.87,85.0,100.0,15.26,14.5,27.97,81.06,348.25,False
2022-07-08 00:00:00,0.0,143.64,85.0,100.0,14.66,14.88,28.15,76.11,348.36,False
2022-07-08 01:00:00,0.0,135.01,85.0,100.0,15.22,15.74,29.1,73.37,348.94,False
2022-07-08 02:00:00,0.0,126.57,85.0,100.0,15.49,14.89,30.64,70.67,349.87,False
2022-07-08 03:00:00,0.0,119.29,85.0,100.0,15.06,14.39,31.13,68.91,350.17,False
2022-07-08 04:00:00,0.0,112.32,85.0,100.0,14.83,14.86,32.15,67.77,350.78,False
2022-07-08 05:00:00,0.0,105.86,85.0,100.0,14.77,15.69,33.05,63.55,351.33,False
2022-07-08 06:00:00,0.0,99.14,85.0,100.0,15.15,14.36,33.21,66.67,351.42,False
2022-07-08 07:00:00,0.0,93.53,84.88,99.86,14.95,15.12,32.31,66.35,350.88,False
2022-07-08 08:00:00,15.1,115.41,85.0,100.0,15.95,15.3,32.1,66.88,350.76,False
2022-07-08 09:00:00,0.0,108.42,85.0,100.0,14.43,14.54,32.33,68.41,350.89,False
2022-07-08 10:00:00,0.0,102.18,85.0,100.0,14.95,15.08,31.05,71.64,350.11,False
2022-07-08 11:00:00,0.0,96.13,85.0,100.0,15.11,14.63,30.91,76.75,350.03,False
2022-07-08 12:00:00,0.0,89.89,84.86,99.84,15.2,14.65,29.21,80.45,349.0,False
2022-07-08 13:00:00,0.0,84.44,84.68,99.63,15.09,15.56,28.02,84.29,348.28,False
2022-07-08 14:00:00,0.0,79.23,84.3,99.18,16.19,16.43,25.42,85.08,346.7,False
2022-07-08 15:00:00,0.0,74.5,83.87,98.68,16.39,15.97,25.78,89.01,346.92,False
2022-07-08 16:00:00,0.0,70.34,83.4,98.12,16.89,16.83,24.57,92.81,346.19,False
2022-07-08 17:00:00,0.0,65.62,82.81,97.42,16.93,17.39,23.82,90.28,345.74,False
2022-07-08 18:00:00,0.0,61.55,82.29,96.82,17.55,17.78,24.1,91.36,345.91,False
2022-07-08 19:00:00,0.0,57.61,81.55,95.94,18.64,18.17,24.72,91.56,346.28,False
2022-07-08 20:00:00,0.0,53.92,80.77,95.02,18.79,18.83,24.9,91.92,346.39,False
2022-07-08 21:00:00,0.0,50.44,80.07,94.21,20.19,19.61,24.79,89.73,346.32,False
2022-07-08 22:00:00,0.0,47.43,79.32,93.32,20.64,20.61,26.7,84.54,347.48,False
2022-07-08 23:00:00,0.0,44.75,78.55,92.41,21.87,21.28,26.95,78.61,347.63,False
2022-07-09 00:00:00,0.0,42.17,77.46,91.13,22.37,22.08,28.63,78.49,348.65,False
2022-07-09 01:00:00,0.0,39.69,76.5,90.0,24.23,23.42,29.48,72.54,349.17,False
2022-07-09 02:00:00,0.0,37.5,75.49,88.81,24.67,24.25,30.62,68.02,349.85,False
2022-07-09 03:00:00,0.0,35.96,74.41,87.54,25.8,25.82,32.14,65.57,350.78,False
2022-07-09 04:00:00,0.0,33.84,73.36,86.3,26.37,26.49,31.77,66.53,350.55,False
2022-07-09 05:00:00,0.0,32.12,72.23,84.97,27.88,28.11,34.01,67.2,351.91,False
2022-07-09 06:00:00,0.0,30.48,71.75,84.41,28.03,28.35,31.91,64.08,350.64,False
2022-07-09 07:00:00,16.7,59.25,72.01,84.71,27.38,27.8,32.49,64.9,350.99,False
2022-07-09 08:00:00,0.0,55.86,71.96,84.66,27.96,27.97,32.62,68.24,351.07,False
2022-07-09 09:00:00,0.0,52.25,71.86,84.54,28.6,28.08,32.03,65.01,350.71,False
2022-07-09 10:00:00,0.0,49.21,71.75,84.41,28.23,28.32,30.69,72.04,349.9,False
2022-07-09 11:00:00,0.0,46.33,71.53,84.16,28.35,28.61,29.63,74.35,349.26,False
2022-07-09 12:00:00,0.0,43.8,71.18,83.74,28.7,28.64,28.75,79.13,348.72,False
2022-07-09 13:00:00,0.0,40.91,70.73,83.21,30.17,29.18,27.2,80.66,347.78,False
2022-07-09 14:00:00,0.0,38.83,70.37,82.79,29.87,29.67,27.09,83.36,347.71,False
2022-07-09 15:00:00,0.0,36.5,69.96,82.3,29.41,28.86,25.82,88.18,346.95,False
2022-07-09 16:00:00,0.0,34.57,69.38,81.62,30.41,30.84,25.13,93.42,346.53,False
2022-07-09 17:00:00,0.0,32.59,69.05,81.24,30.79,30.57,23.57,93.24,345.59,False
2022-07-09 18:00:00,0.0,30.67,68.57,80.67,31.14,31.31,23.95,90.98,345.82,False
2022-07-09 19:00:00,0.0,28.9,68.17,80.2,31.86,31.56,23.97,88.84,345.83,False
2022-07-09 20:00:00,0.0,27.36,67.44,79.35,32.33,32.85,24.0,86.76,345.84,False
2022-07-09 21:00:00,0.0,26.31,67.0,78.82,32.8,33.41,25.53,90.53,346.77,False
2022-07-09 22:00:00,0.0,24.13,66.36,78.07,33.7,33.59,25.93,83.09,347.01,False
2022-07-09 23:00:00,0.0,22.84,65.84,77.46,33.54,34.12,27.73,80.97,348.1,False
2022-07-10 00:00:00,31.62,78.4,66.73,78.5,32.41,33.26,27.86,80.64,348.18,False
2022-07-10 01:00:00,0.0,73.64,66.99,78.81,33.51,33.0,30.7,71.15,349.9,False
2022-07-10 02:00:00,0.0,68.51,67.17,79.02,33.16,33.23,30.21,73.98,349.61,False
2022-07-10 03:00:00,0.0,64.58,67.21,79.07,32.94,33.99,31.81,67.59,350.58,False
2022-07-10 04:00:00,0.0,60.66,67.17,79.03,32.95,32.76,32.87,63.58,351.22,False
2022-07-10 05:00:00,0.0,56.77,67.09,78.93,32.84,33.14,32.5,63.98,351.0,False
2022-07-10 06:00:00,0.0,53.38,66.86,78.66,34.35,32.8,33.51,62.55,351.61,False
2022-07-10 07:00:00,0.0,50.09,66.66,78.42,33.42,33.04,32.11,65.36,350.76,False
2022-07-10 08:00:00,0.0,46.56,66.38,78.09,34.67,33.21,33.27,64.58,351.46,False
2022-07-10 09:00:00,0.0,43.79,65.99,77.63,34.84,34.55,31.69,64.28,350.5,False
2022-07-10 10:00:00,0.0,41.34,66.27,77.97,33.91,34.01,30.39,70.56,349.72,False
2022-07-10 11:00:00,7.18,51.62,66.69,78.46,33.22,33.15,29.49,71.66,349.17,False
2022-07-10 12:00:00,0.0,48.6,66.52,78.26,33.48,33.56,28.99,78.41,348.87,False
2022-07-10 13:00:00,26.77,93.9,67.14,78.99,32.69,33.16,26.98,79.25,347.65,False
2022-07-10 14:00:00,0.0,88.58,67.6,79.53,32.58,32.88,25.8,84.02,346.94,False
2022-07-10 15:00:00,0.0,83.23,67.91,79.9,32.36,32.25,25.19,88.26,346.56,False
2022-07-10 16:00:00,19.2,113.04,68.82,80.97,30.69,31.21,23.9,89.7,345.78,False
2022-07-10 17:00:00,0.0,106.16,69.36,81.6,31.69,31.17,25.25,92.02,346.6,False
2022-07-10 18:00:00,0.0,100.38,70.02,82.38,29.67,29.54,23.66,93.36,345.64,False
2022-07-10 19:00:00,0.0,94.23,70.65,83.12,28.27,28.58,24.65,89.21,346.24,False
2022-07-10 20:00:00,0.0,88.37,71.21,83.78,28.76,29.29,24.73,90.0,346.29,False
2022-07-10 21:00:00,0.0,83.04,71.55,84.18,27.99,28.27,24.73,81.24,346.28,False
2022-07-10 22:00:00,34.21,139.41,72.7,85.53,27.28,27.84,26.25,85.49,347.21,False
2022-07-10 23:00:00,0.0,130.67,73.02,85.91,27.0,27.74,27.81,81.02,348.15,False
2022-07-11 00:00:00,0.0,123.05,73.49,86.45,26.69,27.26,28.39,76.03,348.5,False
2022-07-11 01:00:00,0.0,114.75,73.73,86.74,26.67,25.07,30.38,75.01,349.71,False
2022-07-11 02:00:00,1.65,110.61,74.09,87.17,25.5,26.23,31.36,73.35,350.31,False
2022-07-11 03:00:00,12.95,126.87,74.46,87.6,25.4,25.34,32.23,67.15,350.83,False
2022-07-11 04:00:00,2.81,124.36,74.92,88.14,25.36,24.82,32.12,63.99,350.77,False
2022-07-11 05:00:00,0.0,116.24,75.35,88.64,24.39,24.8,32.2,64.81,350.81,False
2022-07-11 06:00:00,0.0,109.43,75.55,88.88,23.7,24.2,32.63,61.33,351.07,False
2022-07-11 07:00:00,4.87,111.82,75.64,88.99,24.6,24.66,32.96,63.16,351.28,False
2022-07-11 08:00:00,0.0,104.62,75.97,89.37,23.81,24.56,32.72,68.32,351.13,False
2022-07-11 09:00:00,0.0,98.4,76.1,89.52,23.65,23.82,30.38,68.22,349.71,False
2022-07-11 10:00:00,3.81,99.51,76.1,89.52,23.95,24.05,30.75,67.24,349.93,False
2022-07-11 11:00:00,0.0,93.82,76.08,89.51,23.92,23.73,29.76,70.78,349.33,False
2022-07-11 12:00:00,0.0,87.75,75.97,89.38,24.43,24.21,28.33,78.32,348.47,False
2022-07-11 13:00:00,0.0,82.01,75.75,89.12,99.0,24.82,28.11,83.35,348.33,True
2022-07-11 14:00:00,0.0,77.54,75.29,88.58,25.61,24.87,26.5,81.76,347.36,False
2022-07-11 15:00:00,0.0,72.64,74.89,88.11,24.54,25.06,26.1,88.8,347.12,False
2022-07-11 16:00:00,0.0,68.12,74.5,87.65,25.34,26.02,24.47,92.79,346.13,False
2022-07-11 17:00:00,0.0,64.22,73.97,87.03,99.0,25.86,24.72,95.3,346.28,True
2022-07-11 18:00:00,7.26,73.09,73.58,86.57,26.44,26.26,24.98,92.66,346.44,False
2022-07-11 19:00:00,0.0,68.63,73.04,85.93,26.96,26.69,24.94,92.54,346.41,False
2022-07-11 20:00:00,0.0,64.78,72.41,85.19,27.66,26.96,23.95,85.86,345.81,False
2022-07-11 21:00:00,0.0,60.46,71.65,84.3,28.45,28.0,25.17,92.1,346.55,False
2022-07-11 22:00:00,0.0,56.69,71.66,84.3,28.86,28.36,26.04,83.85,347.08,False
2022-07-11 23:00:00,0.0,52.95,71.52,84.14,28.54,28.57,27.63,79.76,348.04,False
2022-07-12 00:00:00,0.0,49.54,71.24,83.81,29.31,28.37,28.91,77.49,348.82,False
2022-07-12 01:00:00,0.0,46.92,71.1,83.65,28.2,28.69,29.16,77.4,348.97,False
2022-07-12 02:00:00,0.0,44.53,70.8,83.29,28.33,28.45,30.79,75.42,349.96,False
2022-07-12 03:00:00,0.0,41.93,70.43,82.86,29.62,30.45,30.47,68.35,349.76,False
2022-07-12 04:00:00,0.0,39.58,70.05,82.41,30.08,30.54,33.26,67.87,351.46,False
2022-07-12 05:00:00,6.55,49.15,69.85,82.18,29.94,29.86,32.54,64.56,351.02,False
2022-07-12 06:00:00,0.0,46.0,69.65,81.95,30.34,30.4,33.03,61.92,351.32,False
2022-07-12 07:00:00,0.0,43.31,69.31,81.54,31.12,30.34,32.66,67.43,351.09,False
2022-07-12 08:00:00,0.0,40.32,69.06,81.25,31.21,31.35,33.08,64.63,351.35,False
2022-07-12 09:00:00,0.0,37.62,68.72,80.85,31.14,31.53,29.98,71.17,349.47,False
2022-07-12 10:00:00,0.0,35.33,68.27,80.32,31.81,31.2,30.74,73.6,349.93,False
2022-07-12 11:00:00,10.84,52.41,68.13,80.16,32.17,31.48,29.6,75.6,349.24,False
2022-07-12 12:00:00,0.0,48.88,67.91,79.9,31.59,32.06,28.23,81.66,348.41,False
2022-07-12 13:00:00,0.0,45.73,67.68,79.62,32.0,32.87,28.37,86.09,348.49,False
2022-07-12 14:00:00,0.0,43.33,67.52,79.44,32.84,32.32,25.72,84.65,346.88,False
2022-07-12 15:00:00,5.65,51.38,67.35,79.23,31.96,33.18,25.78,86.28,346.92,False
2022-07-12 16:00:00,0.0,48.29,67.17,79.02,32.4,32.96,24.82,86.4,346.34,False
2022-07-12 17:00:00,0.0,45.56,66.87,78.67,32.64,32.8,24.91,96.01,346.4,False
2022-07-12 18:00:00,0.0,42.66,66.62,78.38,33.74,33.21,23.6,91.12,345.6,False
2022-07-12 19:00:00,0.0,39.48,66.3,78.0,33.26,33.95,23.71,93.79,345.67,False
2022-07-12 20:00:00,0.0,36.84,66.02,77.68,34.29,34.31,25.26,88.64,346.61,False
2022-07-12 21:00:00,0.0,34.54,66.09,77.76,33.77,34.28,25.57,90.98,346.8,False
2022-07-12 22:00:00,0.0,32.51,66.25,77.94,34.46,33.84,25.32,83.6,346.65,False
2022-07-12 23:00:00,0.0,30.53,66.42,78.14,33.63,33.76,27.01,79.24,347.67,False
2022-07-13 00:00:00,0.0,28.61,65.86,77.49,34.56,35.04,28.73,77.58,348.71,False
2022-07-13 01:00:00,0.0,26.72,65.86,77.48,34.33,35.11,30.17,73.31,349.58,False
2022-07-13 02:00:00,0.0,25.22,65.85,77.47,33.97,34.17,30.34,72.19,349.69,False
2022-07-13 03:00:00,0.0,23.3,65.78,77.39,34.21,33.51,29.93,68.0,349.44,False
2022-07-13 04:00:00,0.0,22.14,65.73,77.32,34.28,34.33,32.71,67.13,351.12,False
2022-07-13 05:00:00,0.0,20.64,65.68,77.28,34.13,34.36,32.11,63.89,350.76,False
2022-07-13 06:00:00,0.0,20.02,65.57,77.14,34.79,33.93,31.79,62.67,350.56,False
2022-07-13 07:00:00,0.0,18.73,65.43,76.98,35.57,34.62,31.15,63.31,350.18,False
2022-07-13 08:00:00,0.0,17.46,65.3,76.83,34.74,34.28,32.89,69.97,351.23,False
2022-07-13 09:00:00,0.0,16.24,65.1,76.59,35.18,35.05,31.76,68.55,350.55,False
2022-07-13 10:00:00,10.22,33.52,65.19,76.7,35.02,35.05,30.61,67.03,349.85,False
2022-07-13 11:00:00,7.88,45.87,65.45,76.99,33.51,34.77,30.5,73.34,349.78,False
2022-07-13 12:00:00,0.0,43.11,65.72,77.32,34.48,34.68,28.88,78.19,348.8,False
2022-07-13 13:00:00,0.0,40.82,66.0,77.64,34.18,34.19,28.31,85.31,348.45,False
2022-07-13 14:00:00,0.0,38.51,66.18,77.85,33.32,34.14,25.41,87.06,346.7,False
2022-07-13 15:00:00,0.0,36.21,66.28,77.97,33.01,34.24,25.3,86.06,346.63,False
2022-07-13 16:00:00,0.0,34.15,66.4,78.12,33.77,33.42,23.63,94.96,345.62,False
2022-07-13 17:00:00,0.0,32.46,65.97,77.61,34.69,33.97,24.02,91.46,345.85,False
2022-07-13 18:00:00,0.0,30.71,66.05,77.71,33.8,33.8,23.85,94.49,345.75,False
2022-07-13 19:00:00,0.0,28.95,66.28,77.97,33.59,33.43,24.53,89.21,346.16,False
2022-07-13 20:00:00,0.0,27.34,66.24,77.93,34.69,33.64,24.63,85.33,346.23,False
2022-07-13 21:00:00,0.0,25.35,66.21,77.89,34.15,34.13,25.69,85.08,346.87,False
2022-07-13 22:00:00,0.0,24.6,66.24,77.93,33.27,34.05,26.67,78.5,347.46,False
2022-07-13 23:00:00,0.0,23.28,66.13,77.8,33.58,33.19,28.63,85.85,348.65,False
2022-07-14 00:00:00,0.0,22.08,66.22,77.9,34.66,34.47,28.31,78.43,348.46,False
2022-07-14 01:00:00,33.32,80.72,67.12,78.97,32.61,33.22,29.1,72.53,348.93,False
2022-07-14 02:00:00,0.0,75.19,67.42,79.32,32.37,32.67,30.9,71.91,350.02,False
2022-07-14 03:00:00,0.0,70.6,67.6,79.53,32.67,31.85,31.2,68.48,350.21,False
2022-07-14 04:00:00,0.0,66.39,67.79,79.75,32.11,31.74,33.29,67.12,351.47,False
2022-07-14 05:00:00,0.0,62.16,67.74,79.69,32.44,32.86,32.68,66.9,351.1,False
2022-07-14 06:00:00,0.0,58.18,67.83,79.8,32.28,32.57,32.66,63.42,351.09,False
2022-07-14 07:00:00,0.0,54.59,67.76,79.72,32.18,32.69,32.56,62.72,351.03,False
2022-07-14 08:00:00,11.27,71.83,68.01,80.01,32.47,31.94,32.83,67.53,351.19,False
2022-07-14 09:00:00,10.96,87.63,68.41,80.48,31.08,32.11,31.59,69.71,350.44,False
2022-07-14 10:00:00,0.0,82.42,68.81,80.96,31.23,30.64,30.36,71.2,349.7,False
2022-07-14 11:00:00,23.12,118.92,69.72,82.02,30.05,29.79,30.66,78.73,349.88,False
2022-07-14 12:00:00,0.0,111.67,70.67,83.14,29.98,29.73,27.99,77.12,348.26,False
2022-07-14 13:00:00,0.0,105.0,71.32,83.9,28.61,28.31,27.36,79.82,347.88,False
2022-07-14 14:00:00,0.0,98.77,71.98,84.68,28.79,28.01,26.64,85.84,347.44,False
2022-07-14 15:00:00,0.0,92.97,72.5,85.29,27.34,26.79,24.34,86.55,346.05,False
2022-07-14 16:00:00,0.0,87.26,72.19,84.92,27.86,26.68,24.89,91.12,346.38,False
2022-07-14 17:00:00,0.0,82.18,72.48,85.27,27.96,27.11,23.52,89.86,345.55,False
2022-07-14 18:00:00,0.0,77.39,72.17,84.9,27.45,27.68,24.49,91.2,346.14,False
2022-07-14 19:00:00,0.0,72.63,72.3,85.06,28.3,27.33,23.58,95.3,345.59,False
2022-07-14 20:00:00,0.0,67.75,71.74,84.4,28.27,28.51,25.02,89.31,346.46,False
2022-07-14 21:00:00,0.0,63.42,71.83,84.5,28.34,28.58,25.98,86.3,347.04,False
2022-07-14 22:00:00,0.0,60.09,71.9,84.59,28.32,28.34,26.77,87.34,347.52,False
2022-07-14 23:00:00,0.0,55.97,71.89,84.57,28.08,27.65,27.49,79.52,347.96,False
2022-07-15 00:00:00,10.38,71.69,72.08,84.8,27.6,28.13,28.36,76.61,348.49,False
2022-07-15 01:00:00,0.0,66.87,72.21,84.95,27.83,27.3,29.32,75.53,349.07,False
2022-07-15 02:00:00,0.0,62.63,72.26,85.02,26.93,28.48,31.63,72.88,350.47,False
2022-07-15 03:00:00,2.32,62.94,71.59,84.22,27.89,28.43,31.26,70.54,350.24,False
2022-07-15 04:00:00,0.0,59.7,71.61,84.24,28.34,28.05,31.77,64.38,350.56,False
2022-07-15 05:00:00,0.0,56.12,71.46,84.07,29.16,28.56,33.25,65.67,351.45,False
2022-07-15 06:00:00,0.0,52.69,71.39,83.98,29.22,28.68,32.52,63.07,351.01,False
2022-07-15 07:00:00,27.16,98.13,72.03,84.74,28.36,28.25,32.28,63.27,350.86,False
2022-07-15 08:00:00,0.0,92.4,72.4,85.18,26.98,26.85,31.53,68.28,350.41,False
2022-07-15 09:00:00,24.89,131.5,73.03,85.92,27.09,26.69,31.39,67.0,350.32,False
2022-07-15 10:00:00,0.0,123.54,73.41,86.36,26.25,26.79,30.7,71.56,349.9,False
2022-07-15 11:00:00,41.69,191.07,74.9,88.12,25.07,25.41,29.81,74.69,349.37,False
2022-07-15 12:00:00,17.75,211.76,76.87,90.43,23.51,24.44,29.07,75.86,348.92,False
2022-07-15 13:00:00,0.0,199.28,78.54,92.4,21.73,22.01,27.65,83.56,348.06,False
2022-07-15 14:00:00,0.0,187.06,80.06,94.19,20.45,19.66,26.14,86.12,347.14,False
2022-07-15 15:00:00,0.0,175.65,81.3,95.64,18.14,19.41,25.2,83.93,346.57,False
2022-07-15 16:00:00,38.34,233.91,83.62,98.38,15.97,16.61,24.91,90.68,346.39,False
2022-07-15 17:00:00,0.0,219.93,85.0,100.0,15.6,15.55,24.92,89.98,346.4,False
2022-07-15 18:00:00,0.0,207.01,85.0,100.0,15.61,15.19,24.08,94.19,345.89,False
2022-07-15 19:00:00,0.0,194.65,85.0,100.0,14.99,15.57,23.87,88.63,345.77,False
2022-07-15 20:00:00,0.0,182.31,85.0,100.0,14.99,15.43,24.01,89.41,345.85,False
2022-07-15 21:00:00,0.0,171.6,85.0,100.0,15.47,15.22,24.45,88.62,346.12,False
2022-07-15 22:00:00,0.0,160.9,85.0,100.0,15.21,14.82,26.65,85.11,347.45,False
2022-07-15 23:00:00,0.0,151.03,85.0,100.0,15.24,14.82,27.68,83.15,348.08,False
2022-07-16 00:00:00,0.0,142.03,85.0,100.0,14.63,14.62,28.85,74.96,348.78,False
2022-07-16 01:00:00,0.0,133.48,85.0,100.0,15.46,14.97,29.59,77.68,349.23,False
2022-07-16 02:00:00,0.0,125.73,85.0,100.0,14.92,15.44,31.59,72.05,350.45,False
2022-07-16 03:00:00,0.0,118.01,85.0,100.0,14.44,15.23,31.39,70.82,350.32,False
2022-07-16 04:00:00,0.0,110.64,85.0,100.0,14.69,14.69,32.97,67.62,351.28,False
2022-07-16 05:00:00,0.0,103.9,85.0,100.0,14.76,15.39,32.82,64.45,351.19,False
2022-07-16 06:00:00,0.0,97.96,84.96,99.95,15.63,14.57,32.63,61.43,351.08,False
2022-07-16 07:00:00,9.21,108.86,85.0,100.0,14.72,15.13,33.2,63.35,351.42,False
2022-07-16 08:00:00,0.0,102.35,85.0,100.0,15.15,15.56,32.64,69.05,351.08,False
2022-07-16 09:00:00,0.0,96.61,84.94,99.93,14.22,14.59,31.9,70.87,350.63,False
2022-07-16 10:00:00,0.0,91.15,84.81,99.77,15.57,15.26,30.8,69.76,349.96,False
2022-07-16 11:00:00,0.0,85.92,84.62,99.56,15.06,15.1,29.64,68.74,349.26,False
2022-07-16 12:00:00,0.0,80.41,84.47,99.38,15.68,16.18,29.93,77.57,349.44,False
2022-07-16 13:00:00,0.0,75.82,84.02,98.85,16.14,16.88,28.05,81.05,348.3,False
2022-07-16 14:00:00,0.0,71.21,83.58,98.33,16.68,16.64,26.68,84.5,347.47,False
2022-07-16 15:00:00,0.0,66.82,83.11,97.78,17.02,17.24,25.39,88.96,346.68,False
2022-07-16 16:00:00,0.0,62.61,82.46,97.01,18.31,18.09,25.21,91.88,346.58,False
2022-07-16 17:00:00,0.0,58.8,81.62,96.02,18.46,18.69,24.46,93.5,346.13,False
2022-07-16 18:00:00,0.0,55.08,80.74,94.99,20.16,18.93,24.02,92.89,345.85,False
2022-07-16 19:00:00,0.76,53.21,79.81,93.9,20.44,20.01,23.97,87.92,345.83,False
2022-07-16 20:00:00,0.0,49.96,79.13,93.09,20.98,20.69,24.55,89.44,346.18,False
2022-07-16 21:00:00,0.0,47.03,78.32,92.14,22.03,20.98,23.42,92.51,345.49,False
2022-07-16 22:00:00,0.0,44.37,77.48,91.16,22.6,22.91,26.38,85.75,347.28,False
2022-07-16 23:00:00,0.0,41.62,76.61,90.13,23.57,22.88,27.04,82.36,347.69,False
2022-07-17 00:00:00,19.16,73.39,76.15,89.59,23.99,24.18,29.46,78.72,349.15,False
2022-07-17 01:00:00,23.63,110.91,76.54,90.05,23.55,23.16,29.68,75.21,349.28,False
2022-07-17 02:00:00,0.0,104.49,76.67,90.2,24.17,23.24,30.04,66.23,349.5,False
2022-07-17 03:00:00,0.0,98.24,76.66,90.19,24.24,23.56,31.65,67.62,350.48,False
2022-07-17 04:00:00,8.19,107.04,76.9,90.47,23.23,23.71,31.77,65.8,350.55,False
2022-07-17 05:00:00,0.0,100.97,76.99,90.58,23.51,23.35,33.13,67.04,351.38,False
2022-07-17 06:00:00,0.0,94.53,77.04,90.63,23.44,22.92,33.17,64.1,351.4,False
2022-07-17 07:00:00,0.0,88.87,76.99,90.57,23.45,23.0,33.42,61.18,351.55,False
2022-07-17 08:00:00,7.97,97.59,76.95,90.53,23.27,22.58,31.92,66.74,350.65,False
2022-07-17 09:00:00,0.0,91.93,76.85,90.42,23.41,23.4,31.7,66.49,350.51,False
2022-07-17 10:00:00,0.0,85.75,76.57,90.08,23.66,23.4,29.93,68.57,349.44,False
2022-07-17 11:00:00,19.99,116.83,76.75,90.29,22.97,22.88,30.09,72.71,349.53,False
2022-07-17 12:00:00,0.0,110.05,77.01,90.6,22.97,23.3,28.81,79.09,348.76,False
2022-07-17 13:00:00,0.0,103.17,77.16,90.78,22.36,23.4,27.63,84.14,348.05,False
2022-07-17 14:00:00,0.0,97.0,76.98,90.57,23.25,22.95,26.25,85.97,347.21,False
2022-07-17 15:00:00,0.0,90.91,76.8,90.35,23.37,22.97,25.57,89.16,346.79,False
2022-07-17 16:00:00,0.17,85.89,76.6,90.11,23.68,23.17,25.57,91.07,346.79,False
2022-07-17 17:00:00,0.0,80.98,76.32,89.79,23.37,23.84,23.98,91.73,345.83,False
2022-07-17 18:00:00,0.0,75.82,76.11,89.54,24.28,23.42,24.08,93.39,345.89,False
2022-07-17 19:00:00,0.0,70.88,75.6,88.94,24.59,24.43,23.5,86.69,345.54,False
2022-07-17 20:00:00,0.0,66.96,75.06,88.3,25.83,24.78,24.08,90.35,345.89,False
2022-07-17 21:00:00,21.67,102.54,75.18,88.45,25.14,25.02,25.38,85.81,346.68,False
2022-07-17 22:00:00,0.0,96.53,75.12,88.38,24.64,25.11,26.91,87.33,347.61,False
2022-07-17 23:00:00,0.0,90.91,74.96,88.18,24.5,24.6,27.18,81.33,347.77,False
2022-07-18 00:00:00,0.0,85.36,74.69,87.87,25.4,25.58,28.36,78.06,348.49,False
2022-07-18 01:00:00,0.0,80.29,74.41,87.54,25.18,25.78,29.42,71.37,349.13,False
2022-07-18 02:00:00,0.0,75.58,74.01,87.07,25.69,25.91,30.43,73.03,349.74,False
2022-07-18 03:00:00,0.0,70.99,73.61,86.6,26.0,26.22,31.86,69.36,350.61,False
2022-07-18 04:00:00,4.66,75.51,73.26,86.19,26.51,26.57,31.5,66.99,350.39,False
2022-07-18 05:00:00,6.92,83.5,72.78,85.62,27.81,27.15,33.62,62.85,351.67,False
2022-07-18 06:00:00,0.0,78.58,72.31,85.07,27.31,27.32,32.6,62.45,351.06,False
2022-07-18 07:00:00,0.0,73.82,71.86,84.54,27.97,27.87,33.28,64.92,351.47,False
2022-07-18 08:00:00,0.0,69.37,72.09,84.81,27.34,27.99,31.64,64.49,350.47,False
2022-07-18 09:00:00,0.0,65.57,72.13,84.86,27.19,27.64,32.08,68.97,350.74,False
2022-07-18 10:00:00,0.0,61.68,72.19,84.93,27.7,28.16,31.15,66.68,350.18,False
2022-07-18 11:00:00,0.0,58.03,72.21,84.95,27.88,27.74,29.9,73.4,349.42,False
2022-07-18 12:00:00,0.0,54.61,72.16,84.89,27.38,27.65,27.9,81.59,348.21,False
2022-07-18 13:00:00,0.0,51.22,71.97,84.67,27.42,28.16,27.49,82.5,347.96,False
2022-07-18 14:00:00,0.0,47.73,71.67,84.32,27.58,28.17,25.54,85.33,346.78,False
2022-07-18 15:00:00,0.0,45.33,71.32,83.91,28.74,28.37,25.17,91.87,346.55,False
2022-07-18 16:00:00,0.0,42.93,71.28,83.85,29.1,28.59,25.22,85.45,346.58,False
2022-07-18 17:00:00,0.0,40.73,70.99,83.52,28.44,28.19,24.63,89.89,346.23,False
2022-07-18 18:00:00,0.0,37.97,70.77,83.26,99.0,28.44,24.01,91.2,345.85,True
2022-07-18 19:00:00,0.0,36.12,70.31,82.71,30.13,29.33,23.57,93.24,345.58,False
2022-07-18 20:00:00,0.0,34.55,69.98,82.33,29.93,29.54,24.99,91.88,346.44,False
2022-07-18 21:00:00,30.32,87.36,70.4,82.82,29.56,29.86,25.33,86.17,346.65,False
2022-07-18 22:00:00,0.0,82.61,70.77,83.26,29.38,29.73,24.86,87.0,346.36,False
2022-07-18 23:00:00,17.33,109.08,71.57,84.2,28.25,28.56,27.8,80.82,348.15,False
2022-07-19 00:00:00,0.0,102.28,72.2,84.95,27.49,27.04,28.49,80.42,348.56,False
2022-07-19 01:00:00,0.0,96.3,72.74,85.58,27.38,26.7,30.39,72.31,349.71,False
2022-07-19 02:00:00,0.0,90.21,72.6,85.41,26.85,27.54,30.09,70.75,349.54,False
2022-07-19 03:00:00,0.0,84.62,72.32,85.09,27.03,27.61,29.78,67.12,349.34,False
2022-07-19 04:00:00,0.0,79.64,72.02,84.73,27.7,27.24,32.56,67.99,351.03,False
2022-07-19 05:00:00,0.0,74.92,72.2,84.94,28.08,27.45,33.02,63.43,351.31,False
2022-07-19 06:00:00,0.0,70.56,72.44,85.22,28.03,27.13,31.99,63.92,350.68,False
2022-07-19 07:00:00,0.0,65.79,71.85,84.54,27.96,28.73,32.26,65.49,350.85,False
2022-07-19 08:00:00,0.0,61.8,72.02,84.72,28.32,28.27,34.05,66.97,351.93,False
2022-07-19 09:00:00,0.0,58.25,71.98,84.69,28.57,27.9,31.5,69.87,350.39,False
2022-07-19 10:00:00,10.51,73.9,72.21,84.95,27.81,27.89,31.19,71.42,350.2,False
2022-07-19 11:00:00,0.0,69.71,72.5,85.29,27.76,27.56,29.27,73.54,349.04,False
2022-07-19 12:00:00,0.0,65.6,71.91,84.6,28.84,28.12,27.25,77.3,347.81,False
2022-07-19 13:00:00,0.0,61.55,71.9,84.59,27.81,28.83,27.23,81.67,347.8,False
2022-07-19 14:00:00,0.0,58.01,71.81,84.49,28.09,28.75,26.09,85.5,347.11,False
2022-07-19 15:00:00,0.0,54.44,71.74,84.4,28.9,28.87,25.08,87.61,346.5,False
2022-07-19 16:00:00,0.0,51.44,71.54,84.16,28.09,28.6,24.53,90.16,346.17,False
2022-07-19 17:00:00,0.0,48.49,71.41,84.01,28.66,28.46,24.31,88.49,346.03,False
2022-07-19 18:00:00,0.0,45.56,71.16,83.72,28.59,28.34,23.91,93.33,345.79,False
2022-07-19 19:00:00,0.0,42.59,70.94,83.46,29.61,28.66,23.39,91.89,345.48,False
2022-07-19 20:00:00,0.0,40.37,70.67,83.14,28.86,29.74,24.89,92.13,346.39,False
2022-07-19 21:00:00,0.0,38.12,70.26,82.66,29.71,29.23,24.15,87.9,345.93,False
2022-07-19 22:00:00,0.0,36.46,69.81,82.13,29.77,30.11,25.02,81.52,346.46,False
2022-07-19 23:00:00,0.0,34.43,69.36,81.6,30.05,30.09,27.78,80.91,348.13,False
2022-07-20 00:00:00,0.0,32.55,68.9,81.06,30.34,31.06,28.8,77.6,348.76,False
2022-07-20 01:00:00,0.0,30.16,68.43,80.51,31.5,31.14,29.63,75.86,349.26,False
2022-07-20 02:00:00,0.0,28.44,67.94,79.93,32.25,32.32,29.91,66.86,349.43,False
2022-07-20 03:00:00,0.0,26.64,67.38,79.28,32.62,32.52,31.26,68.18,350.24,False
2022-07-20 04:00:00,0.0,25.29,66.75,78.53,33.34,32.93,32.24,66.9,350.84,False
2022-07-20 05:00:00,0.0,23.87,66.1,77.77,33.72,33.52,31.89,63.15,350.62,False
2022-07-20 06:00:00,6.52,34.47,66.28,77.97,34.12,33.78,32.56,64.15,351.03,False
2022-07-20 07:00:00,0.0,33.04,66.34,78.04,33.95,33.68,33.24,63.22,351.44,False
2022-07-20 08:00:00,0.0,30.82,65.9,77.52,34.15,33.88,33.25,64.42,351.45,False
2022-07-20 09:00:00,9.46,46.28,66.27,77.97,33.81,33.6,31.43,67.28,350.35,False
2022-07-20 10:00:00,0.0,43.71,66.69,78.45,33.13,33.12,31.2,69.58,350.21,False
2022-07-20 11:00:00,0.0,41.68,66.34,78.05,34.44,32.79,28.52,75.74,348.58,False
2022-07-20 12:00:00,15.73,67.71,66.44,78.17,33.88,33.54,28.9,76.53,348.81,False
2022-07-20 13:00:00,0.0,63.83,66.32,78.03,33.64,33.05,26.85,79.82,347.57,False
2022-07-20 14:00:00,0.0,60.25,66.25,77.94,33.68,33.39,26.43,88.54,347.32,False
2022-07-20 15:00:00,0.0,56.91,66.68,78.45,33.16,33.44,25.17,89.82,346.55,False
2022-07-20 16:00:00,0.0,53.94,66.62,78.38,33.26,33.28,25.4,86.4,346.69,False
2022-07-20 17:00:00,0.0,50.45,66.61,78.36,33.49,34.0,23.63,89.99,345.62,False
2022-07-20 18:00:00,0.0,47.31,66.44,78.17,32.87,33.24,24.38,92.48,346.07,False
2022-07-20 19:00:00,0.0,44.99,66.27,77.97,33.63,33.56,23.99,92.17,345.84,False
2022-07-20 20:00:00,0.0,41.7,66.47,78.2,33.48,33.59,24.51,87.14,346.15,False
2022-07-20 21:00:00,0.0,39.18,66.03,77.68,33.97,33.96,25.21,90.22,346.58,False
2022-07-20 22:00:00,0.0,36.87,66.18,77.86,33.89,34.24,25.74,86.65,346.9,False
2022-07-20 23:00:00,0.0,34.61,66.27,77.96,33.74,33.99,27.33,82.59,347.86,False
2022-07-21 00:00:00,0.0,33.0,66.31,78.01,33.85,34.24,28.46,80.71,348.55,False
2022-07-21 01:00:00,0.0,31.17,65.85,77.47,34.1,33.51,29.81,75.28,349.36,False
2022-07-21 02:00:00,0.0,29.18,65.8,77.41,34.6,34.51,30.8,71.9,349.97,False
2022-07-21 03:00:00,0.0,27.24,65.88,77.51,34.38,33.73,32.16,71.22,350.79,False
2022-07-21 04:00:00,0.0,25.69,65.84,77.45,35.06,34.34,32.95,68.08,351.27,False
2022-07-21 05:00:00,0.0,24.5,65.8,77.41,34.48,34.1,32.22,62.79,350.82,False
2022-07-21 06:00:00,0.0,23.07,65.75,77.36,33.95,33.97,33.52,65.27,351.61,False
2022-07-21 07:00:00,1.33,24.05,65.68,77.27,34.26,34.79,32.13,63.15,350.77,False
2022-07-21 08:00:00,0.0,22.39,65.71,77.31,34.09,33.62,32.75,66.88,351.15,False
2022-07-21 09:00:00,0.0,21.16,65.5,77.05,34.51,35.23,32.05,69.05,350.72,False
2022-07-21 10:00:00,0.0,19.99,65.49,77.05,34.95,34.76,29.6,68.23,349.24,False
2022-07-21 11:00:00,0.0,18.57,65.33,76.86,34.54,34.73,29.72,74.13,349.31,False
2022-07-21 12:00:00,0.0,17.77,65.26,76.78,34.51,34.68,28.22,78.53,348.4,False
2022-07-21 13:00:00,0.0,17.21,65.13,76.62,35.08,34.73,26.88,80.75,347.59,False
2022-07-21 14:00:00,0.0,16.19,65.02,76.5,34.65,35.16,27.06,85.63,347.7,False
2022-07-21 15:00:00,0.0,15.31,64.83,76.27,34.82,34.61,24.93,89.51,346.41,False
2022-07-21 16:00:00,0.0,14.06,64.64,76.05,35.51,34.13,24.12,90.06,345.92,False
2022-07-21 17:00:00,9.46,30.47,64.8,76.23,34.49,35.24,24.2,91.97,345.96,False
2022-07-21 18:00:00,14.04,54.06,65.27,76.78,34.54,34.43,24.41,94.77,346.09,False
2022-07-21 19:00:00,5.64,60.87,65.95,77.59,34.39,33.69,24.07,92.47,345.89,False
2022-07-21 20:00:00,0.0,56.99,66.49,78.22,32.78,32.88,25.3,90.53,346.63,False
2022-07-21 21:00:00,0.0,54.13,66.33,78.03,32.97,34.15,25.64,85.98,346.84,False
2022-07-21 22:00:00,0.0,50.99,66.15,77.82,33.28,34.58,24.94,86.34,346.42,False
2022-07-21 23:00:00,0.0,47.66,66.58,78.32,32.33,33.4,27.02,82.28,347.67,False
2022-07-22 00:00:00,0.0,45.05,66.23,77.92,34.53,33.71,28.16,80.57,348.37,False
2022-07-22 01:00:00,38.23,111.24,67.71,79.65,32.34,32.46,29.95,74.47,349.45,False
2022-07-22 02:00:00,0.0,104.58,68.42,80.49,31.31,31.73,29.18,67.37,348.98,False
2022-07-22 03:00:00,0.0,98.6,68.96,81.13,30.52,30.83,33.21,64.7,351.43,False
2022-07-22 04:00:00,0.0,91.9,69.51,81.77,31.37,30.98,32.72,67.35,351.13,False
2022-07-22 05:00:00,0.0,85.85,69.88,82.21,30.38,30.57,32.94,63.34,351.26,False
2022-07-22 06:00:00,0.0,81.11,70.19,82.57,29.76,30.11,33.71,64.87,351.73,False
2022-07-22 07:00:00,0.87,77.77,70.43,82.86,30.05,30.28,34.25,64.71,352.06,False
2022-07-22 08:00:00,0.0,72.97,70.66,83.13,29.5,29.65,32.92,65.54,351.25,False
2022-07-22 09:00:00,0.0,68.19,70.77,83.25,29.03,28.97,32.25,67.91,350.84,False
2022-07-22 10:00:00,0.0,64.16,70.87,83.37,28.89,29.17,30.83,69.27,349.98,False
2022-07-22 11:00:00,0.0,60.41,70.95,83.47,28.81,29.42,29.58,74.34,349.23,False
2022-07-22 12:00:00,0.0,57.21,70.95,83.47,28.64,28.63,28.21,76.83,348.4,False
2022-07-22 13:00:00,14.59,80.16,71.43,84.04,29.01,28.46,26.84,80.88,347.56,False
2022-07-22 14:00:00,0.0,75.26,71.85,84.53,27.94,27.52,25.84,84.35,346.96,False
2022-07-22 15:00:00,0.0,70.87,72.01,84.71,28.53,28.8,24.51,87.45,346.15,False
2022-07-22 16:00:00,46.16,150.04,73.42,86.37,26.25,26.75,24.56,91.97,346.18,False
2022-07-22 17:00:00,34.7,203.76,75.15,88.41,24.61,25.09,23.14,91.26,345.32,False
2022-07-22 18:00:00,0.0,191.72,76.71,90.25,23.11,22.68,24.11,94.05,345.91,False
2022-07-22 19:00:00,0.0,180.3,78.26,92.07,21.38,22.19,24.13,94.6,345.92,False
2022-07-22 20:00:00,0.0,169.31,79.41,93.42,20.36,20.72,24.69,91.83,346.26,False
2022-07-22 21:00:00,0.0,158.84,80.44,94.63,19.78,18.84,25.0,88.97,346.45,False
2022-07-22 22:00:00,0.0,148.95,81.23,95.56,19.25,18.96,28.1,85.65,348.33,False
2022-07-22 23:00:00,0.0,140.13,81.89,96.35,18.23,17.72,28.15,83.35,348.36,False
2022-07-23 00:00:00,0.0,131.87,82.35,96.89,17.17,17.67,27.75,78.18,348.12,False
2022-07-23 01:00:00,0.0,124.29,82.67,97.26,17.09,17.63,29.8,76.35,349.36,False
2022-07-23 02:00:00,0.0,117.0,83.09,97.75,16.68,35.63,30.39,72.23,349.71,True
2022-07-23 03:00:00,0.0,110.3,83.37,98.08,17.31,15.89,31.07,67.38,350.13,False
2022-07-23 04:00:00,0.0,103.64,83.43,98.15,16.97,16.68,31.59,67.67,350.45,False
2022-07-23 05:00:00,4.74,106.18,83.64,98.4,16.84,16.7,33.11,64.66,351.36,False
2022-07-23 06:00:00,0.0,99.51,83.56,98.3,16.16,16.36,32.59,63.79,351.05,False
2022-07-23 07:00:00,0.0,93.52,83.46,98.19,16.03,16.74,33.43,63.52,351.56,False
2022-07-23 08:00:00,0.0,87.36,83.29,97.99,16.94,16.92,32.99,66.21,351.29,False
2022-07-23 09:00:00,0.0,82.13,83.12,97.79,16.69,16.07,32.51,70.09,351.0,False
2022-07-23 10:00:00,0.0,77.57,82.79,97.4,17.33,17.71,30.24,72.78,349.62,False
2022-07-23 11:00:00,0.0,72.94,82.41,96.95,17.75,17.37,29.95,75.08,349.45,False
2022-07-23 12:00:00,0.0,68.78,81.88,96.33,17.96,17.83,28.88,79.2,348.8,False
2022-07-23 13:00:00,0.0,64.73,81.34,95.69,19.06,18.38,27.05,84.17,347.69,False
2022-07-23 14:00:00,0.0,60.68,80.81,95.07,18.6,19.68,25.79,84.7,346.93,False
2022-07-23 15:00:00,0.0,56.98,79.99,94.11,20.05,20.6,26.28,85.67,347.23,False
2022-07-23 16:00:00,0.0,53.92,79.34,93.34,20.93,20.85,24.74,92.73,346.29,False
2022-07-23 17:00:00,0.0,50.9,78.53,92.39,22.15,21.27,24.53,90.46,346.17,False
2022-07-23 18:00:00,0.0,47.66,77.57,91.26,22.48,23.59,23.51,90.62,345.55,False
2022-07-23 19:00:00,0.0,44.38,76.65,90.18,23.85,23.34,23.42,87.93,345.49,False
2022-07-23 20:00:00,0.0,41.78,75.81,89.19,24.66,23.93,24.26,91.27,346.0,False
2022-07-23 21:00:00,0.0,39.1,74.79,87.98,26.15,25.62,25.24,84.66,346.6,False
2022-07-23 22:00:00,0.0,36.7,73.78,86.8,26.35,26.17,25.61,83.5,346.82,False
2022-07-23 23:00:00,0.0,34.06,72.58,85.39,28.24,28.26,27.33,82.8,347.86,False
2022-07-24 00:00:00,0.0,32.33,71.33,83.92,28.99,28.33,27.49,79.44,347.96,False
2022-07-24 01:00:00,0.0,30.36,70.75,83.24,28.63,29.18,28.99,73.07,348.87,False
2022-07-24 02:00:00,1.73,31.66,70.36,82.78,29.65,30.25,31.15,70.73,350.18,False
2022-07-24 03:00:00,0.0,29.51,69.85,82.18,29.78,30.35,32.04,66.36,350.72,False
2022-07-24 04:00:00,0.0,27.66,69.4,81.64,31.21,30.48,32.16,64.78,350.79,False
2022-07-24 05:00:00,0.0,26.04,68.92,81.09,31.14,30.71,32.24,65.01,350.84,False
2022-07-24 06:00:00,0.0,24.29,68.27,80.32,31.2,31.28,32.38,63.0,350.92,False
2022-07-24 07:00:00,0.0,22.77,67.77,79.73,32.58,31.71,32.62,63.99,351.07,False
2022-07-24 08:00:00,0.0,21.82,67.09,78.93,33.44,33.3,32.78,62.95,351.17,False
2022-07-24 09:00:00,0.68,21.2,66.53,78.27,33.31,33.79,32.24,70.37,350.84,False
2022-07-24 10:00:00,2.15,23.86,66.0,77.65,33.82,34.21,30.45,72.02,349.75,False
2022-07-24 11:00:00,0.0,22.19,65.94,77.57,34.14,33.62,28.97,75.96,348.86,False
2022-07-24 12:00:00,0.0,21.26,65.86,77.48,33.42,34.03,28.66,80.58,348.67,False
2022-07-24 13:00:00,0.0,19.93,65.77,77.38,34.51,34.36,26.84,79.97,347.57,False
2022-07-24 14:00:00,0.0,18.42,65.65,77.24,35.03,34.85,25.94,84.28,347.02,False
2022-07-24 15:00:00,0.0,17.25,65.47,77.02,34.27,34.68,26.11,84.11,347.12,False
2022-07-24 16:00:00,0.0,16.32,65.26,76.78,35.48,34.79,25.1,96.41,346.51,False
2022-07-24 17:00:00,0.0,16.18,65.06,76.54,35.34,34.57,24.25,91.22,345.99,False
2022-07-24 18:00:00,0.0,14.57,64.96,76.42,35.01,35.4,23.24,94.08,345.38,False
2022-07-24 19:00:00,0.0,13.34,64.62,76.02,35.64,35.27,24.28,89.05,346.01,False
2022-07-24 20:00:00,0.0,12.93,64.35,75.71,36.29,35.08,25.24,92.12,346.6,False
2022-07-24 21:00:00,0.0,11.7,64.08,75.39,35.98,35.57,25.09,91.61,346.51,False
2022-07-24 22:00:00,0.0,11.0,63.81,75.06,36.35,36.47,27.06,84.88,347.7,False
2022-07-24 23:00:00,0.0,10.2,63.56,74.78,36.23,36.73,28.11,79.6,348.34,False
2022-07-25 00:00:00,0.0,9.39,63.17,74.31,36.78,35.76,29.5,77.72,349.18,False
2022-07-25 01:00:00,0.0,8.78,62.96,74.07,57.32,37.01,29.85,69.92,349.39,True
2022-07-25 02:00:00,0.0,8.15,62.72,73.79,37.21,36.76,31.1,70.92,350.15,False
2022-07-25 03:00:00,0.0,7.98,62.47,73.49,37.33,37.69,32.53,69.74,351.01,False
2022-07-25 04:00:00,0.0,7.9,62.14,73.11,38.32,38.09,32.67,65.8,351.1,False
2022-07-25 05:00:00,0.0,7.55,61.77,72.67,38.42,49.8,32.55,63.91,351.02,True
2022-07-25 06:00:00,0.0,7.03,61.42,72.26,38.39,38.58,32.73,65.06,351.13,False
2022-07-25 07:00:00,0.0,6.68,61.1,71.88,39.6,39.24,32.99,65.69,351.29,False
2022-07-25 08:00:00,0.0,6.53,60.82,71.55,40.02,39.59,31.62,62.56,350.46,False
2022-07-25 09:00:00,0.0,6.43,60.48,71.15,39.92,39.18,31.6,68.28,350.45,False
2022-07-25 10:00:00,0.0,6.16,60.17,70.79,39.35,40.26,31.41,75.87,350.33,False
2022-07-25 11:00:00,0.0,6.25,59.8,70.36,40.36,40.3,28.35,71.71,348.48,False
2022-07-25 12:00:00,0.0,5.69,59.48,69.98,40.76,40.32,29.42,77.83,349.13,False
2022-07-25 13:00:00,0.0,5.69,59.12,69.55,40.25,40.85,28.01,85.51,348.27,False
2022-07-25 14:00:00,0.0,5.56,58.79,69.16,61.69,41.53,25.97,87.21,347.04,True
2022-07-25 15:00:00,0.0,5.04,58.29,68.58,41.79,42.02,25.64,86.87,346.84,False
2022-07-25 16:00:00,0.0,4.81,57.97,68.2,42.48,42.39,24.6,90.54,346.21,False
2022-07-25 17:00:00,0.0,4.61,57.65,67.82,42.23,42.08,24.89,91.52,346.38,False
2022-07-25 18:00:00,14.04,29.56,57.75,67.94,42.45,42.34,24.59,90.5,346.2,False
2022-07-25 19:00:00,0.0,27.74,57.69,67.87,42.52,42.21,23.31,91.37,345.43,False
2022-07-25 20:00:00,6.81,37.88,57.82,68.03,42.25,42.26,24.96,89.56,346.42,False
2022-07-25 21:00:00,0.0,35.4,57.9,68.12,42.29,41.89,25.19,88.12,346.57,False
2022-07-25 22:00:00,0.0,33.2,58.04,68.29,41.9,42.59,26.3,83.5,347.24,False
2022-07-25 23:00:00,0.0,31.04,58.17,68.44,41.35,41.82,26.9,79.07,347.6,False
2022-07-26 00:00:00,0.0,28.92,58.16,68.42,41.02,41.78,29.55,77.92,349.21,False
2022-07-26 01:00:00,0.0,27.5,58.28,68.57,41.47,41.89,30.29,77.81,349.65,False
2022-07-26 02:00:00,0.0,25.82,58.38,68.68,41.94,42.06,30.31,71.16,349.67,False
2022-07-26 03:00:00,0.0,24.92,58.37,68.66,41.22,41.65,30.88,67.44,350.01,False
2022-07-26 04:00:00,0.0,23.49,58.35,68.64,42.08,41.53,32.17,67.38,350.79,False
2022-07-26 05:00:00,31.3,78.74,59.08,69.51,41.47,41.27,33.11,64.16,351.36,False
2022-07-26 06:00:00,0.0,73.96,59.83,70.39,40.35,40.86,33.14,67.74,351.39,False
2022-07-26 07:00:00,0.0,69.32,60.45,71.12,39.48,40.12,33.6,64.47,351.66,False
2022-07-26 08:00:00,0.0,65.24,61.02,71.79,39.39,38.58,32.87,67.28,351.22,False
2022-07-26 09:00:00,0.0,61.71,61.65,72.53,38.81,38.66,32.26,66.59,350.85,False
2022-07-26 10:00:00,0.0,57.98,62.24,73.22,37.67,37.73,30.95,72.01,350.05,False
2022-07-26 11:00:00,0.0,54.64,62.78,73.85,37.26,37.73,28.83,74.93,348.77,False
2022-07-26 12:00:00,0.0,51.44,63.21,74.37,36.46,37.52,28.38,77.89,348.5,False
2022-07-26 13:00:00,0.0,48.32,63.62,74.85,36.5,35.43,27.97,80.62,348.25,False
2022-07-26 14:00:00,0.0,45.41,63.81,75.07,35.36,36.2,26.22,83.72,347.19,False
2022-07-26 15:00:00,0.0,42.38,63.97,75.26,35.91,35.85,25.62,88.46,346.83,False
2022-07-26 16:00:00,0.0,39.84,64.18,75.51,35.48,35.54,24.41,91.38,346.09,False
2022-07-26 17:00:00,0.0,37.64,64.41,75.78,35.55,35.22,23.54,91.27,345.56,False
2022-07-26 18:00:00,10.29,53.99,64.84,76.28,34.84,34.98,23.93,92.57,345.8,False
2022-07-26 19:00:00,0.0,50.81,65.14,76.63,34.1,34.75,24.34,91.45,346.05,False
2022-07-26 20:00:00,0.0,47.98,65.44,76.99,34.3,34.42,24.21,90.32,345.97,False
2022-07-26 21:00:00,0.0,45.16,65.68,77.27,34.13,33.51,25.18,87.5,346.56,False
2022-07-26 22:00:00,0.0,42.45,65.81,77.42,34.62,34.24,25.69,85.04,346.87,False
2022-07-26 23:00:00,0.0,40.13,66.22,77.9,33.53,34.21,28.01,87.02,348.27,False
2022-07-27 00:00:00,0.0,37.76,66.5,78.24,33.16,33.27,28.32,78.62,348.46,False
2022-07-27 01:00:00,0.0,35.42,65.94,77.57,33.59,33.41,30.54,75.67,349.81,False
2022-07-27 02:00:00,0.0,33.44,65.9,77.53,34.56,34.14,31.67,71.88,350.49,False
2022-07-27 03:00:00,0.0,31.42,65.92,77.55,33.99,34.51,31.63,67.57,350.47,False
2022-07-27 04:00:00,0.0,29.45,65.85,77.47,34.26,34.21,31.79,68.46,350.57,False
2022-07-27 05:00:00,0.0,27.73,66.06,77.72,33.32,33.65,31.6,63.89,350.45,False
2022-07-27 06:00:00,0.0,26.12,65.99,77.64,33.3,33.59,32.12,66.11,350.76,False
2022-07-27 07:00:00,0.0,24.22,65.99,77.63,33.65,34.3,32.02,63.81,350.71,False
2022-07-27 08:00:00,0.0,22.87,65.89,77.51,34.76,34.02,33.22,63.96,351.43,False
2022-07-27 09:00:00,0.0,22.05,65.72,77.32,33.84,34.07,31.75,68.83,350.54,False
2022-07-27 10:00:00,0.0,20.43,65.71,77.3,34.04,34.05,30.98,68.79,350.08,False
2022-07-27 11:00:00,0.0,19.05,65.64,77.22,34.37,34.45,28.33,75.45,348.47,False
2022-07-27 12:00:00,0.0,18.75,65.5,77.06,34.25,34.54,27.78,75.61,348.14,False
2022-07-27 13:00:00,0.0,17.37,65.54,77.11,34.65,34.48,27.87,80.99,348.19,False
2022-07-27 14:00:00,0.0,16.72,65.4,76.94,34.27,34.21,26.42,82.14,347.31,False
2022-07-27 15:00:00,20.49,52.53,65.8,77.41,33.76,33.79,25.23,93.55,346.59,False
2022-07-27 16:00:00,0.0,49.39,66.34,78.04,34.75,33.4,24.94,86.82,346.41,False
2022-07-27 17:00:00,0.0,46.39,66.14,77.81,33.48,33.97,25.13,91.54,346.53,False
2022-07-27 18:00:00,0.0,43.73,66.56,78.31,33.76,33.66,23.87,94.29,345.76,False
2022-07-27 19:00:00,0.0,40.64,66.23,77.92,33.39,34.35,24.19,93.6,345.96,False
2022-07-27 20:00:00,6.54,50.02,66.39,78.1,99.0,33.28,24.72,91.83,346.28,True
2022-07-27 21:00:00,0.0,46.9,66.04,77.7,33.92,34.25,26.75,87.27,347.51,False
2022-07-27 22:00:00,0.0,43.53,66.42,78.14,33.05,32.9,24.99,87.7,346.44,False
2022-07-27 23:00:00,25.72,87.54,66.83,78.62,33.01,33.31,27.75,83.45,348.11,False
2022-07-28 00:00:00,0.0,81.66,67.21,79.07,32.47,32.19,28.43,78.42,348.53,False
2022-07-28 01:00:00,0.0,77.4,67.59,79.52,32.91,31.92,30.0,74.86,349.48,False
2022-07-28 02:00:00,0.0,72.94,67.82,79.79,31.56,32.48,30.36,70.39,349.7,False
2022-07-28 03:00:00,0.0,68.16,67.89,79.87,32.38,32.17,31.65,66.28,350.48,False
2022-07-28 04:00:00,0.0,64.47,67.96,79.95,32.15,31.91,32.82,68.35,351.19,False
2022-07-28 05:00:00,0.0,60.38,67.98,79.97,31.93,31.47,34.71,67.1,352.34,False
2022-07-28 06:00:00,0.0,56.54,67.89,79.87,31.81,32.26,33.48,62.23,351.59,False
2022-07-28 07:00:00,0.0,52.61,67.65,79.59,32.42,32.38,32.34,64.17,350.9,False
2022-07-28 08:00:00,0.0,49.19,67.44,79.35,32.65,32.85,32.14,65.59,350.78,False
2022-07-28 09:00:00,0.0,46.02,67.2,79.06,32.95,32.1,31.41,68.04,350.33,False
2022-07-28 10:00:00,0.0,43.5,66.81,78.6,33.08,33.44,29.67,71.13,349.28,False
2022-07-28 11:00:00,0.0,41.24,66.43,78.15,33.12,33.36,29.47,76.27,349.16,False
2022-07-28 12:00:00,0.0,38.4,66.01,77.66,34.34,34.11,28.94,76.51,348.84,False
2022-07-28 13:00:00,0.0,36.17,66.02,77.67,33.98,33.95,26.57,79.93,347.4,False
2022-07-28 14:00:00,29.63,86.79,67.04,78.87,32.71,32.62,26.88,87.47,347.59,False
2022-07-28 15:00:00,0.0,81.67,67.42,79.32,32.18,32.42,25.61,86.97,346.82,False
2022-07-28 16:00:00,0.0,77.41,67.67,79.61,32.7,31.98,24.16,87.6,345.94,False
2022-07-28 17:00:00,0.0,72.24,67.76,79.72,32.79,32.03,24.07,90.55,345.89,False
2022-07-28 18:00:00,0.0,67.6,67.92,79.91,32.31,31.72,24.96,91.34,346.43,False
2022-07-28 19:00:00,0.0,63.76,68.03,80.03,32.23,32.13,24.59,94.63,346.2,False
2022-07-28 20:00:00,0.0,60.19,68.04,80.04,32.43,31.62,24.61,91.97,346.21,False
2022-07-28 21:00:00,0.0,56.29,67.98,79.98,31.88,32.24,25.18,90.19,346.56,False
2022-07-28 22:00:00,0.0,53.36,67.92,79.9,32.94,33.39,26.3,86.64,347.24,False
2022-07-28 23:00:00,0.0,49.91,67.74,79.69,31.84,32.16,27.03,83.52,347.68,False
2022-07-29 00:00:00,0.0,47.42,67.46,79.36,32.45,31.91,27.24,76.62,347.81,False
2022-07-29 01:00:00,0.0,44.71,67.2,79.06,32.49,33.64,30.89,73.98,350.02,False
2022-07-29 02:00:00,0.0,42.41,66.87,78.67,33.15,33.27,30.84,69.02,349.99,False
2022-07-29 03:00:00,0.0,39.98,66.53,78.27,34.16,33.41,31.92,67.68,350.64,False
2022-07-29 04:00:00,0.0,37.78,66.23,77.92,33.67,33.62,32.36,67.24,350.91,False
2022-07-29 05:00:00,0.0,35.72,66.29,77.99,33.88,33.29,32.41,64.75,350.94,False
2022-07-29 06:00:00,0.0,33.92,66.43,78.16,32.4,33.43,32.89,66.62,351.23,False
2022-07-29 07:00:00,0.0,31.88,65.86,77.49,34.31,33.82,31.89,62.19,350.62,False
2022-07-29 08:00:00,0.0,29.7,65.84,77.46,34.55,33.85,33.76,66.88,351.76,False
2022-07-29 09:00:00,0.0,27.89,66.0,77.64,34.05,34.24,30.94,65.6,350.05,False
2022-07-29 10:00:00,0.0,26.02,66.03,77.68,33.55,34.36,30.13,71.19,349.56,False
2022-07-29 11:00:00,0.0,24.28,66.0,77.65,33.52,33.91,29.4,75.86,349.12,False
2022-07-29 12:00:00,75.87,159.88,68.1,80.11,31.68,32.11,29.27,77.57,349.04,False
2022-07-29 13:00:00,31.59,207.33,70.53,82.98,28.98,30.31,27.34,82.73,347.87,False
2022-07-29 14:00:00,0.0,195.07,72.62,85.43,28.01,27.05,25.51,83.08,346.76,False
2022-07-29 15:00:00,21.16,221.77,74.68,87.85,25.51,24.67,26.07,84.57,347.1,False
2022-07-29 16:00:00,0.0,208.65,76.41,89.9,24.16,23.92,25.04,91.24,346.48,False
2022-07-29 17:00:00,0.0,196.69,78.1,91.88,21.79,21.61,24.48,95.01,346.13,False
2022-07-29 18:00:00,0.0,184.26,79.54,93.58,20.15,20.25,24.43,90.01,346.1,False
2022-07-29 19:00:00,0.0,172.91,80.69,94.92,19.03,19.36,25.59,93.97,346.81,False
2022-07-29 20:00:00,0.0,162.32,81.78,96.21,3.03,18.71,25.91,90.21,347.0,True
2022-07-29 21:00:00,0.0,152.17,82.85,97.46,16.96,17.21,24.91,85.23,346.39,False
2022-07-29 22:00:00,0.0,143.07,83.57,98.32,16.92,15.58,27.22,82.74,347.8,False
2022-07-29 23:00:00,0.0,134.54,84.25,99.11,16.12,15.9,27.57,81.66,348.0,False
2022-07-30 00:00:00,15.09,154.22,85.0,100.0,15.11,15.09,28.8,77.19,348.75,False
2022-07-30 01:00:00,0.0,145.24,85.0,100.0,14.34,14.66,28.65,71.75,348.66,False
2022-07-30 02:00:00,0.0,136.37,85.0,100.0,15.12,14.32,30.65,67.61,349.87,False
2022-07-30 03:00:00,0.0,128.34,85.0,100.0,14.88,14.85,31.19,66.41,350.2,False
2022-07-30 04:00:00,0.0,120.09,85.0,100.0,15.56,14.08,32.89,66.26,351.23,False
2022-07-30 05:00:00,0.0,112.93,85.0,100.0,15.36,14.29,33.49,64.46,351.59,False
2022-07-30 06:00:00,0.0,106.18,85.0,100.0,15.06,14.46,31.76,63.0,350.54,False
2022-07-30 07:00:00,0.0,99.54,85.0,100.0,14.16,14.5,32.83,64.88,351.2,False
2022-07-30 08:00:00,22.22,133.5,85.0,100.0,14.95,15.35,33.07,67.96,351.34,False
2022-07-30 09:00:00,0.0,125.28,85.0,100.0,14.74,14.94,31.57,68.89,350.43,False
2022-07-30 10:00:00,0.0,117.48,85.0,100.0,15.16,15.14,31.19,70.76,350.2,False
2022-07-30 11:00:00,0.0,110.64,85.0,100.0,14.54,15.08,29.88,76.23,349.4,False
2022-07-30 12:00:00,0.0,104.31,85.0,100.0,15.1,14.38,28.7,76.08,348.7,False
2022-07-30 13:00:00,0.0,98.2,85.0,100.0,14.11,14.77,27.17,81.17,347.77,False
2022-07-30 14:00:00,0.0,92.18,84.99,99.99,14.46,14.92,25.52,84.6,346.77,False
2022-07-30 15:00:00,20.06,122.56,85.0,100.0,14.65,14.95,24.65,85.43,346.23,False
2022-07-30 16:00:00,2.44,119.47,85.0,100.0,14.78,15.19,25.03,89.28,346.47,False
2022-07-30 17:00:00,0.0,112.24,85.0,100.0,15.16,15.37,24.17,87.37,345.94,False
2022-07-30 18:00:00,0.0,105.24,85.0,100.0,14.34,15.15,23.92,95.82,345.79,False
2022-07-30 19:00:00,2.86,104.4,85.0,100.0,14.74,15.7,23.9,89.65,345.78,False
2022-07-30 20:00:00,0.0,98.08,84.89,99.88,14.86,15.28,24.42,93.3,346.1,False
2022-07-30 21:00:00,0.0,92.42,84.71,99.66,15.56,15.08,25.95,87.98,347.02,False
2022-07-30 22:00:00,0.0,86.46,84.54,99.46,15.38,15.97,26.05,86.13,347.09,False
2022-07-30 23:00:00,0.0,81.06,84.29,99.16,15.32,15.22,26.53,80.65,347.38,False
2022-07-31 00:00:00,98.63,253.99,85.0,100.0,14.57,15.21,28.95,78.42,348.84,False
2022-07-31 01:00:00,0.0,239.01,85.0,100.0,14.78,14.94,29.54,75.68,349.2,False
2022-07-31 02:00:00,0.0,224.31,85.0,100.0,14.34,14.66,30.77,72.33,349.95,False
2022-07-31 03:00:00,0.0,210.94,85.0,100.0,15.65,15.08,32.65,69.65,351.08,False
2022-07-31 04:00:00,33.7,259.05,85.0,100.0,15.0,14.89,32.38,65.14,350.93,False
2022-07-31 05:00:00,0.0,243.29,85.0,100.0,14.63,14.26,33.02,63.52,351.31,False
2022-07-31 06:00:00,0.0,228.8,85.0,100.0,14.58,15.07,32.29,60.81,350.87,False
2022-07-31 07:00:00,0.0,214.6,85.0,100.0,14.52,14.59,32.71,65.52,351.13,False
2022-07-31 08:00:00,0.0,201.44,85.0,100.0,15.15,15.05,32.76,68.04,351.15,False
2022-07-31 09:00:00,0.0,189.54,85.0,100.0,14.34,14.95,30.75,71.33,349.93,False
2022-07-31 10:00:00,52.47,272.62,85.0,100.0,14.93,15.17,30.87,71.61,350.01,False
2022-07-31 11:00:00,0.0,256.29,85.0,100.0,15.23,14.09,29.73,72.84,349.31,False
2022-07-31 12:00:00,0.0,240.86,85.0,100.0,14.77,14.6,28.52,74.61,348.59,False
2022-07-31 13:00:00,0.0,226.57,85.0,100.0,14.6,15.04,27.96,83.71,348.24,False
2022-07-31 14:00:00,0.0,213.15,85.0,100.0,15.34,16.15,26.45,81.41,347.33,False
2022-07-31 15:00:00,0.0,200.6,85.0,100.0,14.55,15.06,26.2,87.22,347.18,False
2022-07-31 16:00:00,0.0,188.6,85.0,100.0,14.89,14.82,24.01,89.68,345.85,False
2022-07-31 17:00:00,0.0,177.17,85.0,100.0,15.05,15.35,24.23,91.38,345.99,False
2022-07-31 18:00:00,0.0,166.37,85.0,100.0,14.76,14.76,24.05,92.07,345.87,False
2022-07-31 19:00:00,0.0,156.07,85.0,100.0,14.52,15.17,23.51,91.8,345.55,False
2022-07-31 20:00:00,0.0,146.59,85.0,100.0,14.78,15.02,25.18,85.29,346.56,False
2022-07-31 21:00:00,0.0,137.61,85.0,100.0,15.14,15.43,26.71,87.93,347.49,False
2022-07-31 22:00:00,0.0,129.83,85.0,100.0,14.71,15.26,26.24,80.54,347.2,False
2022-07-31 23:00:00,0.0,121.73,85.0,100.0,15.18,14.81,27.64,83.09,348.05,False
2022-08-01 00:00:00,0.0,114.74,85.0,100.0,14.9,32.81,28.55,76.89,348.6,True
2022-08-01 01:00:00,0.0,107.77,85.0,100.0,14.76,14.57,29.24,70.06,349.02,False
2022-08-01 02:00:00,0.0,101.24,85.0,100.0,14.71,15.12,29.66,69.37,349.27,False
2022-08-01 03:00:00,0.0,95.29,84.96,99.95,15.13,15.02,31.26,66.96,350.24,False
2022-08-01 04:00:00,0.0,89.15,84.92,99.9,15.54,15.1,31.56,68.26,350.43,False
2022-08-01 05:00:00,15.27,111.05,85.0,100.0,15.05,15.1,33.87,64.87,351.82,False
2022-08-01 06:00:00,0.0,104.02,85.0,100.0,14.61,14.67,32.93,64.69,351.26,False
2022-08-01 07:00:00,0.0,97.66,84.8,99.76,15.64,15.16,32.64,66.84,351.08,False
2022-08-01 08:00:00,0.0,91.53,84.74,99.69,14.91,15.26,32.93,65.68,351.26,False
2022-08-01 09:00:00,0.0,86.43,84.47,99.38,16.22,14.95,31.01,69.61,350.09,False
2022-08-01 10:00:00,0.0,81.07,84.26,99.12,15.68,15.5,30.29,72.37,349.66,False
2022-08-01 11:00:00,0.0,75.49,83.9,98.7,15.75,16.26,29.71,71.8,349.3,False
2022-08-01 12:00:00,0.0,70.86,83.49,98.23,16.73,16.79,29.12,80.95,348.95,False
2022-08-01 13:00:00,0.0,66.85,83.01,97.66,16.87,16.67,27.64,78.78,348.05,False
2022-08-01 14:00:00,0.0,63.33,82.61,97.19,17.56,17.59,26.4,86.83,347.3,False
2022-08-01 15:00:00,0.0,59.46,82.01,96.48,18.03,17.75,25.36,84.87,346.67,False
2022-08-01 16:00:00,0.0,55.74,81.19,95.52,18.26,18.46,24.84,91.33,346.35,False
2022-08-01 17:00:00,0.0,52.39,80.51,94.72,19.46,20.25,24.27,95.25,346.01,False
2022-08-01 18:00:00,0.0,49.37,79.66,93.72,20.54,20.17,23.38,91.57,345.47,False
2022-08-01 19:00:00,15.31,73.63,79.36,93.36,20.69,20.05,24.18,91.01,345.95,False
2022-08-01 20:00:00,0.0,69.14,78.99,92.93,21.51,20.83,23.96,91.35,345.82,False
2022-08-01 21:00:00,0.0,64.97,78.48,92.33,21.64,21.41,25.37,87.24,346.67,False
2022-08-01 22:00:00,0.0,61.09,77.76,91.48,22.14,22.61,25.96,88.64,347.03,False
2022-08-01 23:00:00,0.0,57.38,77.04,90.63,23.05,22.82,28.86,82.01,348.79,False
2022-08-02 00:00:00,0.0,53.66,76.4,89.88,23.4,23.75,28.48,77.36,348.56,False
2022-08-02 01:00:00,0.0,50.54,75.76,89.13,24.38,24.66,28.82,73.3,348.77,False
2022-08-02 02:00:00,21.44,86.08,75.56,88.9,24.58,42.66,30.67,69.13,349.89,True
2022-08-02 03:00:00,0.0,80.9,75.25,88.53,24.26,24.87,31.99,66.84,350.69,False
2022-08-02 04:00:00,0.0,75.72,74.78,87.97,25.53,25.2,33.4,65.17,351.54,False
2022-08-02 05:00:00,0.0,71.37,74.23,87.33,26.66,25.86,32.49,63.5,350.99,False
2022-08-02 06:00:00,0.0,66.8,73.72,86.73,26.49,26.32,32.05,62.68,350.72,False
2022-08-02 07:00:00,0.0,63.28,73.2,86.11,25.99,26.86,33.34,68.67,351.5,False
2022-08-02 08:00:00,0.0,59.13,72.42,85.2,27.41,27.46,31.57,63.82,350.43,False
2022-08-02 09:00:00,0.0,55.81,71.78,84.44,27.71,28.23,31.42,68.39,350.34,False
2022-08-02 10:00:00,0.0,51.89,71.75,84.41,28.13,28.14,30.6,72.19,349.84,False
2022-08-02 11:00:00,0.0,48.1,71.6,84.24,28.67,29.33,29.62,75.64,349.25,False
2022-08-02 12:00:00,0.0,45.04,71.49,84.1,28.23,28.75,28.91,77.88,348.82,False
2022-08-02 13:00:00,0.0,41.66,71.21,83.78,29.54,28.79,26.93,81.14,347.62,False
2022-08-02 14:00:00,0.0,39.38,70.9,83.41,27.95,28.97,26.09,85.9,347.11,False
2022-08-02 15:00:00,0.0,37.01,70.54,82.99,29.36,29.85,25.31,88.43,346.64,False
2022-08-02 16:00:00,7.76,49.18,70.47,82.9,29.68,29.2,24.69,89.61,346.26,False
2022-08-02 17:00:00,0.0,46.17,70.28,82.68,29.23,29.21,24.21,88.4,345.97,False
2022-08-02 18:00:00,0.0,43.48,69.96,82.31,29.6,29.49,24.26,91.06,346.0,False
2022-08-02 19:00:00,0.0,40.79,69.68,81.97,30.62,30.84,24.66,89.23,346.24,False
2022-08-02 20:00:00,7.97,52.42,69.59,81.87,31.19,30.91,24.84,88.79,346.35,False
2022-08-02 21:00:00,0.0,49.15,69.39,81.63,31.43,30.68,25.59,87.97,346.81,False
2022-08-02 22:00:00,0.0,45.84,69.23,81.45,30.63,30.54,25.3,85.72,346.63,False
2022-08-02 23:00:00,0.0,43.21,68.96,81.13,31.58,30.82,27.37,85.18,347.88,False
2022-08-03 00:00:00,0.0,40.52,68.69,80.82,31.28,32.12,28.79,76.93,348.75,False
2022-08-03 01:00:00,0.0,38.06,68.37,80.43,32.0,31.6,30.1,75.93,349.54,False
2022-08-03 02:00:00,0.0,36.63,67.92,79.91,31.99,32.22,30.33,71.61,349.68,False
2022-08-03 03:00:00,10.66,53.5,67.73,79.69,31.81,32.09,31.29,70.69,350.26,False
2022-08-03 04:00:00,0.0,50.38,67.52,79.43,33.12,32.52,32.05,67.03,350.72,False
2022-08-03 05:00:00,0.0,47.34,67.3,79.18,33.45,32.85,33.17,62.46,351.4,False
2022-08-03 06:00:00,0.0,44.85,67.17,79.03,32.66,33.55,33.62,60.55,351.67,False
2022-08-03 07:00:00,0.0,42.23,66.87,78.68,33.5,33.09,32.6,65.1,351.06,False
2022-08-03 08:00:00,0.0,39.61,66.56,78.31,33.38,33.64,32.94,64.82,351.26,False
2022-08-03 09:00:00,23.7,80.58,66.98,78.8,33.9,32.88,31.76,66.14,350.54,False
2022-08-03 10:00:00,7.23,88.5,67.42,79.32,31.98,32.65,30.68,68.46,349.89,False
2022-08-03 11:00:00,0.0,83.13,67.78,79.74,32.15,32.36,29.54,74.7,349.2,False
2022-08-03 12:00:00,0.0,78.42,68.17,80.2,31.25,31.75,28.95,81.02,348.84,False
2022-08-03 13:00:00,0.0,73.47,68.44,80.51,30.93,31.66,27.53,80.81,347.98,False
2022-08-03 14:00:00,0.0,69.29,68.55,80.64,31.41,31.17,27.62,86.18,348.03,False
2022-08-03 15:00:00,0.0,64.99,68.6,80.7,31.22,31.6,24.81,87.69,346.33,False
2022-08-03 16:00:00,0.0,61.39,68.63,80.74,30.97,31.4,24.91,87.55,346.4,False
2022-08-03 17:00:00,0.0,58.0,68.62,80.73,31.72,31.16,23.84,92.99,345.74,False
2022-08-03 18:00:00,0.0,54.49,68.63,80.74,31.89,31.33,23.48,89.81,345.53,False
2022-08-03 19:00:00,0.0,50.92,68.52,80.61,31.69,32.0,24.15,91.57,345.93,False
2022-08-03 20:00:00,0.0,47.75,68.24,80.28,31.01,31.72,24.69,89.44,346.26,False
2022-08-03 21:00:00,0.0,44.88,67.92,79.91,32.22,32.25,27.07,89.69,347.7,False
2022-08-03 22:00:00,0.0,42.45,67.65,79.59,32.48,32.52,26.14,82.88,347.14,False
2022-08-03 23:00:00,0.0,40.0,67.33,79.21,32.33,32.9,26.66,82.41,347.45,False
2022-08-04 00:00:00,0.0,37.76,66.89,78.7,33.25,32.67,28.66,76.32,348.67,False
2022-08-04 01:00:00,2.85,40.73,66.66,78.42,33.14,32.93,28.42,73.35,348.52,False
2022-08-04 02:00:00,0.0,38.54,66.12,77.79,33.55,33.58,30.69,63.73,349.9,False
2022-08-04 03:00:00,0.0,36.17,66.31,78.01,33.22,33.93,31.69,72.28,350.51,False
2022-08-04 04:00:00,0.0,34.05,65.75,77.35,34.58,34.35,32.87,66.98,351.22,False
2022-08-04 05:00:00,0.0,32.01,65.92,77.55,34.6,34.17,33.43,62.94,351.56,False
2022-08-04 06:00:00,0.0,29.96,65.95,77.59,33.99,34.0,32.7,61.75,351.11,False
2022-08-04 07:00:00,0.0,28.47,66.05,77.7,34.35,33.42,32.76,63.49,351.15,False
2022-08-04 08:00:00,0.0,27.06,66.03,77.68,34.58,33.73,31.94,67.31,350.65,False
2022-08-04 09:00:00,0.0,25.79,66.12,77.79,33.93,33.96,31.01,64.32,350.09,False
2022-08-04 10:00:00,0.0,24.02,65.93,77.57,34.03,34.0,30.94,70.72,350.05,False
2022-08-04 11:00:00,0.0,22.68,65.94,77.58,34.24,34.13,28.9,77.92,348.81,False
2022-08-04 12:00:00,0.0,21.65,65.82,77.43,33.85,33.56,28.25,75.73,348.42,False
2022-08-04 13:00:00,0.0,20.8,65.75,77.36,34.47,34.24,26.74,81.78,347.5,False
2022-08-04 14:00:00,67.88,141.29,67.7,79.65,32.36,31.46,26.58,89.41,347.41,False
2022-08-04 15:00:00,0.0,132.81,68.8,80.94,30.67,30.68,26.4,89.16,347.3,False
2022-08-04 16:00:00,0.0,124.79,69.96,82.31,29.52,29.65,23.82,90.38,345.74,False
2022-08-04 17:00:00,0.0,117.78,70.96,83.48,28.65,28.31,23.04,92.54,345.26,False
2022-08-04 18:00:00,0.0,110.05,71.8,84.47,28.41,27.88,23.93,91.2,345.8,False
2022-08-04 19:00:00,0.0,103.13,72.55,85.35,27.32,27.56,24.16,94.12,345.94,False
2022-08-04 20:00:00,13.57,121.79,72.95,85.82,27.04,27.52,24.73,89.33,346.29,False
2022-08-04 21:00:00,0.0,114.34,73.28,86.21,27.26,26.5,25.05,83.98,346.48,False
2022-08-04 22:00:00,0.0,107.09,73.39,86.34,26.79,26.35,26.13,84.22,347.13,False
2022-08-04 23:00:00,0.0,101.12,73.5,86.47,26.24,26.45,27.56,79.69,348.0,False
2022-08-05 00:00:00,0.0,94.62,73.48,86.45,26.12,26.41,29.12,77.44,348.95,False
2022-08-05 01:00:00,0.0,89.25,73.32,86.26,26.8,26.28,28.49,73.86,348.57,False
2022-08-05 02:00:00,0.0,83.43,73.22,86.14,26.4,27.0,30.53,73.39,349.8,False
2022-08-05 03:00:00,10.37,96.65,73.22,86.14,27.28,26.66,31.81,69.49,350.58,False
2022-08-05 04:00:00,0.0,90.92,73.11,86.02,26.98,26.62,31.85,66.4,350.6,False
2022-08-05 05:00:00,0.0,85.21,72.94,85.81,27.11,26.83,33.89,64.47,351.83,False
2022-08-05 06:00:00,0.0,80.18,72.63,85.44,26.99,28.31,32.62,61.88,351.07,False
2022-08-05 07:00:00,0.0,75.91,72.35,85.12,27.9,27.96,32.82,60.11,351.19,False
2022-08-05 08:00:00,0.0,71.3,71.9,84.58,28.56,27.97,32.73,66.1,351.13,False
2022-08-05 09:00:00,1.53,70.26,72.13,84.86,27.81,26.89,31.33,69.69,350.28,False
2022-08-05 10:00:00,0.0,66.14,72.15,84.88,28.22,27.17,29.64,70.78,349.26,False
2022-08-05 11:00:00,0.0,62.46,72.05,84.76,27.79,27.99,29.41,73.31,349.12,False
2022-08-05 12:00:00,0.0,58.01,72.05,84.76,27.93,27.84,29.12,78.93,348.95,False
2022-08-05 13:00:00,0.0,54.72,71.93,84.62,28.91,27.61,27.13,81.46,347.74,False
2022-08-05 14:00:00,0.0,51.58,71.77,84.44,28.08,28.18,25.74,88.37,346.9,False
2022-08-05 15:00:00,4.21,55.95,71.52,84.14,28.7,28.19,25.87,90.36,346.98,False
2022-08-05 16:00:00,0.0,53.16,71.54,84.16,28.31,28.21,24.4,92.04,346.09,False
2022-08-05 17:00:00,0.0,49.83,71.38,83.97,28.74,28.55,23.85,93.04,345.75,False
2022-08-05 18:00:00,18.73,80.06,71.82,84.49,28.46,27.78,24.09,89.42,345.9,False
2022-08-05 19:00:00,53.82,172.37,73.58,86.56,26.06,25.87,24.62,92.85,346.22,False
2022-08-05 20:00:00,0.0,161.6,74.64,87.81,25.08,24.82,26.03,90.88,347.08,False
2022-08-05 21:00:00,0.0,151.92,75.57,88.9,24.66,24.27,25.81,89.11,346.94,False
2022-08-05 22:00:00,0.0,143.21,76.32,89.79,23.74,23.04,26.95,85.99,347.63,False
2022-08-05 23:00:00,0.0,134.77,76.95,90.53,23.52,23.93,27.03,82.53,347.68,False
2022-08-06 00:00:00,0.0,126.61,77.31,90.95,22.8,23.07,27.88,83.4,348.2,False
2022-08-06 01:00:00,0.0,118.91,77.67,91.38,23.07,22.61,29.7,74.22,349.3,False
2022-08-06 02:00:00,0.0,112.15,77.84,91.57,22.44,21.81,30.81,72.87,349.97,False
2022-08-06 03:00:00,0.0,105.06,77.9,91.64,22.85,21.76,31.03,67.16,350.11,False
2022-08-06 04:00:00,0.0,98.98,77.91,91.66,22.77,21.53,32.29,67.46,350.87,False
2022-08-06 05:00:00,0.0,93.7,77.8,91.53,21.94,22.93,33.09,66.36,351.35,False
2022-08-06 06:00:00,0.0,88.24,77.61,91.3,22.98,22.93,33.22,64.73,351.43,False
2022-08-06 07:00:00,0.0,82.88,77.44,91.11,22.94,22.83,33.15,67.82,351.39,False
2022-08-06 08:00:00,0.0,77.86,77.09,90.69,23.26,22.87,32.57,64.11,351.04,False
2022-08-06 09:00:00,0.0,73.04,76.63,90.15,23.84,23.21,31.38,67.13,350.31,False
2022-08-06 10:00:00,0.0,68.46,76.12,89.56,23.75,24.08,30.44,71.42,349.75,False
2022-08-06 11:00:00,0.0,64.39,75.47,88.78,24.67,25.17,28.95,76.14,348.84,False
2022-08-06 12:00:00,0.0,60.73,74.85,88.06,24.98,25.41,29.57,78.36,349.22,False
2022-08-06 13:00:00,0.0,57.57,74.23,87.33,26.7,25.33,27.34,84.19,347.87,False
2022-08-06 14:00:00,0.0,53.53,73.51,86.48,26.19,26.19,26.12,83.68,347.13,False
2022-08-06 15:00:00,0.0,49.59,72.7,85.52,26.79,27.49,24.76,85.62,346.31,False
2022-08-06 16:00:00,0.0,47.1,71.89,84.57,27.78,27.77,26.36,90.74,347.28,False
2022-08-06 17:00:00,14.19,69.83,72.01,84.72,27.97,27.8,23.51,91.37,345.55,False
2022-08-06 18:00:00,0.0,65.67,72.11,84.83,27.87,28.5,23.74,93.09,345.69,False
2022-08-06 19:00:00,0.0,61.88,72.25,85.0,28.11,27.63,24.4,91.47,346.09,False
2022-08-06 20:00:00,0.0,58.11,72.19,84.93,27.82,27.18,24.96,89.44,346.43,False
2022-08-06 21:00:00,0.0,55.22,72.16,84.9,27.64,28.99,25.89,87.75,346.99,False
2022-08-06 22:00:00,7.57,65.67,72.31,85.07,27.89,28.13,27.33,85.06,347.86,False
2022-08-06 23:00:00,0.0,61.6,71.63,84.28,28.83,28.34,27.64,81.01,348.05,False
2022-08-07 00:00:00,0.0,57.79,71.65,84.3,28.43,28.34,27.87,77.59,348.19,False
2022-08-07 01:00:00,0.0,54.28,71.51,84.13,28.84,27.64,29.51,73.57,349.18,False
2022-08-07 02:00:00,0.0,50.79,71.39,83.99,28.64,28.45,30.93,72.71,350.05,False
2022-08-07 03:00:00,0.0,48.25,71.14,83.7,28.75,28.56,32.92,68.49,351.25,False
2022-08-07 04:00:00,0.0,45.39,70.92,83.44,29.36,29.12,31.56,70.39,350.42,False
2022-08-07 05:00:00,0.0,42.32,70.64,83.1,29.45,30.01,33.57,64.8,351.64,False
2022-08-07 06:00:00,0.0,39.9,70.31,82.72,30.09,29.86,33.11,62.9,351.36,False
2022-08-07 07:00:00,0.0,37.94,69.97,82.31,30.65,30.85,33.35,69.82,351.51,False
2022-08-07 08:00:00,0.0,35.98,69.52,81.79,30.43,29.92,32.34,66.7,350.9,False
2022-08-07 09:00:00,0.0,33.59,68.99,81.16,31.27,30.39,31.18,70.08,350.19,False
2022-08-07 10:00:00,0.0,31.25,68.52,80.61,31.91,31.98,31.2,72.18,350.21,False
2022-08-07 11:00:00,0.0,29.8,68.1,80.12,32.06,31.94,30.06,75.62,349.51,False
2022-08-07 12:00:00,11.75,48.67,67.96,79.95,32.24,32.23,29.08,79.07,348.92,False
2022-08-07 13:00:00,0.0,45.86,67.76,79.72,32.3,32.23,27.33,79.42,347.86,False
2022-08-07 14:00:00,0.0,42.94,67.44,79.34,32.67,32.64,25.89,85.74,346.99,False
2022-08-07 15:00:00,0.0,40.76,67.13,78.98,33.08,33.15,24.38,85.25,346.08,False
2022-08-07 16:00:00,0.0,37.99,66.7,78.47,33.06,33.41,25.09,89.78,346.51,False
2022-08-07 17:00:00,0.0,35.48,66.25,77.95,33.07,33.52,24.41,90.07,346.09,False
2022-08-07 18:00:00,0.0,33.53,66.4,78.12,33.56,34.53,23.42,92.71,345.49,False
2022-08-07 19:00:00,0.0,31.76,65.78,77.39,34.15,34.25,23.83,92.19,345.74,False
2022-08-07 20:00:00,0.0,30.26,65.99,77.63,34.66,33.93,24.32,91.09,346.04,False
2022-08-07 21:00:00,0.0,28.59,65.92,77.55,34.2,33.94,24.43,88.47,346.1,False
2022-08-07 22:00:00,0.0,26.98,66.08,77.74,34.15,34.06,25.76,83.79,346.91,False
2022-08-07 23:00:00,0.0,25.67,66.0,77.65,33.84,33.9,26.66,81.1,347.45,False
2022-08-08 00:00:00,0.0,23.72,65.89,77.51,33.88,33.3,28.25,79.84,348.42,False
2022-08-08 01:00:00,0.0,22.03,65.78,77.39,33.88,34.12,29.22,76.51,349.01,False
2022-08-08 02:00:00,0.0,20.33,65.65,77.23,33.85,33.92,29.77,68.71,349.34,False
2022-08-08 03:00:00,0.0,18.3,65.46,77.01,34.83,34.65,32.9,65.04,351.23,False
2022-08-08 04:00:00,0.0,17.46,65.28,76.8,34.84,34.7,33.15,64.42,351.39,False
2022-08-08 05:00:00,0.0,16.84,65.13,76.62,35.46,34.6,32.38,66.57,350.92,False
2022-08-08 06:00:00,0.0,15.99,64.89,76.34,35.33,35.49,33.16,66.43,351.4,False
2022-08-08 07:00:00,0.0,15.15,64.77,76.19,35.33,35.21,33.1,62.63,351.36,False
2022-08-08 08:00:00,5.04,23.34,64.83,76.27,34.38,35.02,33.11,66.49,351.37,False
2022-08-08 09:00:00,0.0,21.95,64.6,76.0,36.17,35.26,31.19,71.77,350.2,False
2022-08-08 10:00:00,0.0,21.14,64.66,76.07,35.36,35.19,31.41,71.83,350.33,False
2022-08-08 11:00:00,8.04,34.81,64.86,76.31,34.31,35.34,29.34,77.22,349.08,False
2022-08-08 12:00:00,0.0,32.55,64.98,76.45,35.11,34.7,27.7,80.0,348.09,False
2022-08-08 13:00:00,0.0,30.93,65.01,76.49,34.66,35.01,27.77,79.8,348.13,False
2022-08-08 14:00:00,0.0,29.44,65.08,76.56,34.58,34.72,27.02,84.62,347.68,False
2022-08-08 15:00:00,0.0,27.87,65.17,76.67,34.93,34.57,26.87,87.97,347.58,False
2022-08-08 16:00:00,0.0,26.32,65.38,76.92,34.38,34.81,23.88,90.33,345.77,False
2022-08-08 17:00:00,0.0,24.84,65.53,77.09,34.88,34.1,24.57,93.36,346.19,False
2022-08-08 18:00:00,7.01,35.52,65.56,77.13,34.39,34.65,23.75,92.82,345.69,False
2022-08-08 19:00:00,22.09,72.67,66.31,78.02,33.85,33.81,24.62,85.65,346.22,False
2022-08-08 20:00:00,55.67,168.76,68.13,80.16,32.09,32.4,23.72,87.5,345.67,False
2022-08-08 21:00:00,0.0,158.3,69.88,82.21,15.22,29.42,24.56,83.52,346.18,True
2022-08-08 22:00:00,0.0,148.38,71.35,83.94,28.74,29.06,25.78,85.35,346.93,False
2022-08-08 23:00:00,0.0,138.86,72.6,85.41,27.46,27.28,27.38,82.1,347.89,False
2022-08-09 00:00:00,0.0,130.38,73.14,86.04,27.46,26.15,28.12,78.57,348.34,False
2022-08-09 01:00:00,0.0,122.67,73.51,86.48,26.83,26.23,30.06,72.46,349.52,False
2022-08-09 02:00:00,0.0,115.45,73.87,86.91,25.85,26.33,31.37,72.35,350.31,False
2022-08-09 03:00:00,0.0,108.78,74.24,87.34,25.32,25.73,32.04,69.53,350.72,False
2022-08-09 04:00:00,0.0,102.13,74.37,87.5,25.31,26.17,33.37,63.37,351.52,False
2022-08-09 05:00:00,0.0,96.04,74.41,87.54,25.76,25.46,33.1,61.54,351.36,False
2022-08-09 06:00:00,0.0,90.53,74.38,87.5,25.18,25.61,32.27,64.0,350.86,False
2022-08-09 07:00:00,2.94,90.52,74.28,87.39,25.46,25.64,33.66,68.06,351.7,False
2022-08-09 08:00:00,0.0,84.91,74.03,87.09,25.44,25.57,32.03,69.28,350.71,False
2022-08-09 09:00:00,0.0,79.91,73.69,86.7,26.68,26.3,32.23,69.23,350.83,False
2022-08-09 10:00:00,0.0,74.52,73.38,86.33,26.88,26.53,31.69,69.54,350.51,False
2022-08-09 11:00:00,0.0,70.05,72.93,85.8,27.42,27.1,29.94,76.15,349.44,False
2022-08-09 12:00:00,0.0,65.66,72.31,85.07,27.5,27.71,27.6,77.1,348.03,False
2022-08-09 13:00:00,0.0,62.18,71.81,84.48,27.49,28.19,26.78,80.09,347.53,False
2022-08-09 14:00:00,0.0,58.15,71.72,84.37,27.95,28.32,27.04,80.71,347.69,False
2022-08-09 15:00:00,0.0,54.7,71.54,84.16,47.92,28.9,25.22,88.1,346.58,True
2022-08-09 16:00:00,0.0,51.29,71.32,83.91,28.13,28.29,24.65,88.86,346.24,False
2022-08-09 17:00:00,0.0,48.04,71.15,83.7,29.31,28.56,24.61,91.72,346.21,False
2022-08-09 18:00:00,52.94,140.56,72.57,85.38,27.33,28.0,24.42,87.4,346.1,False
2022-08-09 19:00:00,0.0,132.0,73.15,86.06,26.97,27.36,24.32,91.86,346.04,False
2022-08-09 20:00:00,0.0,124.64,73.54,86.52,26.9,26.56,24.48,85.26,346.13,False
2022-08-09 21:00:00,0.0,116.57,73.78,86.8,25.81,27.03,25.13,90.08,346.53,False
2022-08-09 22:00:00,0.0,109.76,74.03,87.1,26.21,26.16,26.76,86.04,347.52,False
2022-08-09 23:00:00,0.0,103.15,74.1,87.18,25.32,26.65,27.67,81.07,348.07,False
2022-08-10 00:00:00,0.0,96.95,74.11,87.18,25.99,26.48,28.35,79.13,348.48,False
2022-08-10 01:00:00,0.0,91.22,73.98,87.03,26.45,26.68,30.31,72.42,349.67,False
2022-08-10 02:00:00,0.0,86.05,73.79,86.82,25.75,25.75,30.67,71.14,349.89,False
2022-08-10 03:00:00,3.26,86.83,73.63,86.63,26.7,26.63,31.17,69.69,350.19,False
2022-08-10 04:00:00,0.0,81.92,73.55,86.53,26.54,26.41,31.94,59.69,350.66,False
2022-08-10 05:00:00,0.0,77.02,73.23,86.15,26.59,26.24,32.26,63.58,350.85,False
2022-08-10 06:00:00,0.0,72.09,72.76,85.6,26.76,27.78,32.84,63.95,351.2,False
2022-08-10 07:00:00,0.0,67.74,72.26,85.01,27.84,28.22,33.59,64.08,351.65,False
2022-08-10 08:00:00,0.0,64.02,71.61,84.25,28.59,28.33,31.91,68.79,350.64,False
2022-08-10 09:00:00,0.0,60.05,71.54,84.16,28.34,28.22,31.8,65.85,350.57,False
2022-08-10 10:00:00,0.97,57.87,71.6,84.24,28.01,28.42,30.36,69.76,349.7,False
2022-08-10 11:00:00,0.0,54.59,71.54,84.16,28.77,27.74,29.51,70.54,349.18,False
2022-08-10 12:00:00,0.0,51.41,71.48,84.1,28.99,27.98,27.59,81.02,348.02,False
2022-08-10 13:00:00,0.0,48.1,71.15,83.71,29.23,28.73,27.2,81.13,347.79,False
2022-08-10 14:00:00,0.0,45.14,70.83,83.33,29.81,29.42,26.13,84.12,347.14,False
2022-08-10 15:00:00,0.0,42.38,70.56,83.01,29.18,29.37,25.64,87.79,346.84,False
2022-08-10 16:00:00,0.0,39.84,70.16,82.54,29.28,29.62,24.74,91.4,346.29,False
2022-08-10 17:00:00,0.0,37.64,69.67,81.96,30.5,30.0,23.43,92.22,345.5,False
2022-08-10 18:00:00,0.0,35.26,69.17,81.38,30.67,31.81,24.65,97.3,346.24,False
2022-08-10 19:00:00,0.0,33.35,68.7,80.82,31.69,30.87,24.28,92.43,346.01,False
2022-08-10 20:00:00,5.67,41.41,68.42,80.5,31.16,30.85,24.72,89.19,346.28,False
2022-08-10 21:00:00,0.0,39.42,68.22,80.26,31.4,31.55,25.31,86.78,346.64,False
2022-08-10 22:00:00,0.0,37.56,67.76,79.72,32.27,32.45,25.94,84.21,347.02,False
2022-08-10 23:00:00,0.0,35.05,67.26,79.13,32.81,32.78,27.47,78.62,347.94,False
2022-08-11 00:00:00,0.0,32.58,66.69,78.46,33.58,33.01,28.79,78.08,348.74,False
2022-08-11 01:00:00,0.0,30.92,66.25,77.94,33.71,33.82,28.62,75.94,348.64,False
2022-08-11 02:00:00,0.0,29.14,66.31,78.01,32.93,34.14,30.43,69.77,349.74,False
2022-08-11 03:00:00,0.0,27.56,65.69,77.28,99.0,34.39,31.53,66.49,350.41,True
2022-08-11 04:00:00,0.0,25.71,65.61,77.19,34.4,34.45,32.55,68.91,351.03,False
2022-08-11 05:00:00,0.0,24.13,65.56,77.13,35.59,34.5,33.56,61.62,351.64,False
2022-08-11 06:00:00,0.0,22.58,65.49,77.05,34.45,34.21,32.54,59.86,351.02,False
2022-08-11 07:00:00,0.0,21.31,65.33,76.86,34.25,34.85,32.55,62.17,351.02,False
2022-08-11 08:00:00,0.0,19.66,65.23,76.74,34.64,35.19,32.09,62.79,350.75,False
2022-08-11 09:00:00,6.76,30.62,65.19,76.69,35.25,35.35,31.2,68.87,350.21,False
2022-08-11 10:00:00,0.0,28.4,65.23,76.74,35.02,34.95,30.54,70.28,349.81,False
2022-08-11 11:00:00,0.0,26.54,65.21,76.72,34.91,34.79,30.13,73.94,349.56,False
2022-08-11 12:00:00,0.0,24.92,65.22,76.73,34.75,35.53,27.87,80.31,348.19,False
2022-08-11 13:00:00,0.0,23.58,65.27,76.79,34.78,34.78,27.59,80.24,348.02,False
2022-08-11 14:00:00,0.0,22.34,65.17,76.68,34.77,34.63,25.23,86.55,346.59,False
2022-08-11 15:00:00,0.0,21.23,65.09,76.57,35.39,34.64,24.98,90.92,346.44,False
2022-08-11 16:00:00,0.0,19.51,64.82,76.25,35.55,34.86,24.41,89.21,346.09,False
2022-08-11 17:00:00,0.0,18.72,64.84,76.29,34.78,34.95,25.16,93.0,346.55,False
2022-08-11 18:00:00,0.0,17.4,64.55,75.94,34.86,36.22,23.84,91.52,345.74,False
2022-08-11 19:00:00,0.0,16.19,64.37,75.73,35.14,35.33,22.83,93.37,345.14,False
2022-08-11 20:00:00,0.0,15.3,63.98,75.27,35.88,36.63,23.4,86.98,345.48,False
2022-08-11 21:00:00,0.0,14.28,63.71,74.96,36.38,36.21,25.34,84.61,346.66,False
2022-08-11 22:00:00,0.0,13.53,63.64,74.87,36.34,36.78,26.62,84.22,347.43,False
2022-08-11 23:00:00,0.0,12.88,63.5,74.71,36.75,36.07,27.56,79.85,348.0,False
2022-08-12 00:00:00,0.0,11.88,63.34,74.52,36.65,36.65,28.6,76.97,348.63,False
2022-08-12 01:00:00,12.68,33.94,63.45,74.65,37.19,35.9,30.36,73.94,349.7,False
2022-08-12 02:00:00,13.27,55.75,64.07,75.38,99.0,35.94,30.43,72.44,349.74,True
2022-08-12 03:00:00,0.0,52.69,64.53,75.92,35.48,35.79,32.22,67.29,350.82,False
2022-08-12 04:00:00,0.0,49.39,64.97,76.43,34.43,35.42,31.42,64.23,350.34,False
2022-08-12 05:00:00,7.06,58.99,65.72,77.32,34.42,34.28,32.3,63.77,350.88,False
2022-08-12 06:00:00,0.0,55.14,66.29,77.99,18.91,33.57,31.92,62.46,350.64,True
2022-08-12 07:00:00,0.0,51.56,66.7,78.47,33.01,33.33,32.68,62.61,351.11,False
2022-08-12 08:00:00,0.0,48.06,66.54,78.29,32.99,33.23,32.37,62.65,350.92,False
2022-08-12 09:00:00,0.0,44.97,66.41,78.13,34.03,33.36,31.75,68.24,350.54,False
2022-08-12 10:00:00,0.0,42.75,66.17,77.85,33.44,33.67,30.79,69.86,349.96,False
2022-08-12 11:00:00,0.0,40.39,66.46,78.19,33.6,33.63,29.11,76.31,348.94,False
2022-08-12 12:00:00,0.0,38.35,66.21,77.89,33.81,34.37,28.39,75.11,348.5,False
2022-08-12 13:00:00,0.0,35.76,66.57,78.31,33.61,33.95,26.44,80.54,347.32,False
2022-08-12 14:00:00,0.0,33.03,66.04,77.7,33.57,33.83,27.07,88.63,347.7,False
2022-08-12 15:00:00,0.0,31.15,66.18,77.85,33.78,33.5,25.14,86.02,346.53,False
2022-08-12 16:00:00,0.0,29.83,66.27,77.97,33.34,33.44,24.31,89.65,346.03,False
2022-08-12 17:00:00,0.0,27.9,66.26,77.96,33.77,33.14,25.11,89.09,346.51,False
2022-08-12 18:00:00,0.0,26.25,66.21,77.89,33.99,34.08,23.25,89.3,345.39,False
2022-08-12 19:00:00,0.0,24.21,66.31,78.01,99.0,33.14,23.48,94.62,345.53,True
2022-08-12 20:00:00,86.22,177.96,68.19,80.22,32.41,30.91,23.95,90.47,345.81,False
2022-08-12 21:00:00,0.0,167.25,69.86,82.19,30.03,30.43,25.28,88.17,346.62,False
2022-08-12 22:00:00,0.0,156.58,71.43,84.03,28.46,28.84,26.51,81.61,347.36,False
2022-08-12 23:00:00,0.0,146.88,72.73,85.57,27.77,26.83,27.78,82.34,348.13,False
2022-08-13 00:00:00,2.9,142.95,73.41,86.36,26.82,26.71,30.04,80.31,349.51,False
2022-08-13 01:00:00,0.0,133.9,73.92,86.96,26.58,25.56,28.32,76.68,348.46,False
2022-08-13 02:00:00,0.0,125.65,74.38,87.5,26.4,25.58,31.12,72.34,350.16,False
2022-08-13 03:00:00,0.0,118.26,74.82,88.03,24.84,25.32,31.35,65.84,350.3,False
2022-08-13 04:00:00,0.0,110.97,74.99,88.22,25.34,25.29,32.05,66.5,350.72,False
2022-08-13 05:00:00,0.0,104.66,75.16,88.42,24.6,25.0,32.47,65.81,350.98,False
2022-08-13 06:00:00,0.0,98.27,75.22,88.49,25.41,24.02,32.45,60.41,350.97,False
2022-08-13 07:00:00,0.0,92.47,74.94,88.17,24.58,25.18,33.86,62.23,351.82,False
2022-08-13 08:00:00,0.0,87.07,74.71,87.89,25.66,26.16,32.9,67.65,351.24,False
2022-08-13 09:00:00,13.89,107.32,74.83,88.03,24.95,25.33,31.7,69.85,350.51,False
2022-08-13 10:00:00,0.0,100.66,74.9,88.11,25.33,24.55,31.56,67.9,350.43,False
2022-08-13 11:00:00,40.79,168.18,76.1,89.53,24.4,23.61,28.76,75.97,348.73,False
2022-08-13 12:00:00,0.0,157.81,77.12,90.73,22.62,22.67,27.7,78.19,348.09,False
2022-08-13 13:00:00,23.36,190.9,78.59,92.46,20.82,20.48,26.03,83.19,347.07,False
2022-08-13 14:00:00,0.0,179.13,79.89,93.98,20.01,20.15,25.83,83.73,346.95,False
2022-08-13 15:00:00,0.0,168.5,80.93,95.22,18.91,18.93,25.42,89.19,346.7,False
2022-08-13 16:00:00,0.0,158.86,81.95,96.41,17.54,17.93,24.66,91.81,346.25,False
2022-08-13 17:00:00,0.0,148.97,82.76,97.37,16.44,17.19,24.24,90.82,345.99,False
2022-08-13 18:00:00,0.0,140.21,83.5,98.24,16.99,16.21,23.15,92.04,345.33,False
2022-08-13 19:00:00,0.0,131.5,84.11,98.95,16.49,16.23,24.64,90.23,346.23,False
2022-08-13 20:00:00,0.0,124.31,84.51,99.43,15.25,15.56,24.75,93.43,346.3,False
2022-08-13 21:00:00,0.0,116.28,84.83,99.8,15.05,14.95,25.76,87.66,346.91,False
2022-08-13 22:00:00,0.0,108.85,84.99,99.99,15.33,15.19,25.11,83.16,346.52,False
2022-08-13 23:00:00,0.0,101.98,84.96,99.95,15.37,15.18,27.52,80.19,347.98,False
2022-08-14 00:00:00,0.0,95.53,84.85,99.82,15.86,14.77,27.79,78.25,348.14,False
2022-08-14 01:00:00,0.0,89.96,84.53,99.44,15.72,15.4,29.43,75.88,349.13,False
2022-08-14 02:00:00,0.0,85.1,84.27,99.14,15.32,15.66,31.07,68.33,350.13,False
2022-08-14 03:00:00,0.0,80.34,83.92,98.73,16.39,15.84,31.74,71.8,350.53,False
2022-08-14 04:00:00,0.0,75.59,83.46,98.18,16.26,16.0,31.89,66.49,350.62,False
2022-08-14 05:00:00,0.0,71.06,83.07,97.73,16.91,16.69,32.85,65.41,351.21,False
2022-08-14 06:00:00,0.0,66.61,82.58,97.15,17.87,17.93,32.08,63.81,350.74,False
2022-08-14 07:00:00,0.0,62.73,82.03,96.5,17.61,17.71,33.54,64.52,351.62,False
2022-08-14 08:00:00,0.0,58.91,81.43,95.8,18.54,18.93,32.27,65.58,350.86,False
2022-08-14 09:00:00,14.18,80.96,81.14,95.45,18.37,18.85,32.35,70.14,350.91,False
2022-08-14 10:00:00,0.0,75.88,80.76,95.01,18.85,19.31,30.43,70.98,349.74,False
2022-08-14 11:00:00,0.0,70.96,80.37,94.55,19.41,19.14,29.35,75.91,349.09,False
2022-08-14 12:00:00,0.0,66.71,79.89,93.99,20.76,20.57,28.04,77.13,348.29,False
2022-08-14 13:00:00,0.0,62.71,79.38,93.39,20.63,21.44,27.86,82.01,348.18,False
2022-08-14 14:00:00,0.0,58.77,78.72,92.61,22.34,21.0,25.82,83.39,346.95,False
2022-08-14 15:00:00,0.0,55.01,77.91,91.66,22.47,22.61,25.7,90.33,346.88,False
2022-08-14 16:00:00,0.0,51.88,77.16,90.77,23.23,22.33,24.37,88.46,346.07,False
2022-08-14 17:00:00,0.0,48.9,76.29,89.75,23.28,23.69,22.97,90.87,345.22,False
2022-08-14 18:00:00,0.0,46.53,75.47,88.79,24.46,24.06,23.66,91.37,345.64,False
2022-08-14 19:00:00,8.4,59.28,74.85,88.05,24.7,25.31,23.45,90.82,345.51,False
2022-08-14 20:00:00,0.0,55.36,74.13,87.21,25.74,25.79,24.62,91.57,346.22,False
2022-08-14 21:00:00,0.0,51.98,73.33,86.27,26.49,26.65,24.6,87.27,346.21,False
2022-08-14 22:00:00,0.0,48.46,72.58,85.38,27.41,27.95,26.81,87.79,347.54,False
2022-08-14 23:00:00,0.0,45.0,71.76,84.42,28.57,28.74,27.28,79.99,347.83,False
2022-08-15 00:00:00,0.0,42.96,71.43,84.04,28.47,28.5,28.39,78.34,348.51,False
2022-08-15 01:00:00,0.0,40.82,71.01,83.54,29.33,29.43,30.06,72.82,349.52,False
2022-08-15 02:00:00,0.0,38.18,70.66,83.13,28.75,29.8,31.33,71.84,350.28,False
2022-08-15 03:00:00,2.94,41.56,70.45,82.88,29.73,29.99,31.67,68.07,350.49,False
2022-08-15 04:00:00,0.0,39.48,70.01,82.36,29.82,30.05,31.93,65.57,350.65,False
2022-08-15 05:00:00,0.0,36.54,69.65,81.95,30.45,30.48,31.78,66.85,350.56,False
2022-08-15 06:00:00,0.0,34.6,69.17,81.37,31.18,30.72,32.59,62.69,351.05,False
2022-08-15 07:00:00,0.0,32.38,68.62,80.73,30.8,32.31,32.48,65.65,350.98,False
2022-08-15 08:00:00,0.0,30.55,68.21,80.24,32.38,31.95,32.46,64.34,350.97,False
2022-08-15 09:00:00,0.52,30.56,67.77,79.73,32.15,32.2,31.47,68.33,350.37,False
2022-08-15 10:00:00,0.0,29.2,67.24,79.11,33.5,32.96,31.16,68.61,350.18,False
2022-08-15 11:00:00,0.0,27.41,66.76,78.54,33.27,33.35,29.3,73.05,349.05,False
2022-08-15 12:00:00,0.0,26.19,66.25,77.95,34.27,34.57,28.47,77.84,348.55,False
2022-08-15 13:00:00,0.0,24.04,66.1,77.76,33.93,33.89,28.05,85.25,348.3,False
2022-08-15 14:00:00,0.0,22.75,66.04,77.7,34.06,34.26,26.46,85.2,347.33,False
2022-08-15 15:00:00,0.0,21.55,66.07,77.73,33.97,33.88,25.28,91.21,346.62,False
2022-08-15 16:00:00,0.0,20.46,66.01,77.66,33.9,33.31,24.24,90.57,345.99,False
2022-08-15 17:00:00,0.0,19.08,65.68,77.27,34.21,34.32,23.77,90.75,345.71,False
2022-08-15 18:00:00,0.0,18.05,65.46,77.01,34.63,34.88,23.49,95.08,345.53,False
2022-08-15 19:00:00,0.0,17.23,65.38,76.92,34.84,34.67,23.83,92.4,345.74,False
2022-08-15 20:00:00,0.0,15.5,65.16,76.66,34.94,34.38,25.06,88.84,346.48,False
2022-08-15 21:00:00,0.0,14.47,65.05,76.53,35.16,35.59,25.18,88.84,346.56,False
2022-08-15 22:00:00,0.0,13.33,64.99,76.46,34.4,34.53,25.44,84.41,346.72,False
2022-08-15 23:00:00,0.0,12.73,64.75,76.17,35.61,34.94,28.4,77.65,348.51,False
2022-08-16 00:00:00,0.0,12.38,64.46,75.84,35.24,35.09,28.69,79.87,348.69,False
2022-08-16 01:00:00,0.0,11.45,64.14,75.45,35.21,35.45,28.82,76.57,348.77,False
2022-08-16 02:00:00,0.0,10.44,63.93,75.21,36.81,36.09,30.48,74.68,349.77,False
2022-08-16 03:00:00,0.0,9.85,63.61,74.83,36.96,36.64,31.75,68.94,350.54,False
2022-08-16 04:00:00,0.0,8.91,63.28,74.45,36.71,36.48,33.42,65.38,351.55,False
2022-08-16 05:00:00,0.0,8.31,62.89,73.99,37.54,37.33,32.18,66.15,350.8,False
2022-08-16 06:00:00,0.0,7.71,62.55,73.58,37.32,37.76,33.59,65.7,351.65,False
2022-08-16 07:00:00,0.0,7.42,62.17,73.14,37.64,37.7,33.69,67.75,351.71,False
2022-08-16 08:00:00,0.0,7.07,61.69,72.58,38.07,37.7,32.02,65.79,350.7,False
2022-08-16 09:00:00,0.0,6.7,61.3,72.11,38.45,39.31,31.52,67.77,350.4,False
2022-08-16 10:00:00,0.0,6.79,61.03,71.8,38.87,38.7,30.13,69.57,349.56,False
2022-08-16 11:00:00,0.0,6.46,60.81,71.54,38.91,38.31,29.54,75.45,349.2,False
2022-08-16 12:00:00,0.0,5.95,60.46,71.12,38.4,39.39,28.48,74.9,348.56,False
2022-08-16 13:00:00,0.0,5.5,60.11,70.72,39.82,40.12,27.73,83.18,348.11,False
2022-08-16 14:00:00,0.0,4.94,59.78,70.32,39.84,40.52,26.9,86.18,347.6,False
2022-08-16 15:00:00,0.0,4.34,59.56,70.08,40.55,39.98,24.87,89.07,346.37,False
2022-08-16 16:00:00,0.0,3.66,59.1,69.54,40.8,40.16,23.42,90.4,345.49,False
2022-08-16 17:00:00,0.0,3.78,58.63,68.97,41.63,41.5,24.14,94.59,345.93,False
2022-08-16 18:00:00,0.0,3.34,58.24,68.52,41.77,41.97,24.18,93.74,345.95,False
2022-08-16 19:00:00,0.63,4.37,57.9,68.12,41.59,42.54,24.3,90.31,346.03,False
2022-08-16 20:00:00,0.0,4.02,57.53,67.68,41.97,42.87,24.41,88.95,346.09,False
2022-08-16 21:00:00,0.0,3.77,57.04,67.11,42.46,43.02,25.39,86.14,346.69,False
2022-08-16 22:00:00,0.0,3.89,56.74,66.75,42.92,42.9,27.16,86.1,347.76,False
2022-08-16 23:00:00,0.0,3.71,56.75,66.76,42.97,43.06,27.56,79.62,348.0,False
2022-08-17 00:00:00,0.0,3.21,56.81,66.83,43.56,43.1,28.28,80.17,348.44,False
2022-08-17 01:00:00,0.0,2.85,56.94,66.98,43.14,42.7,29.36,77.02,349.09,False
2022-08-17 02:00:00,0.0,2.94,56.83,66.86,42.43,43.6,30.65,69.24,349.87,False
2022-08-17 03:00:00,0.0,2.9,56.7,66.71,42.95,43.71,32.66,67.73,351.09,False
2022-08-17 04:00:00,0.0,3.01,56.76,66.77,43.23,42.69,32.29,65.91,350.87,False
2022-08-17 05:00:00,6.46,14.38,56.79,66.81,42.81,43.08,32.83,66.25,351.2,False
2022-08-17 06:00:00,0.0,13.1,56.94,66.99,43.09,43.89,32.71,67.22,351.12,False
2022-08-17 07:00:00,6.55,24.25,57.26,67.36,42.41,43.21,33.51,61.11,351.6,False
2022-08-17 08:00:00,0.0,22.87,57.63,67.8,42.32,42.45,33.57,65.24,351.65,False
2022-08-17 09:00:00,0.0,21.58,57.89,68.11,41.88,42.55,31.95,67.57,350.66,False
2022-08-17 10:00:00,0.0,19.87,58.22,68.5,41.82,42.44,30.8,68.2,349.96,False
2022-08-17 11:00:00,0.0,18.49,58.41,68.71,42.17,41.63,29.69,73.41,349.29,False
2022-08-17 12:00:00,0.0,17.1,58.55,68.88,41.8,40.91,27.07,78.86,347.7,False
2022-08-17 13:00:00,0.0,16.19,58.78,69.16,40.78,41.56,27.78,81.07,348.14,False
2022-08-17 14:00:00,0.0,15.35,59.01,69.42,42.0,41.36,26.33,81.91,347.26,False
2022-08-17 15:00:00,0.0,14.42,59.23,69.68,41.24,40.37,25.58,93.65,346.8,False
2022-08-17 16:00:00,6.18,24.96,59.73,70.27,40.0,40.38,24.18,90.66,345.95,False
2022-08-17 17:00:00,4.42,31.87,59.92,70.49,39.73,39.76,23.92,91.75,345.8,False
2022-08-17 18:00:00,5.22,39.46,60.17,70.79,39.96,39.17,23.75,89.8,345.69,False
2022-08-17 19:00:00,0.0,37.29,60.42,71.08,39.86,39.67,24.77,92.04,346.31,False
2022-08-17 20:00:00,0.0,34.89,60.58,71.27,40.12,40.0,24.38,89.8,346.07,False
2022-08-17 21:00:00,0.0,32.58,60.78,71.51,39.42,39.35,26.57,84.12,347.4,False
2022-08-17 22:00:00,0.0,30.93,60.88,71.63,38.85,39.19,26.51,82.86,347.36,False
2022-08-17 23:00:00,0.0,28.81,60.88,71.62,38.92,38.59,26.57,83.21,347.4,False
2022-08-18 00:00:00,0.0,27.29,60.83,71.57,39.42,39.42,28.42,81.89,348.52,False
2022-08-18 01:00:00,0.0,26.17,60.92,71.67,38.54,38.86,29.27,75.11,349.04,False
2022-08-18 02:00:00,0.0,24.79,60.88,71.63,39.72,38.81,29.43,73.21,349.14,False
2022-08-18 03:00:00,0.0,23.28,60.98,71.74,38.8,39.37,32.64,67.79,351.08,False
2022-08-18 04:00:00,0.0,21.48,60.81,71.54,39.57,38.7,32.82,65.7,351.19,False
2022-08-18 05:00:00,0.0,20.24,60.81,71.54,39.67,39.1,33.17,66.66,351.4,False
2022-08-18 06:00:00,0.0,19.33,60.66,71.36,40.56,38.88,33.1,67.33,351.36,False
2022-08-18 07:00:00,0.0,18.12,60.55,71.24,39.32,39.33,32.02,67.08,350.7,False
2022-08-18 08:00:00,0.0,17.34,60.3,70.94,39.59,38.83,32.11,63.74,350.76,False
2022-08-18 09:00:00,0.0,16.41,59.98,70.57,39.88,40.23,32.19,67.97,350.81,False
2022-08-18 10:00:00,0.0,15.51,59.92,70.5,40.15,40.24,30.12,71.56,349.55,False
2022-08-18 11:00:00,0.0,14.48,59.69,70.22,40.05,41.18,28.15,73.86,348.36,False
2022-08-18 12:00:00,0.0,13.18,59.55,70.05,40.94,40.55,28.36,78.78,348.49,False
2022-08-18 13:00:00,0.0,12.26,59.26,69.71,41.15,40.38,27.25,83.26,347.81,False
2022-08-18 14:00:00,8.97,27.54,59.36,69.83,40.54,41.04,26.33,87.01,347.26,False
2022-08-18 15:00:00,0.0,26.06,59.32,69.78,40.4,41.07,25.76,91.27,346.91,False
2022-08-18 16:00:00,0.0,24.5,59.19,69.63,40.64,41.34,24.99,89.47,346.44,False
2022-08-18 17:00:00,0.0,23.35,59.19,69.63,40.62,40.03,24.31,88.79,346.03,False
2022-08-18 18:00:00,0.0,22.03,59.19,69.64,41.01,40.53,24.72,92.72,346.28,False
2022-08-18 19:00:00,0.0,20.56,59.14,69.58,40.93,40.49,23.24,95.29,345.38,False
2022-08-18 20:00:00,0.0,19.08,59.01,69.43,41.32,41.6,24.91,89.17,346.39,False
2022-08-18 21:00:00,0.0,17.76,58.73,69.09,41.87,41.59,25.69,89.27,346.87,False
2022-08-18 22:00:00,0.0,16.74,58.48,68.8,41.64,41.97,25.51,86.39,346.76,False
2022-08-18 23:00:00,0.0,15.62,58.25,68.52,41.99,41.32,26.43,82.01,347.32,False
2022-08-19 00:00:00,0.0,14.36,58.02,68.26,42.96,42.03,28.05,78.01,348.3,False
2022-08-19 01:00:00,0.0,13.8,57.9,68.12,42.32,41.44,29.27,72.53,349.04,False
2022-08-19 02:00:00,0.0,13.02,57.67,67.85,42.13,41.89,31.2,66.44,350.21,False
2022-08-19 03:00:00,62.62,125.04,59.15,69.59,40.83,40.9,31.31,65.88,350.28,False
2022-08-19 04:00:00,0.0,117.29,60.46,71.12,38.88,39.63,31.88,65.1,350.62,False
2022-08-19 05:00:00,0.0,109.94,61.79,72.7,38.43,38.37,32.48,66.67,350.98,False
2022-08-19 06:00:00,0.0,103.3,63.03,74.16,36.75,36.71,33.67,63.79,351.7,False
2022-08-19 07:00:00,0.0,96.49,64.23,75.56,35.41,35.94,32.85,63.44,351.21,False
2022-08-19 08:00:00,0.0,90.94,65.19,76.69,34.47,34.81,32.29,64.09,350.87,False
2022-08-19 09:00:00,0.0,85.27,66.06,77.72,34.4,34.57,31.62,69.41,350.46,False
2022-08-19 10:00:00,0.0,80.07,66.99,78.81,32.91,32.84,31.53,73.72,350.4,False
2022-08-19 11:00:00,0.0,75.4,67.35,79.24,32.95,31.91,29.22,76.5,349.0,False
2022-08-19 12:00:00,0.0,70.81,67.38,79.27,32.78,32.87,29.29,79.21,349.05,False
2022-08-19 13:00:00,0.0,66.21,67.42,79.32,32.66,32.72,27.46,78.67,347.94,False
2022-08-19 14:00:00,0.0,62.69,67.55,79.47,32.29,32.09,26.15,84.3,347.15,False
2022-08-19 15:00:00,0.0,58.47,67.6,79.53,32.6,32.27,26.82,91.79,347.55,False
2022-08-19 16:00:00,0.0,54.29,67.43,79.33,32.4,32.65,23.97,92.37,345.83,False
2022-08-19 17:00:00,0.0,51.29,67.38,79.27,32.68,32.47,23.94,88.45,345.81,False
2022-08-19 18:00:00,0.0,47.78,67.18,79.03,33.26,32.38,23.26,91.89,345.4,False
2022-08-19 19:00:00,0.0,45.29,66.99,78.81,33.54,32.93,24.72,92.25,346.28,False
2022-08-19 20:00:00,0.0,42.68,66.64,78.4,33.18,33.71,25.62,88.6,346.82,False
2022-08-19 21:00:00,20.07,76.33,66.94,78.75,33.21,32.92,26.32,83.28,347.25,False
2022-08-19 22:00:00,0.0,71.58,67.04,78.87,33.2,33.05,26.98,85.2,347.65,False
2022-08-19 23:00:00,0.0,67.03,67.11,78.95,32.98,32.82,27.22,80.05,347.79,False
2022-08-20 00:00:00,0.0,62.9,67.14,78.98,33.17,32.37,28.28,76.43,348.44,False
2022-08-20 01:00:00,0.0,58.86,67.13,78.97,33.18,32.83,28.66,73.67,348.67,False
2022-08-20 02:00:00,0.0,55.69,67.25,79.12,33.49,32.57,31.97,70.73,350.67,False
2022-08-20 03:00:00,0.0,52.13,67.32,79.2,33.54,32.98,31.96,68.08,350.67,False
2022-08-20 04:00:00,0.0,49.15,67.11,78.95,32.82,33.38,32.1,64.11,350.75,False
2022-08-20 05:00:00,0.0,46.5,67.0,78.83,33.66,33.35,33.64,64.04,351.69,False
2022-08-20 06:00:00,0.0,43.45,66.64,78.4,33.54,33.07,32.42,60.49,350.94,False
2022-08-20 07:00:00,0.0,40.96,66.35,78.06,33.58,33.18,33.09,65.1,351.35,False
2022-08-20 08:00:00,0.0,38.23,65.94,77.57,34.31,33.46,32.29,60.16,350.87,False
2022-08-20 09:00:00,0.0,35.88,66.06,77.71,33.85,34.01,32.07,67.52,350.73,False
2022-08-20 10:00:00,0.0,33.59,66.39,78.11,33.59,33.33,30.71,72.84,349.91,False
2022-08-20 11:00:00,0.0,31.37,65.88,77.51,33.68,33.67,28.79,72.26,348.75,False
2022-08-20 12:00:00,0.0,29.53,65.88,77.51,34.15,34.9,28.55,79.43,348.6,False
2022-08-20 13:00:00,0.0,27.4,65.82,77.43,34.55,34.38,27.96,83.93,348.25,False
2022-08-20 14:00:00,0.0,26.03,65.75,77.35,34.54,34.38,26.23,78.38,347.2,False
2022-08-20 15:00:00,12.75,47.1,65.98,77.63,34.16,34.13,25.78,87.6,346.92,False
2022-08-20 16:00:00,0.0,43.9,66.29,77.99,34.4,34.36,23.98,84.37,345.83,False
2022-08-20 17:00:00,0.0,41.19,66.55,78.3,34.3,33.38,24.14,91.29,345.93,False
2022-08-20 18:00:00,27.53,88.15,67.05,78.88,33.15,33.2,23.63,91.99,345.62,False
2022-08-20 19:00:00,0.0,82.97,67.43,79.33,33.21,32.93,24.6,86.56,346.21,False
2022-08-20 20:00:00,0.0,78.02,67.69,79.63,32.45,33.06,24.62,93.97,346.22,False
2022-08-20 21:00:00,0.0,72.85,67.85,79.82,32.19,32.15,25.73,88.47,346.89,False
2022-08-20 22:00:00,0.0,68.77,68.01,80.01,32.38,32.49,26.9,83.3,347.6,False
2022-08-20 23:00:00,0.0,64.56,68.08,80.09,31.89,31.19,27.75,84.55,348.12,False
2022-08-21 00:00:00,0.0,60.76,68.04,80.05,31.01,32.8,28.66,74.41,348.67,False
2022-08-21 01:00:00,0.0,57.78,67.98,79.98,31.91,32.19,29.07,71.92,348.91,False
2022-08-21 02:00:00,0.0,54.7,68.02,80.02,31.38,32.29,30.75,66.4,349.93,False
2022-08-21 03:00:00,0.0,51.48,68.03,80.04,31.81,31.45,31.36,71.7,350.31,False
2022-08-21 04:00:00,38.25,116.83,68.96,81.13,30.82,30.5,32.19,66.54,350.81,False
2022-08-21 05:00:00,1.4,111.94,69.77,82.08,30.02,29.97,32.62,65.8,351.07,False
2022-08-21 06:00:00,0.0,105.58,70.53,82.97,29.05,29.48,32.41,64.6,350.94,False
2022-08-21 07:00:00,16.82,129.39,71.77,84.44,27.75,28.13,31.67,65.62,350.49,False
2022-08-21 08:00:00,0.0,121.58,72.8,85.64,26.95,27.04,32.0,66.03,350.69,False
2022-08-21 09:00:00,0.0,113.94,73.08,85.98,26.77,26.84,31.8,68.64,350.57,False
2022-08-21 10:00:00,0.0,107.24,73.18,86.09,26.7,25.89,29.94,71.22,349.44,False
2022-08-21 11:00:00,0.0,101.15,73.13,86.04,26.97,27.04,29.67,73.16,349.28,False
2022-08-21 12:00:00,0.0,95.54,73.14,86.05,27.14,26.79,29.64,77.91,349.26,False
2022-08-21 13:00:00,0.0,89.67,73.01,85.9,26.58,27.37,27.95,82.17,348.24,False
2022-08-21 14:00:00,0.0,84.48,72.83,85.69,26.82,26.98,27.24,85.22,347.81,False
2022-08-21 15:00:00,0.0,79.38,72.38,85.15,28.29,27.47,25.55,84.94,346.78,False
2022-08-21 16:00:00,0.0,74.89,72.13,84.86,28.17,27.93,25.3,87.43,346.63,False
2022-08-21 17:00:00,0.0,70.39,72.33,85.09,27.36,27.95,23.72,93.69,345.67,False
2022-08-21 18:00:00,0.0,65.92,71.64,84.28,27.86,28.82,23.61,91.39,345.61,False
2022-08-21 19:00:00,0.0,62.36,71.76,84.42,28.04,28.22,22.51,92.69,344.94,False
2022-08-21 20:00:00,0.0,58.65,71.71,84.36,28.19,28.46,25.31,87.94,346.64,False
2022-08-21 21:00:00,1.78,58.24,71.68,84.33,28.59,28.33,26.24,84.95,347.2,False
2022-08-21 22:00:00,0.0,54.79,71.56,84.18,27.52,28.33,25.92,83.31,347.01,False
2022-08-21 23:00:00,0.0,51.29,71.4,84.0,28.21,27.83,27.18,81.18,347.77,False
2022-08-22 00:00:00,0.0,48.33,71.2,83.77,29.52,28.88,28.05,76.67,348.3,False
2022-08-22 01:00:00,0.0,45.37,70.83,83.33,29.18,28.81,29.89,76.96,349.42,False
2022-08-22 02:00:00,0.0,42.41,70.6,83.06,29.42,46.81,31.42,71.36,350.34,True
2022-08-22 03:00:00,0.0,40.58,70.29,82.69,29.49,29.36,30.64,71.8,349.87,False
2022-08-22 04:00:00,0.0,37.84,69.96,82.3,30.36,29.82,32.64,66.68,351.08,False
2022-08-22 05:00:00,0.0,35.68,69.62,81.9,29.66,30.06,32.68,59.65,351.1,False
2022-08-22 06:00:00,0.0,33.56,69.18,81.39,30.65,31.03,33.07,66.11,351.34,False
2022-08-22 07:00:00,0.0,31.24,68.73,80.86,30.44,31.15,33.12,61.46,351.37,False
2022-08-22 08:00:00,0.0,29.26,68.1,80.12,31.89,32.13,32.28,66.34,350.86,False
2022-08-22 09:00:00,0.0,27.1,67.49,79.4,32.33,31.45,31.62,66.55,350.46,False
2022-08-22 10:00:00,0.0,26.1,66.93,78.74,32.42,33.87,30.62,75.29,349.86,False
2022-08-22 11:00:00,0.0,24.45,66.35,78.06,34.05,33.25,30.25,77.26,349.63,False
2022-08-22 12:00:00,0.0,22.93,65.76,77.37,34.51,34.54,28.75,76.52,348.72,False
2022-08-22 13:00:00,0.0,22.14,65.81,77.42,34.61,34.39,27.47,81.37,347.95,False
2022-08-22 14:00:00,0.0,20.56,65.7,77.3,33.7,34.58,25.49,85.49,346.75,False
2022-08-22 15:00:00,0.0,19.71,65.62,77.2,33.98,34.05,25.09,89.63,346.51,False
2022-08-22 16:00:00,0.0,18.71,65.5,77.05,34.99,34.37,25.14,90.18,346.54,False
2022-08-22 17:00:00,8.59,32.45,65.58,77.15,34.75,34.58,24.18,89.47,345.95,False
2022-08-22 18:00:00,0.0,30.39,65.63,77.21,34.94,34.38,24.4,90.56,346.08,False
2022-08-22 19:00:00,0.0,28.7,65.6,77.18,34.3,34.03,25.21,91.51,346.58,False
2022-08-22 20:00:00,0.0,26.99,65.6,77.18,34.35,34.63,25.23,92.59,346.59,False
2022-08-22 21:00:00,0.0,25.38,65.57,77.14,34.68,35.35,25.37,88.76,346.68,False
2022-08-22 22:00:00,0.0,23.67,65.51,77.07,33.95,34.32,25.94,83.45,347.02,False
2022-08-22 23:00:00,0.0,22.04,65.3,76.82,34.78,34.9,25.8,82.92,346.94,False
2022-08-23 00:00:00,0.0,20.63,65.19,76.7,35.82,34.9,28.4,77.23,348.51,False
2022-08-23 01:00:00,0.0,19.98,65.02,76.49,34.84,34.84,29.47,76.16,349.16,False
2022-08-23 02:00:00,0.0,18.51,64.88,76.33,34.48,35.44,30.98,76.05,350.08,False
2022-08-23 03:00:00,0.0,17.25,64.64,76.05,35.52,35.68,31.59,67.38,350.44,False
2022-08-23 04:00:00,0.0,16.22,64.47,75.85,35.17,35.31,32.2,67.48,350.82,False
2022-08-23 05:00:00,0.0,14.81,64.26,75.6,35.7,36.32,31.78,62.99,350.56,False
2022-08-23 06:00:00,0.0,14.05,64.0,75.3,36.43,36.0,32.44,63.78,350.96,False
2022-08-23 07:00:00,0.0,12.82,63.8,75.06,36.42,36.63,33.13,64.54,351.38,False
2022-08-23 08:00:00,0.0,11.73,63.58,74.8,36.22,36.55,33.43,65.49,351.56,False
2022-08-23 09:00:00,0.0,10.68,63.32,74.49,37.02,36.7,31.62,73.03,350.46,False
2022-08-23 10:00:00,0.0,9.55,63.08,74.22,36.25,36.91,30.95,70.39,350.05,False
2022-08-23 11:00:00,28.25,60.2,63.61,74.84,36.47,36.66,30.24,75.55,349.62,False
2022-08-23 12:00:00,0.0,56.75,64.15,75.47,35.7,35.41,28.01,74.14,348.28,False
2022-08-23 13:00:00,0.0,53.62,64.6,76.0,34.45,35.55,27.56,82.49,348.0,False
2022-08-23 14:00:00,0.0,50.65,64.93,76.38,34.59,35.6,25.81,87.28,346.94,False
2022-08-23 15:00:00,42.43,123.93,66.49,78.22,33.51,33.72,25.84,86.84,346.96,False
2022-08-23 16:00:00,0.0,116.49,67.52,79.44,32.78,31.78,24.69,85.1,346.26,False
2022-08-23 17:00:00,0.0,109.8,68.48,80.56,31.53,30.97,24.33,91.45,346.05,False
2022-08-23 18:00:00,0.0,103.7,69.26,81.49,30.62,30.75,23.53,92.03,345.56,False
2022-08-23 19:00:00,0.0,97.1,69.83,82.16,30.49,29.85,24.58,92.97,346.19,False
2022-08-23 20:00:00,0.0,92.03,70.48,82.92,29.63,29.87,25.85,94.15,346.97,False
2022-08-23 21:00:00,14.28,111.81,71.4,83.99,29.0,28.41,24.71,87.14,346.28,False
2022-08-23 22:00:00,11.74,126.1,72.52,85.32,27.71,27.7,26.05,83.29,347.08,False
2022-08-23 23:00:00,0.0,118.56,73.01,85.89,26.71,27.77,27.47,79.29,347.95,False
2022-08-24 00:00:00,0.0,111.5,73.16,86.07,27.11,26.85,28.97,78.4,348.86,False
2022-08-24 01:00:00,0.0,105.4,73.34,86.28,27.05,26.26,29.33,75.34,349.07,False
2022-08-24 02:00:00,0.0,99.38,73.29,86.22,27.27,26.87,29.05,69.91,348.9,False
2022-08-24 03:00:00,0.0,93.54,73.16,86.07,26.63,26.96,32.5,69.66,350.99,False
2022-08-24 04:00:00,0.0,88.23,73.2,86.11,26.66,26.9,32.85,66.81,351.21,False
2022-08-24 05:00:00,0.0,83.04,72.98,85.86,27.37,27.57,31.8,64.56,350.57,False
2022-08-24 06:00:00,17.38,109.15,73.31,86.24,27.03,26.22,32.64,62.2,351.08,False
2022-08-24 07:00:00,0.0,102.74,73.42,86.38,26.37,26.98,33.79,63.51,351.78,False
2022-08-24 08:00:00,0.0,96.6,73.43,86.38,26.31,26.33,33.27,61.02,351.46,False
2022-08-24 09:00:00,0.0,90.55,73.24,86.17,26.58,27.31,32.25,68.57,350.84,False
2022-08-24 10:00:00,0.0,85.5,73.11,86.01,26.92,26.04,30.64,71.05,349.87,False
2022-08-24 11:00:00,0.0,80.35,72.81,85.66,26.84,28.08,29.71,74.75,349.31,False
2022-08-24 12:00:00,10.33,93.78,72.74,85.57,27.43,27.15,28.42,79.01,348.52,False
2022-08-24 13:00:00,0.0,87.87,72.54,85.34,26.77,26.97,28.01,82.4,348.28,False
2022-08-24 14:00:00,0.0,82.76,72.27,85.03,27.39,28.09,25.72,84.78,346.89,False
2022-08-24 15:00:00,0.0,78.11,71.94,84.63,28.14,28.27,24.83,88.0,346.35,False
2022-08-24 16:00:00,0.0,73.56,72.17,84.91,27.46,28.01,25.21,87.32,346.58,False
2022-08-24 17:00:00,0.0,69.3,72.32,85.09,27.51,28.05,24.13,90.36,345.92,False
2022-08-24 18:00:00,0.0,64.9,71.64,84.28,28.31,28.37,24.83,92.1,346.35,False
2022-08-24 19:00:00,0.0,61.03,71.7,84.35,29.15,28.18,23.75,90.05,345.69,False
2022-08-24 20:00:00,0.0,57.27,71.65,84.29,27.83,27.89,24.57,91.84,346.19,False
2022-08-24 21:00:00,0.0,53.77,71.28,83.85,28.82,28.68,24.76,86.58,346.31,False
2022-08-24 22:00:00,0.0,50.51,70.99,83.52,28.6,28.8,26.25,85.43,347.21,False
2022-08-24 23:00:00,0.0,47.29,70.74,83.23,28.83,29.26,26.45,81.86,347.33,False
2022-08-25 00:00:00,0.0,44.67,70.59,83.05,29.06,29.46,28.21,79.49,348.39,False
2022-08-25 01:00:00,0.0,41.69,70.33,82.74,29.61,30.36,28.8,76.18,348.75,False
2022-08-25 02:00:00,0.0,38.8,69.92,82.26,30.65,29.78,31.17,72.39,350.19,False
2022-08-25 03:00:00,0.0,36.24,69.51,81.78,30.96,30.43,32.11,63.89,350.76,False
2022-08-25 04:00:00,0.0,34.33,69.17,81.38,30.64,30.65,31.36,68.26,350.3,False
2022-08-25 05:00:00,0.0,32.37,68.66,80.78,31.23,30.78,33.65,67.53,351.69,False
2022-08-25 06:00:00,0.0,29.89,68.07,80.09,32.16,33.09,34.5,63.04,352.21,False
2022-08-25 07:00:00,0.0,28.28,67.62,79.55,32.41,32.01,32.87,64.95,351.22,False
2022-08-25 08:00:00,0.0,26.57,67.15,79.0,32.6,33.0,32.01,64.09,350.7,False
2022-08-25 09:00:00,15.98,53.61,66.99,78.82,33.27,33.69,33.38,64.2,351.53,False
2022-08-25 10:00:00,0.0,50.32,66.87,78.67,33.78,32.63,29.96,69.52,349.45,False
2022-08-25 11:00:00,0.0,46.9,66.65,78.41,33.77,33.7,29.68,73.3,349.28,False
2022-08-25 12:00:00,0.0,44.14,66.34,78.04,34.21,33.05,28.61,77.29,348.64,False
2022-08-25 13:00:00,0.0,41.11,66.12,77.78,33.83,33.56,28.14,79.71,348.35,False
2022-08-25 14:00:00,0.0,38.54,66.27,77.96,33.3,33.96,26.47,83.53,347.34,False
2022-08-25 15:00:00,0.0,36.12,66.49,78.22,32.71,33.4,25.02,87.88,346.46,False
2022-08-25 16:00:00,0.0,34.18,66.06,77.72,33.11,34.52,24.03,88.58,345.86,False
2022-08-25 17:00:00,0.0,32.14,66.14,77.82,53.77,33.91,23.95,92.61,345.81,True
2022-08-25 18:00:00,0.0,30.43,66.17,77.84,34.04,34.04,23.4,93.36,345.48,False
2022-08-25 19:00:00,0.0,28.24,66.12,77.79,34.22,33.6,24.18,96.28,345.95,False
2022-08-25 20:00:00,0.0,26.52,66.1,77.77,34.0,33.48,24.26,92.38,346.0,False
2022-08-25 21:00:00,0.0,25.08,66.04,77.69,33.67,33.5,24.42,88.39,346.1,False
2022-08-25 22:00:00,0.0,23.95,66.0,77.65,34.26,33.62,27.0,83.76,347.66,False
2022-08-25 23:00:00,0.0,22.17,65.84,77.46,33.68,33.88,27.04,82.21,347.68,False
2022-08-26 00:00:00,0.0,20.59,65.73,77.33,33.83,34.73,27.74,78.65,348.11,False
2022-08-26 01:00:00,0.0,19.51,65.65,77.23,34.6,34.51,29.56,73.35,349.22,False
2022-08-26 02:00:00,0.0,18.82,65.47,77.02,34.04,34.02,30.79,72.57,349.96,False
2022-08-26 03:00:00,0.0,17.78,65.38,76.92,34.31,34.45,30.63,65.3,349.86,False
2022-08-26 04:00:00,0.0,16.38,65.28,76.8,34.33,34.7,32.6,65.39,351.05,False
2022-08-26 05:00:00,0.0,15.07,65.0,76.47,35.07,36.18,32.22,65.59,350.82,False
2022-08-26 06:00:00,0.0,14.2,64.73,76.16,35.5,35.27,34.03,63.42,351.92,False
2022-08-26 07:00:00,0.0,13.46,64.41,75.78,35.83,35.77,33.16,64.06,351.4,False
2022-08-26 08:00:00,0.0,12.58,64.21,75.55,35.55,35.39,32.16,65.6,350.79,False
2022-08-26 09:00:00,0.0,11.51,63.98,75.27,35.96,36.31,31.23,66.43,350.23,False
2022-08-26 10:00:00,0.0,11.15,63.59,74.82,36.7,36.96,30.69,73.35,349.9,False
2022-08-26 11:00:00,0.0,10.37,63.28,74.44,36.51,36.66,30.03,72.34,349.5,False
2022-08-26 12:00:00,0.0,9.91,63.03,74.15,36.61,37.22,28.48,78.64,348.56,False
2022-08-26 13:00:00,0.0,8.78,62.74,73.81,37.0,37.49,27.21,82.45,347.79,False
2022-08-26 14:00:00,0.0,8.62,62.54,73.58,37.22,37.49,26.29,83.1,347.23,False
2022-08-26 15:00:00,0.0,7.89,62.14,73.11,37.87,38.38,24.96,88.05,346.42,False
2022-08-26 16:00:00,0.0,7.82,61.83,72.74,38.16,37.85,24.4,88.31,346.08,False
2022-08-26 17:00:00,0.0,7.54,61.44,72.28,38.5,38.22,22.9,94.31,345.18,False
2022-08-26 18:00:00,0.0,6.66,61.12,71.9,38.56,38.89,24.58,89.72,346.2,False
2022-08-26 19:00:00,0.0,6.33,60.77,71.49,38.86,39.08,24.33,90.22,346.05,False
2022-08-26 20:00:00,0.0,6.45,60.46,71.12,39.8,38.38,24.14,87.68,345.93,False
2022-08-26 21:00:00,0.0,5.88,60.08,70.68,40.06,39.63,26.46,85.18,347.33,False
2022-08-26 22:00:00,0.0,6.03,59.8,70.36,40.02,39.35,26.3,88.18,347.24,False
2022-08-26 23:00:00,0.0,5.78,59.4,69.88,40.58,40.47,26.71,82.71,347.49,False
2022-08-27 00:00:00,0.0,5.84,58.98,69.39,41.51,41.31,29.01,78.28,348.88,False
2022-08-27 01:00:00,0.0,5.53,58.65,69.0,41.32,41.37,29.9,73.06,349.42,False
2022-08-27 02:00:00,0.0,5.16,58.44,68.76,41.56,41.61,30.99,72.82,350.08,False
2022-08-27 03:00:00,0.0,5.41,57.97,68.2,42.64,41.97,31.43,66.45,350.34,False
2022-08-27 04:00:00,0.0,5.3,57.53,67.68,42.9,42.56,32.67,67.46,351.1,False
2022-08-27 05:00:00,0.0,4.91,57.19,67.28,42.56,43.94,32.69,62.73,351.11,False
2022-08-27 06:00:00,0.0,4.74,56.92,66.96,43.51,42.94,33.33,62.71,351.5,False
2022-08-27 07:00:00,10.21,22.66,57.28,67.39,42.65,42.72,31.7,65.99,350.51,False
2022-08-27 08:00:00,0.0,21.33,57.55,67.7,42.03,42.11,32.14,67.6,350.77,False
2022-08-27 09:00:00,0.0,20.41,57.88,68.09,42.64,41.36,32.72,69.3,351.13,False
2022-08-27 10:00:00,0.0,19.14,58.2,68.47,41.52,41.91,30.29,68.9,349.66,False
2022-08-27 11:00:00,0.0,17.73,58.4,68.71,41.4,42.05,29.3,73.48,349.06,False
2022-08-27 12:00:00,0.0,16.37,58.7,69.06,41.15,42.23,28.23,78.31,348.41,False
2022-08-27 13:00:00,13.56,39.81,59.32,69.79,41.49,40.6,26.61,79.92,347.42,False
2022-08-27 14:00:00,0.0,37.18,59.76,70.31,39.86,40.14,24.93,87.74,346.4,False
2022-08-27 15:00:00,0.0,34.52,59.88,70.45,39.87,40.49,25.18,83.1,346.56,False
2022-08-27 16:00:00,0.0,32.09,59.93,70.51,39.93,40.75,24.68,88.57,346.26,False
2022-08-27 17:00:00,0.0,30.52,60.11,70.71,40.1,39.4,24.12,90.5,345.92,False
2022-08-27 18:00:00,0.0,28.64,60.04,70.63,39.93,40.23,23.91,86.31,345.79,False
2022-08-27 19:00:00,0.0,26.94,60.01,70.6,39.72,40.72,24.18,88.73,345.95,False
2022-08-27 20:00:00,0.0,25.04,60.01,70.6,40.24,39.89,25.22,91.37,346.58,False
2022-08-27 21:00:00,0.0,23.36,60.15,70.76,40.39,39.39,25.2,87.96,346.57,False
2022-08-27 22:00:00,0.0,21.77,60.23,70.86,39.12,40.09,25.91,88.15,347.0,False
2022-08-27 23:00:00,0.0,20.38,60.12,70.73,39.6,39.34,27.17,84.71,347.76,False
2022-08-28 00:00:00,0.0,18.66,60.02,70.62,40.18,40.45,28.85,78.87,348.78,False
2022-08-28 01:00:00,0.0,17.87,59.93,70.51,39.58,40.87,30.51,75.0,349.79,False
2022-08-28 02:00:00,0.0,16.79,59.69,70.22,40.25,40.11,30.37,71.13,349.71,False
2022-08-28 03:00:00,0.0,15.85,59.51,70.02,40.99,41.15,31.74,62.79,350.54,False
2022-08-28 04:00:00,7.15,28.03,59.65,70.18,40.6,40.6,32.6,63.09,351.06,False
2022-08-28 05:00:00,0.0,26.6,59.66,70.19,40.54,40.89,32.25,64.68,350.84,False
2022-08-28 06:00:00,0.0,24.83,59.79,70.35,40.51,39.95,33.01,65.23,351.31,False
2022-08-28 07:00:00,0.0,23.53,59.71,70.25,40.42,40.54,31.97,65.06,350.67,False
2022-08-28 08:00:00,0.0,22.29,59.63,70.16,40.23,40.46,31.34,64.09,350.29,False
2022-08-28 09:00:00,0.0,21.05,59.54,70.05,40.85,40.15,31.9,69.98,350.63,False
2022-08-28 10:00:00,0.0,20.1,59.33,69.8,40.48,40.53,30.52,73.96,349.79,False
2022-08-28 11:00:00,0.0,19.14,59.3,69.76,40.64,40.93,29.79,76.25,349.35,False
2022-08-28 12:00:00,0.0,18.21,59.13,69.57,40.2,40.42,28.49,79.98,348.56,False
2022-08-28 13:00:00,0.0,17.53,59.01,69.42,40.8,40.51,26.75,80.51,347.51,False
2022-08-28 14:00:00,0.0,16.48,58.79,69.17,41.24,40.7,26.22,87.15,347.19,False
2022-08-28 15:00:00,0.0,15.51,58.75,69.12,41.26,40.94,24.58,88.19,346.19,False
2022-08-28 16:00:00,0.0,14.83,58.66,69.01,41.71,41.46,25.44,91.15,346.72,False
2022-08-28 17:00:00,20.78,51.28,59.08,69.5,40.75,40.72,23.34,92.25,345.44,False
2022-08-28 18:00:00,0.0,48.35,59.34,69.82,40.5,41.17,23.88,91.76,345.77,False
2022-08-28 19:00:00,0.0,45.28,59.72,70.26,40.07,39.71,23.53,89.8,345.56,False
2022-08-28 20:00:00,0.0,41.88,60.06,70.66,40.03,40.14,24.95,89.96,346.42,False
2022-08-28 21:00:00,0.0,39.54,60.21,70.83,40.41,39.65,25.12,89.87,346.52,False
2022-08-28 22:00:00,0.0,36.71,60.37,71.02,38.71,39.59,25.94,84.12,347.02,False
2022-08-28 23:00:00,0.0,34.3,60.5,71.18,39.3,39.77,27.85,83.41,348.18,False
2022-08-29 00:00:00,0.0,32.48,60.69,71.4,39.17,38.25,28.52,79.47,348.58,False
2022-08-29 01:00:00,0.0,30.78,60.75,71.48,38.39,38.39,29.97,73.78,349.46,False
2022-08-29 02:00:00,0.0,29.29,60.88,71.62,39.07,39.1,30.16,73.78,349.58,False
2022-08-29 03:00:00,0.0,26.93,60.83,71.56,39.03,39.08,30.84,67.39,349.99,False
2022-08-29 04:00:00,0.0,25.4,60.73,71.44,39.1,38.7,32.46,68.89,350.97,False
2022-08-29 05:00:00,0.0,23.8,60.83,71.56,38.73,39.97,32.66,65.35,351.09,False
2022-08-29 06:00:00,0.0,22.67,60.66,71.37,39.3,38.88,33.38,63.97,351.53,False
2022-08-29 07:00:00,0.0,21.75,60.52,71.2,39.01,39.26,32.8,62.7,351.18,False
2022-08-29 08:00:00,0.0,20.05,60.48,71.15,39.18,39.98,32.52,65.7,351.01,False
2022-08-29 09:00:00,0.0,18.85,60.31,70.96,39.61,39.42,30.71,67.69,349.91,False
2022-08-29 10:00:00,0.0,17.97,60.13,70.74,40.28,39.53,31.88,68.48,350.62,False
2022-08-29 11:00:00,5.55,26.78,60.12,70.73,40.05,40.04,29.57,73.94,349.22,False
2022-08-29 12:00:00,0.0,25.7,59.93,70.51,40.31,39.77,28.92,76.39,348.82,False
2022-08-29 13:00:00,0.0,24.03,59.98,70.57,40.8,40.17,26.83,82.8,347.56,False
2022-08-29 14:00:00,0.0,22.5,59.93,70.51,40.24,40.27,26.43,87.61,347.32,False
2022-08-29 15:00:00,0.0,20.83,59.78,70.32,39.81,40.38,24.54,85.45,346.17,False
2022-08-29 16:00:00,0.0,19.63,59.52,70.03,40.25,40.95,24.87,93.55,346.37,False
2022-08-29 17:00:00,21.53,56.31,59.91,70.49,39.74,39.93,23.94,91.27,345.81,False
2022-08-29 18:00:00,0.0,52.85,60.23,70.86,39.72,39.57,24.02,90.05,345.85,False
2022-08-29 19:00:00,0.0,50.06,60.64,71.34,39.2,39.33,24.57,93.04,346.19,False
2022-08-29 20:00:00,0.0,46.64,61.0,71.76,38.63,37.87,23.86,89.23,345.76,False
2022-08-29 21:00:00,14.44,69.36,61.76,72.66,38.61,38.32,24.91,87.74,346.39,False
2022-08-29 22:00:00,13.4,89.65,62.87,73.97,37.52,36.99,26.52,84.19,347.37,False
2022-08-29 23:00:00,6.84,96.96,64.1,75.41,35.97,36.05,28.59,79.99,348.63,False
2022-08-30 00:00:00,0.0,90.73,65.3,76.82,34.3,34.35,28.42,79.45,348.52,False
2022-08-30 01:00:00,0.0,85.81,66.38,78.1,33.67,46.16,30.02,73.8,349.49,True
2022-08-30 02:00:00,0.0,80.79,66.8,78.59,32.95,33.11,30.69,68.13,349.9,False
2022-08-30 03:00:00,0.0,76.26,67.09,78.93,33.42,33.24,32.85,69.2,351.21,False
2022-08-30 04:00:00,0.0,71.44,67.34,79.23,32.18,32.45,31.35,63.46,350.3,False
2022-08-30 05:00:00,0.0,67.6,67.44,79.34,32.83,32.75,32.9,62.17,351.24,False
2022-08-30 06:00:00,0.0,63.47,67.48,79.38,32.78,50.75,32.02,66.39,350.71,True
2022-08-30 07:00:00,0.0,59.57,67.61,79.54,32.75,31.51,31.34,62.08,350.29,False
2022-08-30 08:00:00,28.93,108.22,68.37,80.43,31.71,31.55,32.58,61.24,351.04,False
2022-08-30 09:00:00,0.0,101.61,69.01,81.19,30.86,30.98,31.77,69.35,350.55,False
2022-08-30 10:00:00,0.0,95.06,69.56,81.84,31.39,30.4,30.58,70.39,349.83,False
2022-08-30 11:00:00,0.0,89.39,70.01,82.37,29.64,29.87,29.6,73.94,349.24,False
2022-08-30 12:00:00,0.0,83.93,70.37,82.79,29.91,29.47,30.36,77.37,349.7,False
2022-08-30 13:00:00,0.0,78.67,70.7,83.18,29.3,29.57,27.18,82.09,347.77,False
2022-08-30 14:00:00,0.0,74.32,70.96,83.49,29.17,29.75,26.56,83.49,347.39,False
2022-08-30 15:00:00,0.0,70.58,71.21,83.78,28.92,29.82,24.93,90.85,346.41,False
2022-08-30 16:00:00,0.0,66.07,71.49,84.1,28.08,28.95,24.78,87.17,346.32,False
2022-08-30 17:00:00,0.0,62.16,71.5,84.11,27.97,27.59,24.01,92.41,345.85,False
2022-08-30 18:00:00,0.0,58.31,71.46,84.07,28.03,45.59,23.75,93.28,345.69,True
2022-08-30 19:00:00,0.0,55.5,71.24,83.81,28.58,29.18,25.24,90.0,346.6,False
2022-08-30 20:00:00,0.0,52.32,71.01,83.54,29.09,28.95,25.31,88.08,346.64,False
2022-08-30 21:00:00,0.0,49.46,70.82,83.32,28.9,29.55,25.4,89.93,346.69,False
2022-08-30 22:00:00,0.0,46.84,70.64,83.1,28.79,29.51,24.87,83.02,346.37,False
2022-08-30 23:00:00,0.0,44.07,70.41,82.84,29.95,29.58,27.12,80.41,347.73,False
2022-08-31 00:00:00,12.86,64.51,70.54,82.99,28.85,29.56,30.12,79.77,349.55,False
2022-08-31 01:00:00,0.0,61.1,70.66,83.13,29.54,29.12,29.53,74.45,349.19,False
2022-08-31 02:00:00,0.0,57.67,70.75,83.24,28.95,28.51,31.41,67.41,350.34,False
2022-08-31 03:00:00,0.0,53.95,70.63,83.1,29.85,28.62,32.55,71.59,351.02,False
2022-08-31 04:00:00,0.0,50.5,70.41,82.84,29.38,29.96,32.53,64.82,351.01,False
2022-08-31 05:00:00,0.0,47.35,70.25,82.65,29.04,29.34,32.34,63.67,350.9,False
2022-08-31 06:00:00,0.0,44.86,70.08,82.44,29.91,29.31,31.54,64.51,350.41,False
2022-08-31 07:00:00,0.0,42.61,69.8,82.11,29.87,29.58,33.26,65.73,351.45,False
2022-08-31 08:00:00,0.0,40.7,69.46,81.72,30.86,30.35,31.91,69.8,350.64,False
2022-08-31 09:00:00,3.28,43.95,69.15,81.36,30.98,31.45,31.79,64.78,350.56,False
2022-08-31 10:00:00,0.0,41.35,68.84,80.99,30.91,31.1,30.0,72.65,349.48,False
2022-08-31 11:00:00,0.0,38.75,68.54,80.63,31.06,30.89,29.51,75.86,349.18,False
2022-08-31 12:00:00,0.0,36.37,68.09,80.11,31.47,32.5,28.52,77.73,348.58,False
2022-08-31 13:00:00,0.0,34.47,67.6,79.53,32.16,32.53,27.5,83.2,347.96,False
2022-08-31 14:00:00,0.0,32.39,67.19,79.05,33.36,32.67,25.58,86.87,346.8,False
2022-08-31 15:00:00,0.0,30.84,66.64,78.4,33.31,33.56,26.04,85.14,347.08,False
2022-08-31 16:00:00,0.0,28.83,66.13,77.8,34.25,33.88,24.24,93.62,345.99,False
2022-08-31 17:00:00,0.0,27.33,66.15,77.83,33.26,33.56,23.15,88.41,345.33,False
2022-08-31 18:00:00,0.0,25.55,66.14,77.81,33.09,33.64,23.93,89.73,345.8,False
2022-08-31 19:00:00,0.0,23.47,66.04,77.69,33.58,33.47,24.17,91.0,345.95,False
2022-08-31 20:00:00,0.0,21.75,66.1,77.76,34.16,33.71,24.7,93.97,346.27,False
2022-08-31 21:00:00,0.0,20.49,66.03,77.68,33.85,34.34,26.14,87.28,347.14,False
2022-08-31 22:00:00,0.0,19.83,65.88,77.51,34.47,34.48,26.11,84.94,347.12,False
2022-08-31 23:00:00,0.0,18.51,65.78,77.38,34.73,34.15,27.26,84.49,347.82,False
2022-09-01 00:00:00,0.0,17.34,65.77,77.38,33.84,34.16,27.84,77.4,348.17,False
2022-09-01 01:00:00,0.0,16.45,65.61,77.19,34.72,33.97,30.16,72.02,349.58,False
2022-09-01 02:00:00,0.0,15.28,65.55,77.12,35.0,34.61,30.86,70.17,350.0,False
2022-09-01 03:00:00,0.0,14.22,65.26,76.77,35.16,34.19,31.43,70.84,350.35,False
2022-09-01 04:00:00,0.0,13.39,64.97,76.44,34.39,35.36,31.25,66.02,350.24,False
2022-09-01 05:00:00,0.0,12.46,64.57,75.96,34.69,35.6,33.71,68.34,351.73,False
2022-09-01 06:00:00,0.0,11.17,64.47,75.85,35.35,35.42,32.26,65.48,350.85,False
2022-09-01 07:00:00,0.0,10.31,64.07,75.37,35.77,36.11,32.49,63.19,350.99,False
2022-09-01 08:00:00,8.87,25.85,64.07,75.38,36.26,35.79,32.61,65.98,351.06,False
2022-09-01 09:00:00,0.0,24.49,64.18,75.51,35.43,35.9,30.96,66.39,350.06,False
2022-09-01 10:00:00,0.0,23.42,64.21,75.54,35.96,35.88,29.85,69.66,349.39,False
2022-09-01 11:00:00,0.0,22.39,64.17,75.5,35.4,36.3,28.39,83.33,348.5,False
2022-09-01 12:00:00,0.0,20.78,64.18,75.51,35.96,36.02,28.93,80.04,348.83,False
2022-09-01 13:00:00,0.0,19.31,64.01,75.3,35.81,36.41,27.01,83.35,347.67,False
2022-09-01 14:00:00,0.0,17.94,63.91,75.19,36.23,36.25,28.01,83.75,348.27,False
2022-09-01 15:00:00,0.0,16.82,63.74,74.99,36.11,36.24,24.72,91.04,346.28,False
2022-09-01 16:00:00,0.0,15.62,63.55,74.76,35.57,36.66,24.05,92.32,345.87,False
2022-09-01 17:00:00,0.0,14.63,63.37,74.55,36.83,36.77,23.81,95.29,345.73,False
2022-09-01 18:00:00,0.0,13.49,63.25,74.41,37.22,36.61,24.15,95.67,345.93,False
2022-09-01 19:00:00,0.0,12.92,63.15,74.29,36.52,36.29,23.87,88.56,345.77,False
2022-09-01 20:00:00,0.0,11.86,62.88,73.98,37.44,36.91,24.97,87.9,346.43,False
2022-09-01 21:00:00,0.0,10.85,62.54,73.57,37.22,37.25,24.73,85.89,346.29,False
2022-09-01 22:00:00,0.0,10.35,62.21,73.18,37.25,38.02,25.42,83.11,346.71,False
2022-09-01 23:00:00,0.0,9.95,62.09,73.04,37.67,37.89,26.26,82.27,347.21,False
2022-09-02 00:00:00,0.0,9.28,61.92,72.85,38.01,37.75,27.17,76.87,347.76,False
2022-09-02 01:00:00,0.0,8.99,61.54,72.4,37.93,38.39,29.35,78.52,349.09,False
2022-09-02 02:00:00,0.0,8.69,61.38,72.21,39.16,38.49,30.57,74.81,349.83,False
2022-09-02 03:00:00,0.0,8.74,61.03,71.8,38.36,38.6,31.3,68.09,350.27,False
2022-09-02 04:00:00,0.0,8.43,60.78,71.51,39.0,39.8,33.14,69.79,351.38,False
2022-09-02 05:00:00,25.74,54.77,61.2,72.0,38.43,38.73,33.58,67.45,351.65,False
2022-09-02 06:00:00,0.0,51.51,61.79,72.69,38.75,37.89,32.8,63.1,351.18,False
2022-09-02 07:00:00,0.0,48.84,62.12,73.08,37.28,37.22,31.77,60.46,350.55,False
2022-09-02 08:00:00,0.0,46.33,62.37,73.37,37.96,37.67,32.06,65.44,350.73,False
2022-09-02 09:00:00,0.0,43.51,62.62,73.66,37.46,37.59,31.32,66.81,350.28,False
2022-09-02 10:00:00,0.0,40.69,63.06,74.19,36.44,36.68,30.36,71.41,349.7,False
2022-09-02 11:00:00,0.0,38.1,63.28,74.45,36.58,36.78,29.25,74.55,349.02,False
2022-09-02 12:00:00,51.95,129.44,64.91,76.37,35.01,34.65,28.11,78.13,348.33,False
2022-09-02 13:00:00,0.0,121.33,66.43,78.16,33.8,33.47,27.1,82.67,347.72,False
2022-09-02 14:00:00,0.0,113.91,67.19,79.05,32.55,33.24,25.87,82.57,346.98,False
2022-09-02 15:00:00,0.0,107.44,68.03,80.03,32.23,31.88,25.44,88.72,346.72,False
2022-09-02 16:00:00,0.0,101.19,68.61,80.72,31.41,31.13,24.82,89.25,346.34,False
2022-09-02 17:00:00,0.0,94.41,69.27,81.5,30.91,31.26,23.61,91.92,345.61,False
2022-09-02 18:00:00,0.0,88.35,69.81,82.13,29.84,30.27,24.76,93.91,346.31,False
2022-09-02 19:00:00,0.0,83.7,70.2,82.58,29.71,29.6,23.57,89.07,345.58,False
2022-09-02 20:00:00,0.0,79.03,70.61,83.07,29.43,29.04,23.63,89.56,345.62,False
2022-09-02 21:00:00,0.0,74.11,70.92,83.44,29.11,28.62,25.55,87.66,346.78,False
2022-09-02 22:00:00,0.0,69.22,71.09,83.63,28.9,29.08,25.76,83.97,346.91,False
2022-09-02 23:00:00,0.0,64.69,71.11,83.65,29.73,29.2,27.53,83.42,347.98,False
2022-09-03 00:00:00,0.0,60.96,71.15,83.71,29.08,28.85,27.06,76.56,347.7,False
2022-09-03 01:00:00,33.35,117.92,72.15,84.88,28.14,27.77,30.5,73.27,349.78,False
2022-09-03 02:00:00,0.0,111.42,73.05,85.94,27.05,27.19,31.15,69.58,350.18,False
2022-09-03 03:00:00,0.0,104.26,73.15,86.06,27.06,26.28,30.78,70.28,349.95,False
2022-09-03 04:00:00,0.0,97.91,73.17,86.08,26.91,26.86,31.51,64.89,350.39,False
2022-09-03 05:00:00,9.31,108.54,73.36,86.31,27.36,26.64,33.85,65.4,351.81,False
2022-09-03 06:00:00,0.0,102.07,73.53,86.51,26.44,26.63,32.56,67.95,351.03,False
2022-09-03 07:00:00,0.0,95.55,73.38,86.33,26.95,26.81,32.35,64.33,350.9,False
2022-09-03 08:00:00,0.0,89.65,73.16,86.07,27.68,26.68,31.04,68.1,350.11,False
2022-09-03 09:00:00,0.0,84.01,72.92,85.79,27.34,27.82,31.47,71.44,350.37,False
2022-09-03 10:00:00,0.0,79.13,72.54,85.34,27.34,27.02,30.61,73.05,349.85,False
2022-09-03 11:00:00,0.0,74.22,72.16,84.89,27.55,27.65,30.09,74.34,349.54,False
2022-09-03 12:00:00,0.0,69.66,72.23,84.97,27.57,28.11,27.66,79.28,348.06,False
2022-09-03 13:00:00,0.0,65.63,72.25,85.0,27.91,27.5,26.42,79.05,347.31,False
2022-09-03 14:00:00,0.0,62.19,72.45,85.23,28.27,27.6,26.52,83.44,347.37,False
2022-09-03 15:00:00,0.0,59.09,71.77,84.44,28.47,28.01,25.92,86.69,347.01,False
2022-09-03 16:00:00,0.0,55.68,71.61,84.24,28.24,28.24,23.66,94.61,345.64,False
2022-09-03 17:00:00,0.0,52.32,71.47,84.08,28.41,28.01,24.8,89.9,346.33,False
2022-09-03 18:00:00,0.0,49.57,71.38,83.98,28.56,28.92,24.02,90.35,345.86,False
2022-09-03 19:00:00,0.0,46.95,71.26,83.83,28.2,29.05,24.81,89.44,346.33,False
2022-09-03 20:00:00,0.0,44.4,70.88,83.39,99.0,29.43,24.56,91.24,346.18,True
2022-09-03 21:00:00,0.0,41.26,70.51,82.95,29.29,29.32,23.8,88.18,345.73,False
2022-09-03 22:00:00,0.0,39.14,70.18,82.56,30.93,29.95,26.16,87.17,347.15,False
2022-09-03 23:00:00,0.0,36.9,69.79,82.11,30.58,31.01,27.97,82.97,348.25,False
2022-09-04 00:00:00,0.0,34.42,69.24,81.45,30.33,30.88,27.96,75.24,348.25,False
2022-09-04 01:00:00,0.0,32.15,68.66,80.77,30.72,30.88,29.43,72.76,349.14,False
2022-09-04 02:00:00,0.0,30.4,68.08,80.09,31.4,31.58,30.64,73.73,349.87,False
2022-09-04 03:00:00,0.0,27.82,67.4,79.29,33.16,32.24,29.94,67.69,349.45,False
2022-09-04 04:00:00,0.0,26.12,66.8,78.59,32.66,33.73,33.4,68.25,351.54,False
2022-09-04 05:00:00,0.0,24.35,66.3,78.0,34.34,33.86,32.31,64.18,350.88,False
2022-09-04 06:00:00,0.0,22.66,65.63,77.21,34.47,33.75,33.3,62.06,351.48,False
2022-09-04 07:00:00,0.0,21.17,65.62,77.21,34.28,34.9,32.79,63.87,351.17,False
2022-09-04 08:00:00,0.0,19.45,65.51,77.07,34.03,34.72,33.15,63.94,351.39,False
2022-09-04 09:00:00,0.0,18.6,65.37,76.9,35.14,34.7,31.93,66.97,350.65,False
2022-09-04 10:00:00,0.0,16.85,65.07,76.56,35.14,35.53,30.61,71.4,349.85,False
2022-09-04 11:00:00,0.0,15.89,64.99,76.46,35.37,34.92,29.13,75.4,348.95,False
2022-09-04 12:00:00,0.0,14.68,64.81,76.24,35.08,35.74,28.98,74.82,348.86,False
2022-09-04 13:00:00,0.0,14.39,64.48,75.86,35.79,34.64,26.21,81.59,347.18,False
2022-09-04 14:00:00,0.0,13.54,64.29,75.64,36.3,35.41,26.64,83.83,347.44,False
2022-09-04 15:00:00,0.0,12.09,64.01,75.3,36.23,36.31,24.66,86.6,346.24,False
2022-09-04 16:00:00,38.96,81.66,64.93,76.39,34.64,35.74,25.35,90.39,346.66,False
2022-09-04 17:00:00,0.0,76.43,65.79,77.4,34.42,33.73,24.25,90.42,346.0,False
2022-09-04 18:00:00,20.75,109.5,67.27,79.14,33.03,32.56,24.39,94.76,346.08,False
2022-09-04 19:00:00,0.0,103.11,67.9,79.88,32.77,32.17,24.2,93.9,345.97,False
2022-09-04 20:00:00,0.0,97.37,68.57,80.67,31.67,31.06,23.55,92.49,345.57,False
2022-09-04 21:00:00,0.0,91.58,69.2,81.41,31.24,30.7,24.8,86.91,346.33,False
2022-09-04 22:00:00,0.0,86.33,69.84,82.16,30.41,30.79,26.65,83.08,347.45,False
2022-09-04 23:00:00,0.0,81.16,70.28,82.68,29.18,29.31,27.44,81.79,347.93,False
2022-09-05 00:00:00,0.0,76.12,70.57,83.03,29.76,29.33,29.21,77.7,349.0,False
2022-09-05 01:00:00,0.0,71.87,70.79,83.29,29.25,29.32,29.91,73.16,349.42,False
2022-09-05 02:00:00,0.0,67.19,71.04,83.57,29.76,29.15,30.17,68.65,349.58,False
2022-09-05 03:00:00,0.0,63.15,71.07,83.61,28.36,28.59,31.2,68.02,350.21,False
2022-09-05 04:00:00,0.0,59.19,71.12,83.67,28.43,28.81,32.46,65.07,350.97,False
2022-09-05 05:00:00,0.0,55.89,71.22,83.79,29.07,28.66,31.46,65.85,350.36,False
2022-09-05 06:00:00,0.0,52.25,71.09,83.63,29.52,29.03,34.0,65.33,351.91,False
2022-09-05 07:00:00,0.0,48.99,70.74,83.23,29.21,28.79,33.11,66.68,351.37,False
2022-09-05 08:00:00,0.0,46.07,70.44,82.87,29.51,30.07,33.13,63.36,351.38,False
2022-09-05 09:00:00,0.0,43.75,70.19,82.58,29.89,29.91,30.73,68.9,349.92,False
2022-09-05 10:00:00,0.0,40.96,69.81,82.13,30.0,30.62,31.5,69.55,350.39,False
2022-09-05 11:00:00,0.0,38.39,69.42,81.67,30.97,30.35,31.0,71.94,350.09,False
2022-09-05 12:00:00,0.0,35.68,68.99,81.17,30.81,30.52,27.71,77.14,348.09,False
2022-09-05 13:00:00,0.0,33.24,68.59,80.7,31.69,31.03,27.8,83.76,348.15,False
2022-09-05 14:00:00,0.0,31.37,68.04,80.05,31.43,32.24,26.25,84.26,347.21,False
2022-09-05 15:00:00,0.0,29.5,67.48,79.39,33.2,32.34,24.39,91.03,346.08,False
2022-09-05 16:00:00,12.35,49.98,67.43,79.33,31.72,31.92,24.9,91.22,346.39,False
2022-09-05 17:00:00,12.48,69.96,67.56,79.48,32.02,32.52,24.65,90.73,346.24,False
2022-09-05 18:00:00,0.0,65.27,67.7,79.65,33.2,32.17,23.64,94.32,345.63,False
2022-09-05 19:00:00,0.0,62.04,67.74,79.69,32.3,32.14,24.85,92.41,346.36,False
2022-09-05 20:00:00,0.0,58.68,67.71,79.66,32.02,31.6,23.6,88.26,345.6,False
2022-09-05 21:00:00,0.0,55.06,67.69,79.64,31.8,31.71,24.42,91.62,346.1,False
2022-09-05 22:00:00,0.0,51.87,67.41,79.3,32.42,32.37,26.33,85.52,347.26,False
2022-09-05 23:00:00,0.0,48.55,67.25,79.12,32.87,32.38,27.35,81.66,347.87,False
2022-09-06 00:00:00,0.0,45.74,67.06,78.89,33.14,32.71,28.07,76.29,348.31,False
2022-09-06 01:00:00,1.96,47.17,66.91,78.72,33.22,33.42,30.15,76.74,349.57,False
2022-09-06 02:00:00,0.0,44.15,66.62,78.37,32.67,32.96,31.07,72.03,350.13,False
2022-09-06 03:00:00,0.0,41.43,66.31,78.01,33.75,33.33,32.2,69.36,350.81,False
2022-09-06 04:00:00,0.0,38.72,65.76,77.36,34.38,46.03,32.32,64.86,350.89,True
2022-09-06 05:00:00,0.0,36.21,65.87,77.49,34.27,33.75,33.21,66.15,351.42,False
2022-09-06 06:00:00,0.0,33.92,66.01,77.65,34.01,33.91,32.73,65.82,351.14,False
2022-09-06 07:00:00,0.0,31.56,66.21,77.89,33.3,34.2,34.08,63.14,351.95,False
2022-09-06 08:00:00,0.0,29.58,66.41,78.13,33.22,33.47,31.91,63.04,350.64,False
2022-09-06 09:00:00,0.0,27.83,65.85,77.47,34.64,34.26,32.95,69.26,351.26,False
2022-09-06 10:00:00,0.0,26.04,65.91,77.54,33.78,33.16,30.77,67.85,349.95,False
2022-09-06 11:00:00,0.0,23.78,65.86,77.48,33.86,34.18,28.84,74.68,348.78,False
2022-09-06 12:00:00,0.0,22.31,65.66,77.24,34.22,34.93,29.32,77.11,349.07,False
2022-09-06 13:00:00,0.0,20.96,65.62,77.19,33.9,34.42,27.41,84.06,347.91,False
2022-09-06 14:00:00,0.0,20.27,65.66,77.25,34.59,34.39,26.76,84.21,347.52,False
2022-09-06 15:00:00,21.4,57.59,66.15,77.82,33.34,33.97,26.05,90.11,347.09,False
2022-09-06 16:00:00,9.17,70.92,66.82,78.61,33.62,33.81,24.81,89.1,346.33,False
2022-09-06 17:00:00,0.0,66.53,66.93,78.74,32.53,33.61,23.8,93.52,345.72,False
2022-09-06 18:00:00,0.0,62.93,66.97,78.79,32.92,32.62,24.59,96.12,346.2,False
2022-09-06 19:00:00,0.0,58.87,67.16,79.01,32.98,33.32,24.15,89.39,345.94,False
2022-09-06 20:00:00,0.0,55.49,67.17,79.02,33.15,33.38,25.01,90.71,346.46,False
2022-09-06 21:00:00,0.0,52.41,67.05,78.88,32.86,32.26,24.03,93.4,345.86,False
2022-09-06 22:00:00,0.0,49.48,66.64,78.4,33.07,33.37,26.52,85.13,347.37,False
2022-09-06 23:00:00,0.0,47.16,66.42,78.14,34.15,33.79,26.95,81.75,347.63,False
2022-09-07 00:00:00,0.0,44.15,66.3,78.0,33.77,32.58,29.49,79.58,349.17,False
2022-09-07 01:00:00,0.0,41.93,66.01,77.66,33.92,33.72,30.04,74.46,349.5,False
2022-09-07 02:00:00,0.0,39.76,66.3,78.0,32.98,33.42,30.89,67.59,350.02,False
2022-09-07 03:00:00,0.0,37.39,66.51,78.25,33.57,33.23,31.97,70.37,350.68,False
2022-09-07 04:00:00,0.0,35.7,66.07,77.73,33.93,34.35,31.8,61.87,350.57,False
2022-09-07 05:00:00,0.0,33.51,66.32,78.02,33.14,33.66,33.82,63.64,351.8,False
2022-09-07 06:00:00,0.0,31.51,65.86,77.48,33.83,34.31,34.19,66.41,352.02,False
2022-09-07 07:00:00,0.0,29.61,65.86,77.48,34.18,34.18,33.08,63.76,351.35,False
2022-09-07 08:00:00,0.0,27.46,65.88,77.5,34.31,35.11,33.35,64.49,351.51,False
2022-09-07 09:00:00,0.0,26.04,65.99,77.63,33.61,34.41,31.34,69.86,350.29,False
2022-09-07 10:00:00,0.0,24.66,65.84,77.46,33.76,34.16,30.27,69.3,349.64,False
2022-09-07 11:00:00,0.0,23.15,65.81,77.42,34.24,34.09,29.69,71.93,349.29,False
2022-09-07 12:00:00,0.0,22.29,65.74,77.34,33.92,33.98,28.76,78.55,348.73,False
2022-09-07 13:00:00,0.0,20.82,65.53,77.09,34.39,34.08,27.1,81.26,347.72,False
2022-09-07 14:00:00,0.0,19.05,65.46,77.02,35.25,34.06,26.57,82.51,347.4,False
2022-09-07 15:00:00,0.0,18.48,65.35,76.89,34.63,35.04,25.5,89.17,346.75,False
2022-09-07 16:00:00,0.0,17.67,65.28,76.8,35.13,34.36,24.0,91.05,345.85,False
2022-09-07 17:00:00,0.0,16.8,65.21,76.72,34.29,35.05,24.46,90.8,346.13,False
2022-09-07 18:00:00,0.0,15.69,65.03,76.5,34.67,34.77,24.52,91.42,346.16,False
2022-09-07 19:00:00,0.0,14.85,64.79,76.22,34.9,34.91,24.26,92.46,346.0,False
2022-09-07 20:00:00,0.0,13.58,64.46,75.84,35.1,35.41,25.29,92.51,346.63,False
2022-09-07 21:00:00,0.0,12.7,64.18,75.51,35.11,36.53,24.59,87.33,346.2,False
2022-09-07 22:00:00,0.0,11.67,63.94,75.22,36.14,37.28,26.53,86.31,347.38,False
2022-09-07 23:00:00,0.0,11.04,63.6,74.83,36.55,36.25,26.63,82.75,347.44,False
2022-09-08 00:00:00,6.54,22.44,63.58,74.81,36.04,36.23,27.83,79.76,348.17,False
2022-09-08 01:00:00,0.0,20.78,63.42,74.61,36.28,36.96,29.29,74.46,349.05,False
2022-09-08 02:00:00,0.0,19.75,63.17,74.31,36.86,36.89,30.18,69.18,349.59,False
2022-09-08 03:00:00,17.94,50.91,63.53,74.74,36.48,36.21,31.35,67.18,350.3,False
2022-09-08 04:00:00,0.0,48.06,63.9,75.18,36.51,36.29,32.27,66.56,350.85,False
2022-09-08 05:00:00,0.0,45.1,64.12,75.43,36.34,36.19,33.35,68.11,351.51,False
2022-09-08 06:00:00,0.0,42.61,64.31,75.66,35.42,35.59,32.81,63.03,351.18,False
2022-09-08 07:00:00,0.0,39.84,64.49,75.87,35.48,35.43,31.9,66.09,350.63,False
2022-09-08 08:00:00,0.0,36.95,64.62,76.03,34.98,36.06,33.08,65.22,351.35,False
2022-09-08 09:00:00,0.0,34.29,64.78,76.21,35.82,34.89,31.18,68.32,350.19,False
2022-09-08 10:00:00,0.0,32.08,64.93,76.38,35.18,34.86,30.71,74.03,349.91,False
2022-09-08 11:00:00,0.0,29.68,64.94,76.4,35.46,34.87,29.93,75.91,349.44,False
2022-09-08 12:00:00,0.0,28.36,64.89,76.34,34.96,35.79,28.62,75.52,348.64,False
2022-09-08 13:00:00,0.0,26.63,64.91,76.36,35.5,34.3,27.99,80.48,348.26,False
2022-09-08 14:00:00,0.0,25.31,64.93,76.39,35.37,35.4,26.54,87.51,347.38,False
2022-09-08 15:00:00,0.0,24.03,65.02,76.49,35.49,34.97,24.8,88.18,346.33,False
2022-09-08 16:00:00,0.0,22.59,65.05,76.53,34.41,35.68,25.91,87.83,347.0,False
2022-09-08 17:00:00,0.0,22.29,64.88,76.33,35.15,35.26,24.27,89.89,346.01,False
2022-09-08 18:00:00,0.0,21.84,64.79,76.22,35.65,34.35,23.91,93.41,345.79,False
2022-09-08 19:00:00,0.0,20.94,64.74,76.16,34.89,35.91,24.73,93.51,346.29,False
2022-09-08 20:00:00,0.0,19.41,64.55,75.94,35.66,35.35,24.75,90.16,346.3,False
2022-09-08 21:00:00,0.0,18.68,64.4,75.76,35.83,34.79,25.56,92.85,346.79,False
2022-09-08 22:00:00,0.0,17.03,64.29,75.64,35.99,35.54,27.75,86.65,348.11,False
2022-09-08 23:00:00,0.0,16.43,64.15,75.47,35.99,35.87,27.17,81.14,347.77,False
2022-09-09 00:00:00,0.0,14.68,63.95,75.24,36.3,35.63,28.31,76.37,348.46,False
2022-09-09 01:00:00,0.0,13.7,63.69,74.93,36.49,35.7,29.73,72.43,349.32,False
2022-09-09 02:00:00,0.0,13.24,63.35,74.53,37.12,36.77,31.39,71.67,350.32,False
2022-09-09 03:00:00,22.02,52.2,63.76,75.01,35.95,35.74,30.78,67.12,349.95,False
2022-09-09 04:00:00,0.0,48.63,64.12,75.44,36.01,35.47,31.22,69.22,350.22,False
2022-09-09 05:00:00,0.0,45.76,64.33,75.68,36.16,36.22,32.49,67.41,350.99,False
2022-09-09 06:00:00,0.0,43.13,64.61,76.01,35.08,35.26,32.02,65.27,350.7,False
2022-09-09 07:00:00,0.0,40.6,64.88,76.33,34.85,34.64,32.59,62.12,351.05,False
2022-09-09 08:00:00,0.0,38.05,65.02,76.49,35.19,34.63,32.7,64.53,351.12,False
2022-09-09 09:00:00,0.0,36.02,65.21,76.72,35.34,34.95,31.15,70.61,350.18,False
2022-09-09 10:00:00,0.0,34.2,65.36,76.89,34.59,34.81,29.89,69.87,349.42,False
2022-09-09 11:00:00,41.05,105.99,66.66,78.43,33.38,33.6,29.71,76.62,349.3,False
2022-09-09 12:00:00,0.0,100.09,67.3,79.17,32.85,33.02,29.02,78.95,348.88,False
2022-09-09 13:00:00,0.0,94.03,67.84,79.81,31.97,32.3,26.32,81.73,347.25,False
2022-09-09 14:00:00,0.0,88.25,68.24,80.28,32.64,32.0,26.74,83.59,347.51,False
2022-09-09 15:00:00,0.0,83.36,68.66,80.77,30.97,31.15,25.81,87.71,346.94,False
2022-09-09 16:00:00,0.0,78.75,68.9,81.06,31.13,30.65,25.18,90.5,346.56,False
2022-09-09 17:00:00,0.0,73.84,69.07,81.26,30.97,31.47,24.88,93.59,346.38,False
2022-09-09 18:00:00,0.0,69.18,69.26,81.49,29.86,31.09,25.32,90.23,346.64,False
2022-09-09 19:00:00,0.0,65.56,69.34,81.57,30.33,30.55,23.94,91.0,345.81,False
2022-09-09 20:00:00,0.48,62.45,69.38,81.63,30.08,30.35,24.67,90.21,346.25,False
2022-09-09 21:00:00,0.0,58.71,69.22,81.44,31.06,31.69,25.07,89.22,346.49,False
2022-09-09 22:00:00,16.23,84.32,69.59,81.87,29.74,42.05,26.25,83.18,347.21,True
2022-09-09 23:00:00,0.0,79.66,70.05,82.41,30.33,30.04,28.26,78.99,348.42,False
2022-09-10 00:00:00,0.0,75.52,70.17,82.55,29.36,29.57,27.69,79.35,348.08,False
2022-09-10 01:00:00,0.0,71.01,70.49,82.93,29.9,29.35,29.15,71.34,348.96,False
2022-09-10 02:00:00,0.0,67.47,70.63,83.1,28.81,29.07,31.58,73.57,350.44,False
2022-09-10 03:00:00,0.0,63.26,70.65,83.11,29.52,28.49,32.29,67.79,350.87,False
2022-09-10 04:00:00,0.0,59.38,70.62,83.08,29.75,29.54,32.18,62.78,350.8,False
2022-09-10 05:00:00,0.0,56.02,70.65,83.12,29.58,29.61,33.36,63.52,351.52,False
2022-09-10 06:00:00,0.0,52.41,70.34,82.76,29.17,29.39,33.2,64.76,351.42,False
2022-09-10 07:00:00,0.0,49.47,70.28,82.68,30.17,30.76,33.75,63.41,351.75,False
2022-09-10 08:00:00,0.0,46.34,70.07,82.44,30.14,30.04,32.44,65.92,350.96,False
2022-09-10 09:00:00,0.0,43.1,69.87,82.2,29.18,30.19,32.3,69.58,350.87,False
2022-09-10 10:00:00,14.56,66.2,69.84,82.16,30.21,30.32,32.34,70.6,350.9,False
2022-09-10 11:00:00,53.89,159.13,71.47,84.08,29.66,28.29,30.02,72.5,349.49,False
2022-09-10 12:00:00,0.0,149.71,72.78,85.62,27.67,26.83,28.53,77.4,348.59,False
2022-09-10 13:00:00,0.0,140.32,73.57,86.56,26.23,26.12,27.77,84.45,348.13,False
2022-09-10 14:00:00,4.76,140.52,74.2,87.29,26.02,25.58,26.03,88.37,347.07,False
2022-09-10 15:00:00,0.0,132.15,74.68,87.86,25.16,25.54,26.75,83.86,347.51,False
2022-09-10 16:00:00,0.0,124.17,74.96,88.18,25.45,24.89,24.71,92.31,346.27,False
2022-09-10 17:00:00,0.0,116.44,75.29,88.58,24.38,24.96,23.99,92.02,345.84,False
2022-09-10 18:00:00,0.0,109.53,75.48,88.8,25.0,24.01,23.5,93.85,345.54,False
2022-09-10 19:00:00,0.0,102.91,75.5,88.82,24.87,24.24,24.81,90.42,346.34,False
2022-09-10 20:00:00,0.0,97.03,75.5,88.82,24.76,24.22,25.12,86.59,346.52,False
2022-09-10 21:00:00,0.0,90.82,75.31,88.6,25.52,35.17,25.02,89.07,346.46,True
2022-09-10 22:00:00,0.0,85.41,74.95,88.18,25.45,24.87,26.6,83.12,347.42,False
2022-09-10 23:00:00,0.0,79.9,74.61,87.78,25.8,24.97,26.43,78.85,347.32,False
2022-09-11 00:00:00,0.0,75.04,74.35,87.48,26.1,25.83,28.61,75.36,348.64,False
2022-09-11 01:00:00,0.0,70.21,73.96,87.02,26.32,26.33,29.94,75.58,349.44,False
2022-09-11 02:00:00,0.0,65.72,73.45,86.42,26.73,25.99,31.77,71.28,350.56,False
2022-09-11 03:00:00,0.0,61.77,72.86,85.72,26.87,27.04,31.22,69.67,350.22,False
2022-09-11 04:00:00,0.0,57.9,72.16,84.89,27.58,27.33,31.63,67.21,350.47,False
2022-09-11 05:00:00,0.0,54.86,72.13,84.86,28.04,28.0,32.31,63.64,350.88,False
2022-09-11 06:00:00,0.0,51.93,72.04,84.76,28.2,27.68,32.2,63.86,350.81,False
2022-09-11 07:00:00,0.0,49.05,71.85,84.53,28.15,27.93,33.65,63.45,351.69,False
2022-09-11 08:00:00,0.0,46.34,71.64,84.29,28.16,28.27,33.33,65.45,351.5,False
2022-09-11 09:00:00,0.0,43.6,71.24,83.81,28.7,28.87,31.87,66.17,350.62,False
2022-09-11 10:00:00,0.0,41.38,70.89,83.4,29.09,29.13,31.48,71.78,350.38,False
2022-09-11 11:00:00,0.0,38.81,70.44,82.87,29.67,29.71,29.75,76.53,349.33,False
2022-09-11 12:00:00,0.0,37.11,69.96,82.31,29.95,30.32,28.44,76.37,348.54,False
2022-09-11 13:00:00,0.0,34.6,69.58,81.86,30.89,30.37,27.14,84.19,347.74,False
2022-09-11 14:00:00,21.94,71.67,69.67,81.97,30.28,29.91,26.06,85.23,347.09,False
2022-09-11 15:00:00,0.0,66.95,69.85,82.18,29.89,29.51,24.39,88.38,346.08,False
2022-09-11 16:00:00,0.0,62.57,69.98,82.32,29.99,29.72,24.76,86.73,346.31,False
2022-09-11 17:00:00,0.0,58.33,69.94,82.29,29.62,30.15,24.13,87.91,345.92,False
2022-09-11 18:00:00,0.0,54.89,69.81,82.13,31.0,29.64,24.45,92.29,346.12,False
2022-09-11 19:00:00,0.0,51.85,69.76,82.07,30.51,30.67,24.21,93.1,345.97,False
2022-09-11 20:00:00,0.0,48.75,69.61,81.9,30.38,29.97,24.51,88.78,346.15,False
2022-09-11 21:00:00,0.0,45.41,69.46,81.72,31.1,30.49,24.8,91.24,346.33,False
2022-09-11 22:00:00,0.0,42.55,69.09,81.28,30.83,31.5,26.29,86.47,347.23,False
2022-09-11 23:00:00,0.0,40.25,68.74,80.87,31.25,31.19,27.78,79.81,348.13,False
2022-09-12 00:00:00,0.0,37.73,68.35,80.41,31.37,31.21,27.81,78.06,348.16,False
2022-09-12 01:00:00,0.0,35.23,67.95,79.94,31.67,31.04,29.72,79.33,349.31,False
2022-09-12 02:00:00,0.0,32.66,67.55,79.47,32.54,32.62,30.89,68.51,350.02,False
2022-09-12 03:00:00,0.0,30.57,67.07,78.9,33.36,33.06,31.25,69.16,350.24,False
2022-09-12 04:00:00,0.0,28.53,66.65,78.41,33.0,33.58,32.04,65.23,350.72,False
2022-09-12 05:00:00,0.0,26.79,66.07,77.73,33.84,33.98,32.99,65.89,351.29,False
2022-09-12 06:00:00,0.0,25.32,65.96,77.61,33.95,33.82,32.32,66.53,350.89,False
2022-09-12 07:00:00,0.0,23.72,65.87,77.49,34.44,33.82,33.06,63.7,351.33,False
2022-09-12 08:00:00,0.0,22.35,65.74,77.34,34.09,34.28,31.86,68.11,350.61,False
2022-09-12 09:00:00,0.0,21.15,65.61,77.19,34.69,34.78,32.32,72.54,350.89,False
2022-09-12 10:00:00,0.0,19.52,65.48,77.03,34.81,33.34,32.15,71.13,350.78,False
2022-09-12 11:00:00,0.0,18.91,65.33,76.86,34.4,35.04,29.15,75.95,348.96,False
2022-09-12 12:00:00,0.0,17.55,65.2,76.71,34.68,34.68,28.82,76.82,348.77,False
2022-09-12 13:00:00,0.0,16.65,65.0,76.48,35.03,34.93,26.9,81.66,347.6,False
2022-09-12 14:00:00,0.0,15.31,64.9,76.36,34.92,35.37,26.87,84.65,347.59,False
2022-09-12 15:00:00,0.0,14.43,64.55,75.94,35.09,35.38,24.56,89.49,346.18,False
2022-09-12 16:00:00,0.0,13.61,64.16,75.48,36.44,35.93,24.89,92.53,346.38,False
2022-09-12 17:00:00,0.0,13.29,64.02,75.32,35.27,35.33,23.63,91.3,345.62,False
2022-09-12 18:00:00,0.0,12.42,63.86,75.13,36.23,36.03,23.88,95.07,345.77,False
2022-09-12 19:00:00,0.0,12.07,63.72,74.97,36.83,36.48,23.53,94.58,345.56,False
2022-09-12 20:00:00,0.0,11.43,63.52,74.73,36.16,36.32,25.1,91.82,346.51,False
2022-09-12 21:00:00,0.0,11.3,63.27,74.44,36.74,36.6,24.82,86.87,346.34,False
2022-09-12 22:00:00,0.0,10.09,62.98,74.09,37.38,37.09,26.58,83.78,347.41,False
2022-09-12 23:00:00,22.26,49.7,63.24,74.4,35.55,36.93,27.13,80.0,347.74,False
2022-09-13 00:00:00,0.0,45.91,63.57,74.79,36.4,37.03,28.43,79.9,348.53,False
2022-09-13 01:00:00,0.0,43.14,63.74,74.99,35.63,36.44,29.75,71.95,349.33,False
2022-09-13 02:00:00,0.0,40.86,64.18,75.5,36.21,36.36,30.29,72.35,349.66,False
2022-09-13 03:00:00,0.0,38.84,64.3,75.65,35.38,35.66,31.81,65.94,350.58,False
2022-09-13 04:00:00,0.0,36.73,64.47,75.85,36.25,34.58,33.32,67.52,351.49,False
2022-09-13 05:00:00,0.0,34.44,64.72,76.14,34.9,35.11,32.38,64.51,350.92,False
2022-09-13 06:00:00,0.0,32.54,64.8,76.23,35.38,34.88,33.7,66.67,351.72,False
2022-09-13 07:00:00,0.0,31.34,64.85,76.29,34.8,35.13,33.75,66.76,351.75,False
2022-09-13 08:00:00,0.0,29.48,64.69,76.11,35.21,35.18,31.91,68.75,350.64,False
2022-09-13 09:00:00,16.11,57.0,65.1,76.59,34.9,35.01,30.81,71.02,349.97,False
2022-09-13 10:00:00,0.0,53.45,65.59,77.17,34.42,34.14,30.93,71.29,350.04,False
2022-09-13 11:00:00,0.0,50.57,66.13,77.8,34.53,33.95,29.34,72.06,349.08,False
2022-09-13 12:00:00,0.0,47.8,66.42,78.14,34.15,33.73,29.62,75.89,349.25,False
2022-09-13 13:00:00,0.0,44.75,66.18,77.86,33.52,33.84,27.36,77.45,347.88,False
2022-09-13 14:00:00,0.0,42.3,66.66,78.42,33.36,32.75,25.77,82.83,346.92,False
2022-09-13 15:00:00,0.0,40.01,66.37,78.09,33.16,33.99,24.63,88.04,346.23,False
2022-09-13 16:00:00,0.0,37.83,66.08,77.74,33.36,34.17,25.26,89.01,346.61,False
2022-09-13 17:00:00,0.0,35.55,66.17,77.85,33.56,33.75,23.81,91.16,345.73,False
2022-09-13 18:00:00,0.0,33.79,66.42,78.14,34.25,32.86,24.03,92.99,345.86,False
2022-09-13 19:00:00,0.0,31.48,65.89,77.52,33.44,34.23,24.73,90.91,346.28,False
2022-09-13 20:00:00,0.0,29.59,65.87,77.5,34.36,33.92,24.31,87.88,346.03,False
2022-09-13 21:00:00,24.78,72.45,66.76,78.54,33.43,33.02,25.29,87.79,346.63,False
2022-09-13 22:00:00,0.0,68.45,66.85,78.64,32.85,33.12,26.24,83.2,347.2,False
2022-09-13 23:00:00,0.0,64.05,66.92,78.72,33.34,33.67,27.75,81.08,348.11,False
2022-09-14 00:00:00,0.0,60.28,67.05,78.88,33.21,33.01,28.85,80.69,348.79,False
2022-09-14 01:00:00,0.0,56.52,66.92,78.73,33.07,33.04,29.53,73.84,349.2,False
2022-09-14 02:00:00,0.0,53.16,66.79,78.57,33.15,33.01,30.79,74.54,349.96,False
2022-09-14 03:00:00,0.0,50.09,66.57,78.32,33.33,33.44,31.46,70.96,350.36,False
2022-09-14 04:00:00,0.0,46.7,66.32,78.03,33.34,33.68,31.51,64.72,350.4,False
2022-09-14 05:00:00,0.0,44.28,66.07,77.72,34.0,34.18,33.0,62.25,351.3,False
2022-09-14 06:00:00,0.0,41.75,66.43,78.15,33.37,33.36,34.14,63.89,351.99,False
2022-09-14 07:00:00,0.0,38.99,66.21,77.89,33.86,33.47,32.32,66.78,350.88,False
2022-09-14 08:00:00,0.0,36.54,66.39,78.11,33.37,33.43,31.93,64.9,350.65,False
2022-09-14 09:00:00,0.0,34.8,65.91,77.54,33.82,34.05,31.16,69.92,350.18,False
2022-09-14 10:00:00,0.0,32.84,66.07,77.73,33.71,33.92,31.18,73.42,350.2,False
2022-09-14 11:00:00,0.0,30.58,66.14,77.82,34.36,33.85,29.93,72.83,349.44,False
2022-09-14 12:00:00,0.0,28.51,66.18,77.86,33.27,33.42,28.4,76.65,348.51,False
2022-09-14 13:00:00,0.0,26.98,66.11,77.78,34.6,33.86,26.78,83.05,347.53,False
2022-09-14 14:00:00,0.0,25.59,65.97,77.61,34.34,34.31,26.31,85.3,347.24,False
2022-09-14 15:00:00,0.0,24.16,65.93,77.56,33.45,34.58,24.38,86.53,346.07,False
2022-09-14 16:00:00,0.0,22.62,65.78,77.39,33.99,34.61,24.69,89.42,346.26,False
2022-09-14 17:00:00,13.23,45.32,66.05,77.71,33.3,33.92,24.68,91.38,346.25,False
2022-09-14 18:00:00,0.0,42.51,66.44,78.16,33.82,33.5,23.25,88.87,345.39,False
2022-09-14 19:00:00,0.0,39.7,66.1,77.76,34.42,34.4,23.23,93.05,345.38,False
2022-09-14 20:00:00,0.0,37.79,66.37,78.09,33.72,33.58,25.55,89.17,346.78,False
2022-09-14 21:00:00,0.0,35.67,65.99,77.64,34.5,34.35,24.95,82.33,346.42,False
2022-09-14 22:00:00,0.0,33.3,66.15,77.83,33.92,33.83,26.93,84.95,347.62,False
2022-09-14 23:00:00,0.0,31.34,66.19,77.87,34.2,32.85,27.24,80.14,347.81,False
2022-09-15 00:00:00,0.0,29.47,66.34,78.04,33.78,33.93,28.4,81.38,348.51,False
2022-09-15 01:00:00,0.0,27.59,65.82,77.44,34.19,34.57,29.93,73.21,349.44,False
2022-09-15 02:00:00,0.0,26.01,65.79,77.4,34.52,34.08,30.22,68.8,349.61,False
2022-09-15 03:00:00,0.0,24.17,65.78,77.39,34.16,33.76,31.76,69.12,350.55,False
2022-09-15 04:00:00,0.0,22.98,65.67,77.25,34.92,34.94,32.17,64.55,350.79,False
2022-09-15 05:00:00,0.0,21.6,65.56,77.13,34.31,34.38,32.05,62.92,350.72,False
2022-09-15 06:00:00,0.0,19.82,65.45,77.0,34.78,34.41,33.2,65.02,351.42,False
2022-09-15 07:00:00,0.0,18.56,65.28,76.79,34.44,34.9,32.69,62.4,351.11,False
2022-09-15 08:00:00,0.0,17.26,65.25,76.76,34.12,35.85,32.3,62.96,350.88,False
2022-09-15 09:00:00,0.0,15.33,65.03,76.51,35.11,35.16,30.96,71.55,350.06,False
2022-09-15 10:00:00,0.0,14.37,65.0,76.47,34.28,35.07,31.7,72.16,350.51,False
2022-09-15 11:00:00,0.0,13.81,64.79,76.23,36.07,35.24,30.19,73.85,349.6,False
2022-09-15 12:00:00,0.0,12.95,64.55,75.94,35.31,36.11,29.08,77.99,348.92,False
2022-09-15 13:00:00,0.0,12.39,64.28,75.62,35.69,35.94,27.15,82.64,347.75,False
2022-09-15 14:00:00,0.0,11.65,64.06,75.37,35.81,36.28,25.21,86.95,346.58,False
2022-09-15 15:00:00,35.42,74.57,64.94,76.4,35.12,35.18,26.49,86.39,347.35,False
2022-09-15 16:00:00,0.0,69.87,65.46,77.01,34.68,34.76,24.57,90.86,346.19,False
2022-09-15 17:00:00,0.0,65.29,66.11,77.77,33.56,33.78,23.7,90.51,345.66,False
2022-09-15 18:00:00,0.0,61.65,66.54,78.28,99.0,33.53,24.25,91.62,346.0,True
2022-09-15 19:00:00,40.49,131.05,67.8,79.76,31.76,31.93,24.85,91.84,346.36,False
2022-09-15 20:00:00,0.0,123.1,68.93,81.09,30.88,30.87,24.59,90.11,346.2,False
2022-09-15 21:00:00,0.0,115.11,69.85,82.18,30.26,48.87,26.09,89.37,347.11,True
2022-09-15 22:00:00,0.0,108.35,70.67,83.15,29.4,29.04,26.9,85.97,347.6,False
2022-09-15 23:00:00,0.0,101.57,71.25,83.83,29.05,28.8,26.69,78.61,347.47,False
2022-09-16 00:00:00,0.0,95.52,71.8,84.47,27.54,28.05,28.1,75.28,348.33,False
2022-09-16 01:00:00,0.0,89.33,72.24,84.99,27.4,27.31,30.24,73.64,349.62,False
2022-09-16 02:00:00,0.0,84.0,72.61,85.42,27.22,27.49,29.12,74.66,348.95,False
2022-09-16 03:00:00,0.0,78.92,72.35,85.12,28.26,27.96,31.59,66.4,350.44,False
2022-09-16 04:00:00,0.0,73.46,72.04,84.75,29.05,27.44,31.54,65.46,350.41,False
2022-09-16 05:00:00,0.0,69.54,72.25,84.99,27.22,28.0,32.56,63.4,351.03,False
2022-09-16 06:00:00,0.0,65.27,72.31,85.07,28.13,27.25,32.82,62.89,351.19,False
2022-09-16 07:00:00,0.0,61.27,71.63,84.27,28.41,28.91,32.63,64.83,351.07,False
2022-09-16 08:00:00,0.0,57.76,71.6,84.23,28.62,28.63,32.07,68.68,350.73,False
2022-09-16 09:00:00,0.0,54.28,71.53,84.15,27.94,27.95,31.02,69.01,350.1,False
2022-09-16 10:00:00,0.0,51.13,71.36,83.95,29.18,28.98,32.13,69.39,350.77,False
2022-09-16 11:00:00,0.0,47.72,71.1,83.65,28.01,28.65,30.79,79.88,349.96,False
2022-09-16 12:00:00,0.0,44.81,70.9,83.41,28.57,28.71,27.8,78.16,348.15,False
2022-09-16 13:00:00,0.0,41.55,70.65,83.12,29.24,29.64,28.28,80.47,348.44,False
2022-09-16 14:00:00,0.0,38.99,70.19,82.58,29.57,30.29,26.01,87.82,347.06,False
2022-09-16 15:00:00,0.0,37.08,69.78,82.1,30.23,30.41,25.4,86.96,346.69,False
2022-09-16 16:00:00,0.0,34.4,69.42,81.67,30.31,30.43,24.56,93.45,346.19,False
2022-09-16 17:00:00,0.0,32.23,69.03,81.22,30.82,31.03,23.76,89.78,345.7,False
2022-09-16 18:00:00,0.0,29.66,68.53,80.63,31.39,31.23,24.59,94.86,346.2,False
2022-09-16 19:00:00,3.56,34.29,68.13,80.16,31.78,31.8,24.23,91.93,345.98,False
2022-09-16 20:00:00,0.0,32.37,67.69,79.64,32.37,32.47,24.32,92.71,346.04,False
2022-09-16 21:00:00,0.0,30.54,67.28,79.15,33.08,32.15,24.54,91.7,346.17,False
2022-09-16 22:00:00,0.0,28.53,66.67,78.43,33.03,33.51,25.71,82.73,346.88,False
2022-09-16 23:00:00,0.0,26.17,66.12,77.79,34.42,33.31,26.35,84.18,347.27,False
2022-09-17 00:00:00,0.0,24.23,66.02,77.67,34.0,33.47,28.51,75.18,348.58,False
2022-09-17 01:00:00,0.0,23.15,66.05,77.7,34.46,34.21,28.95,72.28,348.84,False
2022-09-17 02:00:00,0.0,22.03,65.89,77.52,33.97,33.77,30.59,69.39,349.84,False
2022-09-17 03:00:00,0.0,20.68,65.83,77.45,33.82,33.77,32.5,69.11,351.0,False
2022-09-17 04:00:00,0.0,19.49,65.64,77.23,34.39,34.24,33.12,65.94,351.37,False
2022-09-17 05:00:00,0.0,18.01,65.56,77.13,35.46,34.2,32.83,64.14,351.19,False
2022-09-17 06:00:00,0.0,17.32,65.45,77.0,34.01,34.65,32.95,64.29,351.27,False
2022-09-17 07:00:00,0.0,16.06,65.29,76.82,34.98,34.78,33.97,65.66,351.89,False
2022-09-17 08:00:00,0.0,15.23,65.26,76.78,34.81,34.34,32.71,67.21,351.12,False
2022-09-17 09:00:00,0.0,13.92,65.0,76.47,35.16,34.32,31.49,70.29,350.38,False
2022-09-17 10:00:00,0.0,13.03,64.85,76.3,34.67,35.07,29.89,74.64,349.42,False
2022-09-17 11:00:00,0.0,12.62,64.72,76.14,35.47,35.72,29.9,74.33,349.42,False
2022-09-17 12:00:00,0.0,11.58,64.54,75.93,55.58,35.43,29.0,76.96,348.87,True
2022-09-17 13:00:00,0.0,11.11,64.23,75.57,35.17,35.63,26.96,82.85,347.64,False
2022-09-17 14:00:00,0.0,10.12,63.94,75.23,36.11,36.75,26.42,82.71,347.31,False
2022-09-17 15:00:00,0.0,9.24,63.61,74.83,36.29,36.69,25.1,86.54,346.51,False
2022-09-17 16:00:00,0.0,8.68,63.29,74.46,36.57,36.02,24.49,92.12,346.14,False
2022-09-17 17:00:00,0.0,8.45,62.92,74.03,37.06,36.96,22.66,91.27,345.03,False
2022-09-17 18:00:00,0.0,7.86,62.59,73.63,37.85,37.5,23.87,89.58,345.76,False
2022-09-17 19:00:00,0.0,7.57,62.39,73.4,37.79,37.18,24.73,88.54,346.29,False
2022-09-17 20:00:00,0.0,7.46,62.05,73.0,37.53,37.83,24.22,90.22,345.98,False
2022-09-17 21:00:00,0.0,6.78,61.73,72.62,38.47,38.28,25.35,90.18,346.66,False
2022-09-17 22:00:00,14.12,31.33,61.75,72.65,38.23,38.16,25.8,87.26,346.93,False
2022-09-17 23:00:00,0.0,29.34,61.8,72.71,37.95,37.71,27.55,81.85,348.0,False
2022-09-18 00:00:00,0.0,27.96,61.89,72.82,37.61,38.69,28.37,82.02,348.49,False
2022-09-18 01:00:00,3.71,32.71,62.04,72.99,38.28,38.07,29.1,74.17,348.94,False
2022-09-18 02:00:00,0.0,31.06,62.23,73.21,37.54,37.43,31.55,70.72,350.42,False
2022-09-18 03:00:00,0.0,29.11,62.18,73.15,38.19,50.17,32.24,62.97,350.84,True
2022-09-18 04:00:00,0.0,27.89,62.14,73.11,37.43,37.83,32.03,64.98,350.71,False
2022-09-18 05:00:00,0.0,26.89,62.12,73.08,38.68,38.28,33.15,66.18,351.39,False
2022-09-18 06:00:00,0.0,25.59,62.23,73.21,38.83,37.73,33.32,67.13,351.49,False
2022-09-18 07:00:00,0.0,23.56,62.2,73.18,38.01,37.21,33.23,62.82,351.44,False
2022-09-18 08:00:00,0.0,21.43,62.01,72.95,38.51,37.57,31.38,66.8,350.32,False
2022-09-18 09:00:00,0.0,20.16,61.99,72.93,37.83,38.47,32.29,70.19,350.87,False
2022-09-18 10:00:00,0.0,19.22,61.88,72.8,37.9,38.53,30.41,71.02,349.73,False
2022-09-18 11:00:00,0.0,18.22,61.81,72.72,38.66,37.65,29.45,69.81,349.15,False
2022-09-18 12:00:00,0.0,16.91,61.78,72.68,38.28,38.78,30.08,78.49,349.53,False
2022-09-18 13:00:00,0.0,15.45,61.52,72.38,37.93,38.89,27.52,83.15,347.97,False
2022-09-18 14:00:00,0.0,14.8,61.45,72.3,38.58,38.29,26.02,83.11,347.07,False
2022-09-18 15:00:00,0.0,14.47,61.25,72.06,38.26,38.72,23.99,87.39,345.84,False
2022-09-18 16:00:00,18.35,46.44,61.55,72.41,38.38,37.57,25.44,87.81,346.71,False
2022-09-18 17:00:00,0.0,43.9,61.85,72.77,38.56,37.86,23.35,86.38,345.45,False
2022-09-18 18:00:00,3.65,48.61,62.13,73.09,38.45,37.79,23.4,94.05,345.48,False
2022-09-18 19:00:00,0.0,45.64,62.45,73.47,37.66,37.68,23.95,91.52,345.82,False
2022-09-18 20:00:00,0.0,42.85,62.7,73.77,37.83,37.25,25.45,93.32,346.72,False
2022-09-18 21:00:00,0.0,40.44,62.86,73.96,36.95,37.19,25.78,89.61,346.92,False
2022-09-18 22:00:00,0.0,37.93,63.0,74.12,37.68,36.61,26.16,84.29,347.15,False
2022-09-18 23:00:00,0.0,36.06,63.25,74.42,36.46,36.87,27.52,81.46,347.98,False
2022-09-19 00:00:00,0.0,33.77,63.36,74.55,36.31,37.31,28.14,79.13,348.35,False
2022-09-19 01:00:00,0.0,31.74,63.37,74.56,36.44,36.8,29.75,76.31,349.33,False
2022-09-19 02:00:00,0.0,29.4,63.46,74.66,36.24,36.55,30.79,71.65,349.96,False
2022-09-19 03:00:00,0.0,27.57,63.54,74.75,36.67,36.16,32.26,70.31,350.85,False
2022-09-19 04:00:00,0.0,25.61,63.53,74.74,36.97,36.33,32.98,65.28,351.28,False
2022-09-19 05:00:00,0.0,24.18,63.39,74.58,36.61,36.08,33.14,62.48,351.38,False
2022-09-19 06:00:00,14.61,48.52,63.56,74.77,36.57,35.87,32.78,63.87,351.17,False
2022-09-19 07:00:00,0.0,45.91,63.81,75.07,35.64,36.16,33.29,64.89,351.47,False
2022-09-19 08:00:00,0.0,42.89,64.17,75.49,35.87,36.05,32.34,63.47,350.9,False
2022-09-19 09:00:00,0.0,40.85,64.49,75.87,36.22,35.17,31.03,65.43,350.11,False
2022-09-19 10:00:00,0.0,38.81,64.63,76.04,35.94,35.85,30.51,71.89,349.79,False
2022-09-19 11:00:00,0.0,36.64,64.78,76.21,34.78,34.99,29.72,73.56,349.31,False
2022-09-19 12:00:00,0.0,33.98,64.96,76.43,34.86,35.0,29.05,77.67,348.9,False
2022-09-19 13:00:00,0.0,31.76,65.04,76.52,36.32,35.34,27.23,80.9,347.8,False
2022-09-19 14:00:00,0.0,29.58,65.17,76.67,35.0,34.7,25.52,88.04,346.77,False
2022-09-19 15:00:00,0.0,27.58,65.18,76.68,35.42,35.07,25.35,90.42,346.66,False
2022-09-19 16:00:00,0.0,26.4,65.22,76.73,35.42,35.01,24.67,87.65,346.25,False
2022-09-19 17:00:00,0.0,24.77,65.17,76.67,34.39,34.56,24.26,90.46,346.0,False
2022-09-19 18:00:00,40.96,96.81,66.28,77.97,34.01,33.46,24.55,93.7,346.18,False
2022-09-19 19:00:00,21.2,128.94,68.08,80.09,31.99,32.41,24.76,92.73,346.31,False
2022-09-19 20:00:00,0.0,121.04,68.98,81.15,31.72,31.55,24.25,90.04,345.99,False
2022-09-19 21:00:00,0.0,113.94,69.83,82.15,30.96,30.42,24.95,85.62,346.42,False
2022-09-19 22:00:00,0.0,106.61,70.6,83.06,29.07,29.06,25.63,83.63,346.83,False
2022-09-19 23:00:00,0.0,100.25,71.34,83.93,30.04,29.01,27.75,80.59,348.12,False
2022-09-20 00:00:00,0.0,94.36,71.84,84.52,28.23,28.05,29.37,78.55,349.1,False
2022-09-20 01:00:00,0.0,88.18,72.32,85.08,27.93,27.17,29.48,77.78,349.16,False
2022-09-20 02:00:00,0.0,82.46,71.94,84.64,27.0,27.8,30.61,69.63,349.85,False
2022-09-20 03:00:00,0.0,77.5,72.27,85.02,28.13,27.64,32.56,66.05,351.03,False
2022-09-20 04:00:00,0.0,73.28,72.0,84.7,27.14,28.44,32.7,65.66,351.12,False
2022-09-20 05:00:00,0.0,69.24,71.99,84.7,27.95,27.68,33.11,66.54,351.36,False
2022-09-20 06:00:00,0.0,64.91,72.02,84.73,27.76,27.6,32.29,61.11,350.86,False
2022-09-20 07:00:00,0.0,61.44,72.11,84.83,28.08,27.7,33.25,67.38,351.45,False
2022-09-20 08:00:00,0.0,57.65,72.3,85.06,27.77,27.65,31.84,65.53,350.59,False
2022-09-20 09:00:00,0.0,54.1,71.61,84.25,28.62,28.66,31.0,66.63,350.09,False
2022-09-20 10:00:00,0.0,50.88,71.4,84.0,29.1,28.82,30.54,67.8,349.81,False
2022-09-20 11:00:00,17.74,80.0,71.72,84.38,27.87,27.38,29.31,75.79,349.06,False
2022-09-20 12:00:00,0.0,75.02,71.88,84.56,28.04,27.98,28.37,77.66,348.49,False
2022-09-20 13:00:00,0.0,70.4,72.11,84.84,27.55,27.93,26.47,81.96,347.34,False
2022-09-20 14:00:00,0.0,65.8,72.29,85.05,27.34,27.36,26.83,83.2,347.56,False
2022-09-20 15:00:00,0.0,61.96,71.8,84.47,28.97,27.89,25.99,87.26,347.05,False
2022-09-20 16:00:00,0.0,58.52,71.75,84.41,27.74,28.5,23.43,89.15,345.5,False
2022-09-20 17:00:00,0.0,55.31,71.61,84.24,28.07,28.67,24.74,91.32,346.29,False
2022-09-20 18:00:00,0.0,51.58,71.59,84.22,29.29,28.34,23.51,90.66,345.55,False
2022-09-20 19:00:00,0.0,48.37,71.5,84.12,28.45,28.66,24.67,88.45,346.25,False
2022-09-20 20:00:00,0.0,45.84,71.19,83.75,28.79,29.0,24.56,95.58,346.18,False
2022-09-20 21:00:00,0.0,43.16,70.88,83.38,29.28,28.69,25.34,85.17,346.65,False
2022-09-20 22:00:00,3.61,47.08,70.72,83.2,28.79,28.84,26.14,85.36,347.14,False
2022-09-20 23:00:00,0.0,44.26,70.44,82.87,29.19,29.4,28.06,78.08,348.31,False
2022-09-21 00:00:00,0.0,41.77,70.14,82.52,29.61,29.58,27.76,74.01,348.12,False
2022-09-21 01:00:00,0.0,39.35,69.68,81.97,30.74,30.08,30.03,74.57,349.5,False
2022-09-21 02:00:00,0.0,36.81,69.2,81.41,31.07,30.76,31.41,71.35,350.33,False
2022-09-21 03:00:00,0.0,34.87,68.78,80.91,30.97,31.19,32.11,70.62,350.76,False
2022-09-21 04:00:00,0.0,32.42,68.26,80.31,31.69,30.72,33.79,66.67,351.78,False
2022-09-21 05:00:00,0.0,30.87,67.68,79.63,32.63,32.36,32.53,64.18,351.01,False
2022-09-21 06:00:00,0.0,28.75,67.14,78.98,31.91,32.76,33.57,62.1,351.65,False
2022-09-21 07:00:00,0.0,27.19,66.52,78.26,33.6,33.57,32.78,67.48,351.17,False
2022-09-21 08:00:00,0.0,25.51,65.95,77.59,34.36,33.8,33.14,67.73,351.38,False
2022-09-21 09:00:00,0.0,23.83,65.98,77.63,33.65,33.76,31.68,65.61,350.5,False
2022-09-21 10:00:00,0.0,22.81,65.9,77.53,34.36,33.94,30.52,71.08,349.79,False
2022-09-21 11:00:00,0.0,21.66,65.79,77.4,34.22,34.64,30.45,74.66,349.75,False
2022-09-21 12:00:00,3.58,26.8,65.88,77.51,34.84,33.95,28.21,77.31,348.39,False
2022-09-21 13:00:00,0.0,25.71,65.93,77.56,33.86,34.52,26.49,83.17,347.35,False
2022-09-21 14:00:00,0.0,24.46,65.96,77.6,34.28,34.43,25.94,86.66,347.02,False
2022-09-21 15:00:00,0.0,22.75,65.7,77.29,33.72,34.17,25.69,87.52,346.87,False
2022-09-21 16:00:00,0.0,20.71,65.57,77.14,34.46,34.23,25.44,89.56,346.72,False
2022-09-21 17:00:00,0.0,19.5,65.4,76.95,34.92,34.41,24.22,94.52,345.98,False
2022-09-21 18:00:00,0.0,18.74,65.21,76.72,34.58,34.73,24.79,93.87,346.32,False
2022-09-21 19:00:00,0.0,17.8,65.15,76.65,35.3,34.62,23.34,91.67,345.44,False
2022-09-21 20:00:00,29.18,69.72,65.83,77.45,34.54,34.46,24.34,86.87,346.05,False
2022-09-21 21:00:00,0.0,65.36,66.37,78.08,33.69,33.37,25.14,88.59,346.54,False
2022-09-21 22:00:00,0.0,61.4,66.41,78.13,33.48,33.93,26.18,86.4,347.17,False
2022-09-21 23:00:00,0.0,57.69,66.37,78.09,32.39,33.25,27.39,76.11,347.9,False
2022-09-22 00:00:00,0.0,54.3,66.2,77.89,33.54,33.13,28.91,78.5,348.82,False
2022-09-22 01:00:00,0.0,51.27,66.7,78.47,33.74,32.58,29.4,73.54,349.12,False
2022-09-22 02:00:00,3.34,54.7,66.65,78.42,33.24,33.13,30.83,70.56,349.99,False
2022-09-22 03:00:00,0.0,51.97,66.56,78.31,33.62,33.11,31.65,66.29,350.48,False
2022-09-22 04:00:00,0.0,49.35,66.42,78.15,33.39,33.24,31.84,65.58,350.6,False
2022-09-22 05:00:00,0.0,46.59,66.29,77.99,33.14,34.11,32.78,67.26,351.16,False
2022-09-22 06:00:00,0.0,43.7,66.56,78.31,33.74,33.14,32.91,63.11,351.25,False
2022-09-22 07:00:00,0.0,41.14,66.15,77.82,33.36,33.06,32.75,66.41,351.15,False
2022-09-22 08:00:00,0.0,38.87,66.34,78.05,33.55,33.89,32.42,64.26,350.94,False
2022-09-22 09:00:00,0.0,36.58,65.82,77.43,34.33,34.72,31.73,69.62,350.53,False
2022-09-22 10:00:00,0.0,34.11,65.86,77.48,33.87,34.32,30.49,71.0,349.78,False
2022-09-22 11:00:00,0.0,31.92,66.08,77.74,34.54,33.65,30.43,75.08,349.74,False
2022-09-22 12:00:00,0.0,30.27,66.06,77.72,34.73,34.01,27.8,78.01,348.15,False
2022-09-22 13:00:00,0.0,28.38,66.0,77.65,33.68,33.68,26.9,82.91,347.6,False
2022-09-22 14:00:00,0.0,26.68,66.06,77.71,33.63,33.55,27.92,79.86,348.22,False
2022-09-22 15:00:00,0.0,25.06,66.1,77.77,33.72,33.82,24.7,85.06,346.27,False
2022-09-22 16:00:00,0.0,23.29,65.92,77.55,34.54,34.06,23.79,90.96,345.72,False
2022-09-22 17:00:00,0.0,21.84,65.86,77.49,34.33,34.06,24.59,87.44,346.2,False
2022-09-22 18:00:00,0.0,20.39,65.72,77.32,34.58,34.95,22.75,90.94,345.09,False
2022-09-22 19:00:00,0.0,18.96,65.62,77.2,34.91,34.4,24.01,91.41,345.85,False
2022-09-22 20:00:00,0.0,17.51,65.45,77.0,34.19,34.94,25.89,88.47,346.99,False
2022-09-22 21:00:00,0.0,16.42,65.17,76.67,35.03,35.72,24.39,86.52,346.08,False
2022-09-22 22:00:00,0.0,15.62,64.95,76.42,35.07,34.86,25.06,85.54,346.49,False
2022-09-22 23:00:00,0.0,15.02,64.82,76.25,35.36,35.24,26.44,83.64,347.32,False
2022-09-23 00:00:00,0.0,13.7,64.76,76.19,35.7,35.57,29.04,76.08,348.9,False
2022-09-23 01:00:00,0.0,13.36,64.57,75.97,35.37,35.48,30.34,73.23,349.69,False
2022-09-23 02:00:00,0.0,12.65,64.31,75.66,35.41,35.58,30.44,69.54,349.75,False
2022-09-23 03:00:00,0.0,11.55,63.97,75.26,35.61,36.97,32.09,63.26,350.75,False
2022-09-23 04:00:00,0.0,10.74,63.7,74.94,37.0,36.78,33.23,66.16,351.44,False
2022-09-23 05:00:00,0.0,9.53,63.39,74.57,36.6,35.77,33.92,66.35,351.85,False
2022-09-23 06:00:00,0.0,8.47,63.11,74.25,36.34,37.43,32.85,66.03,351.21,False
2022-09-23 07:00:00,0.0,8.48,62.81,73.89,37.75,37.83,31.47,62.74,350.37,False
2022-09-23 08:00:00,0.0,7.76,62.54,73.57,36.78,37.94,31.9,63.37,350.63,False
2022-09-23 09:00:00,0.0,7.46,62.19,73.17,37.19,38.11,31.43,68.14,350.34,False
2022-09-23 10:00:00,0.0,6.98,62.0,72.95,37.87,38.62,30.59,72.66,349.84,False
2022-09-23 11:00:00,0.0,6.56,61.72,72.61,38.06,38.63,29.55,74.69,349.21,False
2022-09-23 12:00:00,0.0,6.28,61.33,72.15,38.8,38.9,29.17,78.58,348.98,False
2022-09-23 13:00:00,0.0,5.28,61.06,71.83,38.17,39.0,28.1,83.91,348.33,False
2022-09-23 14:00:00,0.0,5.36,60.61,71.31,39.52,38.96,26.15,83.52,347.15,False
2022-09-23 15:00:00,0.0,5.01,60.19,70.81,40.32,39.26,25.98,87.46,347.04,False
2022-09-23 16:00:00,0.0,4.55,59.76,70.31,39.85,40.55,24.82,93.39,346.34,False
2022-09-23 17:00:00,0.0,4.42,59.5,70.0,40.35,40.8,24.19,91.13,345.96,False
2022-09-23 18:00:00,0.0,3.94,59.11,69.54,40.57,40.87,24.54,89.47,346.17,False
2022-09-23 19:00:00,0.0,3.77,58.68,69.04,41.44,40.97,24.2,90.18,345.96,False
2022-09-23 20:00:00,0.6,4.57,58.33,68.63,41.24,41.21,25.84,88.25,346.96,False
2022-09-23 21:00:00,0.0,4.51,58.01,68.25,41.51,41.84,24.45,88.61,346.12,False
2022-09-23 22:00:00,0.0,4.17,57.77,67.96,42.17,42.51,25.94,83.21,347.02,False
2022-09-23 23:00:00,0.0,3.61,57.27,67.38,42.87,43.63,27.26,82.17,347.82,False
2022-09-24 00:00:00,0.0,3.51,56.99,67.05,43.07,43.0,28.76,76.53,348.73,False
2022-09-24 01:00:00,0.0,3.21,56.44,66.4,43.39,43.68,30.43,70.13,349.74,False
2022-09-24 02:00:00,0.0,2.47,56.51,66.48,43.76,43.94,30.74,71.61,349.93,False
2022-09-24 03:00:00,0.0,2.39,56.6,66.59,28.49,43.37,30.83,68.4,349.98,True
2022-09-24 04:00:00,0.0,2.08,56.69,66.7,42.84,43.45,32.9,66.91,351.24,False
2022-09-24 05:00:00,0.0,2.06,56.73,66.75,42.19,43.59,33.3,63.13,351.48,False
2022-09-24 06:00:00,0.0,2.0,56.64,66.64,43.57,43.8,31.83,62.44,350.59,False
2022-09-24 07:00:00,0.0,2.0,56.7,66.7,43.2,43.33,32.84,65.28,351.2,False
2022-09-24 08:00:00,0.0,2.23,56.61,66.6,42.95,43.2,31.44,68.91,350.35,False
2022-09-24 09:00:00,0.06,2.47,56.53,66.51,44.12,43.55,31.28,68.12,350.26,False
2022-09-24 10:00:00,0.0,2.32,56.5,66.47,44.15,42.83,30.21,71.85,349.61,False
2022-09-24 11:00:00,0.0,2.31,56.47,66.43,44.04,43.65,30.15,73.73,349.57,False
2022-09-24 12:00:00,0.0,2.41,56.48,66.45,43.61,43.86,28.57,74.91,348.61,False
2022-09-24 13:00:00,0.0,2.27,56.43,66.38,42.31,44.25,26.56,83.56,347.4,False
2022-09-24 14:00:00,0.0,2.0,56.45,66.41,44.02,55.92,26.78,86.82,347.53,True
2022-09-24 15:00:00,0.0,2.0,56.33,66.27,43.3,42.64,24.46,89.32,346.12,False
2022-09-24 16:00:00,0.0,2.18,56.33,66.27,43.45,44.23,24.8,89.76,346.33,False
2022-09-24 17:00:00,0.0,2.23,56.3,66.24,44.05,44.28,23.66,92.72,345.64,False
2022-09-24 18:00:00,0.0,2.11,56.38,66.33,44.43,43.25,23.78,93.79,345.71,False
2022-09-24 19:00:00,0.0,2.15,56.47,66.43,44.15,43.37,24.46,94.76,346.12,False
2022-09-24 20:00:00,0.0,2.0,56.45,66.41,43.62,44.13,24.92,92.1,346.4,False
2022-09-24 21:00:00,0.0,2.19,56.29,66.22,44.01,43.74,26.12,88.03,347.13,False
2022-09-24 22:00:00,0.0,2.47,56.17,66.08,43.39,43.6,26.2,82.38,347.18,False
2022-09-24 23:00:00,0.0,2.0,56.25,66.18,43.1,43.45,27.52,81.93,347.98,False
2022-09-25 00:00:00,0.0,2.21,56.24,66.16,44.19,44.82,28.24,78.51,348.41,False
2022-09-25 01:00:00,0.0,2.75,56.38,66.33,43.75,43.93,29.77,75.79,349.34,False
2022-09-25 02:00:00,0.0,2.75,56.46,66.42,42.96,43.43,31.01,73.71,350.09,False
2022-09-25 03:00:00,0.0,2.88,56.49,66.46,43.49,44.08,31.62,67.91,350.46,False
2022-09-25 04:00:00,0.0,2.51,56.5,66.47,43.75,43.46,31.31,70.08,350.28,False
2022-09-25 05:00:00,17.64,33.96,56.94,66.98,43.43,43.55,33.05,60.96,351.33,False
2022-09-25 06:00:00,0.0,31.86,57.38,67.5,42.88,42.86,33.22,64.84,351.43,False
2022-09-25 07:00:00,0.0,29.82,57.87,68.08,41.99,42.0,32.44,62.88,350.96,False
2022-09-25 08:00:00,0.0,27.64,58.26,68.54,41.4,41.94,31.63,62.06,350.47,False
2022-09-25 09:00:00,0.0,25.93,58.69,69.05,41.36,41.53,32.57,67.7,351.04,False
2022-09-25 10:00:00,0.0,24.63,59.14,69.58,41.18,41.18,31.04,68.09,350.11,False
2022-09-25 11:00:00,0.0,22.76,59.47,69.96,40.9,41.18,29.53,74.05,349.19,False
2022-09-25 12:00:00,0.0,21.45,59.75,70.29,40.88,41.14,27.82,78.07,348.16,False
2022-09-25 13:00:00,0.0,20.21,59.57,70.09,40.44,40.59,26.84,83.86,347.57,False
2022-09-25 14:00:00,0.0,18.9,59.52,70.02,40.04,39.72,27.03,81.98,347.68,False
2022-09-25 15:00:00,0.0,17.92,59.44,69.92,41.0,40.92,25.4,89.72,346.69,False
2022-09-25 16:00:00,0.0,16.96,59.45,69.94,40.58,40.44,24.27,90.32,346.01,False
2022-09-25 17:00:00,0.0,15.83,59.29,69.75,40.2,40.03,24.46,93.58,346.12,False
2022-09-25 18:00:00,0.0,15.2,59.1,69.53,41.15,41.18,23.51,91.14,345.55,False
2022-09-25 19:00:00,0.0,14.46,58.93,69.34,41.63,41.24,25.05,88.86,346.48,False
2022-09-25 20:00:00,0.0,14.06,58.71,69.07,41.45,40.97,25.41,87.69,346.7,False
2022-09-25 21:00:00,0.0,13.2,58.42,68.72,42.15,41.11,25.04,85.32,346.47,False
2022-09-25 22:00:00,0.0,12.31,58.19,68.46,41.62,42.37,25.87,85.96,346.98,False
2022-09-25 23:00:00,0.0,11.51,57.98,68.21,41.73,42.23,25.76,84.58,346.91,False
2022-09-26 00:00:00,0.0,11.17,57.76,67.96,42.58,41.92,27.61,76.87,348.03,False
2022-09-26 01:00:00,0.0,10.46,57.53,67.69,42.32,42.73,28.86,75.63,348.79,False
2022-09-26 02:00:00,0.0,9.8,57.34,67.46,43.14,42.49,30.83,67.95,349.98,False
2022-09-26 03:00:00,0.0,9.8,57.11,67.19,42.96,43.11,31.49,68.46,350.38,False
2022-09-26 04:00:00,0.0,8.81,56.84,66.87,43.65,43.29,31.59,67.21,350.44,False
2022-09-26 05:00:00,0.0,8.39,56.83,66.86,43.42,42.14,32.68,61.58,351.1,False
2022-09-26 06:00:00,0.0,7.87,56.95,66.99,42.69,43.1,33.3,63.59,351.48,False
2022-09-26 07:00:00,0.0,7.32,57.01,67.08,42.19,42.92,33.16,65.91,351.4,False
2022-09-26 08:00:00,0.0,6.6,56.99,67.05,43.32,42.71,31.26,60.01,350.24,False
2022-09-26 09:00:00,0.0,6.0,57.09,67.17,43.13,42.4,31.61,70.77,350.45,False
2022-09-26 10:00:00,0.0,5.52,57.19,67.28,42.41,42.73,29.92,71.71,349.43,False
2022-09-26 11:00:00,0.0,5.34,57.27,67.38,43.05,42.59,30.21,75.81,349.6,False
2022-09-26 12:00:00,0.0,5.27,57.36,67.49,43.19,42.9,28.97,77.17,348.86,False
2022-09-26 13:00:00,0.0,4.42,57.41,67.54,42.31,42.54,26.8,78.18,347.54,False
2022-09-26 14:00:00,0.0,3.8,57.41,67.54,41.82,42.63,25.79,86.07,346.93,False
2022-09-26 15:00:00,0.0,3.73,57.57,67.73,42.81,42.56,25.04,87.73,346.48,False
2022-09-26 16:00:00,0.0,3.7,57.61,67.77,42.9,42.21,23.25,90.19,345.39,False
2022-09-26 17:00:00,0.0,3.04,57.41,67.55,42.29,42.19,24.35,93.7,346.06,False
2022-09-26 18:00:00,0.0,3.12,57.23,67.33,43.08,43.65,23.84,93.52,345.74,False
2022-09-26 19:00:00,0.0,2.93,57.34,67.46,42.8,42.63,24.74,95.37,346.29,False
2022-09-26 20:00:00,0.0,2.97,57.2,67.29,42.76,42.72,23.94,90.43,345.81,False
2022-09-26 21:00:00,0.0,2.54,57.16,67.25,43.07,43.41,24.95,86.52,346.42,False
2022-09-26 22:00:00,0.0,2.0,57.06,67.12,42.74,43.7,25.35,84.62,346.66,False
2022-09-26 23:00:00,0.0,2.0,57.02,67.09,42.54,43.55,26.73,82.45,347.5,False
2022-09-27 00:00:00,0.0,2.0,57.05,67.12,43.11,42.8,27.79,80.03,348.14,False
2022-09-27 01:00:00,0.0,2.0,56.99,67.05,43.12,43.15,30.26,71.44,349.64,False
2022-09-27 02:00:00,0.0,2.0,56.92,66.96,42.06,43.32,30.33,71.02,349.68,False
2022-09-27 03:00:00,0.0,2.39,56.97,67.03,42.55,43.92,31.76,71.32,350.54,False
2022-09-27 04:00:00,0.0,2.0,57.18,67.27,42.55,42.99,32.17,65.4,350.79,False
2022-09-27 05:00:00,0.0,2.0,57.22,67.31,42.99,42.97,32.08,66.34,350.74,False
2022-09-27 06:00:00,0.0,2.0,57.14,67.22,42.26,42.46,32.9,64.99,351.24,False
2022-09-27 07:00:00,0.0,2.0,57.2,67.29,42.67,42.3,33.21,66.39,351.42,False
2022-09-27 08:00:00,0.0,2.09,57.33,67.45,43.44,43.21,31.67,64.26,350.49,False
2022-09-27 09:00:00,0.0,2.23,57.42,67.55,42.61,42.72,32.17,66.49,350.79,False
2022-09-27 10:00:00,0.0,2.42,57.29,67.4,42.76,42.89,30.24,71.04,349.63,False
2022-09-27 11:00:00,0.0,2.42,57.33,67.45,42.64,43.09,29.37,71.31,349.1,False
2022-09-27 12:00:00,0.0,2.0,57.29,67.4,43.1,43.05,28.82,77.46,348.76,False
2022-09-27 13:00:00,0.0,2.0,57.29,67.4,42.73,43.0,26.94,82.13,347.62,False
2022-09-27 14:00:00,0.0,2.22,57.26,67.36,42.66,43.0,26.27,88.57,347.22,False
2022-09-27 15:00:00,0.0,2.42,57.32,67.43,42.75,42.74,25.13,88.7,346.53,False
2022-09-27 16:00:00,0.0,2.46,57.29,67.4,43.24,42.8,24.68,91.37,346.26,False
2022-09-27 17:00:00,0.0,2.07,57.4,67.52,42.76,42.97,22.72,93.85,345.07,False
2022-09-27 18:00:00,30.2,56.21,58.29,68.58,41.73,41.33,22.9,90.07,345.18,False
2022-09-27 19:00:00,0.0,52.72,59.11,69.55,41.36,40.47,24.52,91.19,346.16,False
2022-09-27 20:00:00,0.0,49.25,59.94,70.52,39.85,40.09,25.23,94.98,346.59,False
2022-09-27 21:00:00,0.0,46.37,60.3,70.94,38.42,39.76,24.77,87.74,346.31,False
2022-09-27 22:00:00,0.0,44.23,60.65,71.35,39.53,39.64,26.1,87.23,347.12,False
2022-09-27 23:00:00,0.0,41.43,60.89,71.63,39.29,39.02,27.51,83.55,347.97,False
2022-09-28 00:00:00,0.0,39.34,61.21,72.01,38.54,38.48,28.92,75.04,348.82,False
2022-09-28 01:00:00,0.0,36.71,61.46,72.31,38.43,38.78,28.45,75.0,348.54,False
2022-09-28 02:00:00,0.0,34.05,61.59,72.45,38.92,38.95,30.22,71.29,349.61,False
2022-09-28 03:00:00,0.0,32.3,61.75,72.65,38.43,38.4,31.48,68.76,350.38,False
2022-09-28 04:00:00,0.0,30.3,61.79,72.7,38.8,37.62,32.82,64.37,351.19,False
2022-09-28 05:00:00,0.0,28.86,61.88,72.8,38.23,38.23,34.35,62.24,352.11,False
2022-09-28 06:00:00,0.0,27.57,61.97,72.9,37.97,37.26,32.86,63.05,351.22,False
2022-09-28 07:00:00,0.0,25.83,61.98,72.91,38.31,38.01,32.0,64.28,350.69,False
2022-09-28 08:00:00,0.0,24.68,61.88,72.8,38.26,37.31,32.64,68.25,351.08,False
2022-09-28 09:00:00,0.0,22.94,61.73,72.62,38.45,38.1,32.47,71.74,350.98,False
2022-09-28 10:00:00,0.0,21.3,61.67,72.55,38.24,38.54,30.81,73.79,349.97,False
2022-09-28 11:00:00,0.0,20.34,61.51,72.36,38.26,38.38,29.12,76.1,348.95,False
2022-09-28 12:00:00,0.0,18.66,61.46,72.31,38.32,38.99,29.07,75.99,348.92,False
2022-09-28 13:00:00,0.0,17.54,61.2,72.0,39.01,38.89,27.73,80.81,348.11,False
2022-09-28 14:00:00,0.0,16.86,61.14,71.93,39.12,38.41,25.63,85.42,346.83,False
2022-09-28 15:00:00,0.0,16.24,60.98,71.74,37.97,39.38,25.55,86.63,346.78,False
2022-09-28 16:00:00,0.0,15.14,60.72,71.44,38.99,39.55,25.2,91.28,346.57,False
2022-09-28 17:00:00,0.0,14.53,60.49,71.16,38.88,40.02,24.86,92.96,346.37,False
2022-09-28 18:00:00,0.0,13.32,60.25,70.89,39.55,40.03,23.96,93.07,345.82,False
2022-09-28 19:00:00,0.0,12.32,60.06,70.66,39.7,40.13,23.94,93.57,345.81,False
2022-09-28 20:00:00,1.01,13.47,59.74,70.29,40.32,39.86,25.34,88.32,346.66,False
2022-09-28 21:00:00,0.0,12.78,59.44,69.93,40.63,40.89,24.59,89.77,346.2,False
2022-09-28 22:00:00,0.0,11.69,59.17,69.61,41.68,40.77,26.51,83.61,347.37,False
2022-09-28 23:00:00,0.0,11.55,58.92,69.32,41.23,41.4,26.51,79.74,347.37,False
2022-09-29 00:00:00,0.0,10.3,58.71,69.07,41.55,42.18,29.14,79.06,348.96,False
2022-09-29 01:00:00,14.85,36.42,58.9,69.29,40.53,41.59,29.51,76.81,349.18,False
2022-09-29 02:00:00,12.38,56.57,59.37,69.84,40.5,40.75,31.51,71.98,350.4,False
2022-09-29 03:00:00,0.0,52.65,59.82,70.38,39.74,40.2,31.98,68.14,350.68,False
2022-09-29 04:00:00,0.0,49.89,60.23,70.86,40.01,39.6,31.66,66.5,350.49,False
2022-09-29 05:00:00,0.0,46.68,60.55,71.23,39.47,38.52,33.7,64.75,351.72,False
2022-09-29 06:00:00,0.0,43.91,60.85,71.59,39.02,39.17,33.93,61.75,351.86,False
2022-09-29 07:00:00,0.0,41.37,60.93,71.68,39.46,38.87,33.38,61.99,351.53,False
2022-09-29 08:00:00,15.29,65.96,61.66,72.54,38.23,38.47,31.94,65.72,350.66,False
2022-09-29 09:00:00,0.0,61.68,62.29,73.28,38.24,37.5,31.5,68.26,350.39,False
2022-09-29 10:00:00,0.0,58.45,62.95,74.05,37.58,49.14,30.84,71.02,349.99,True
2022-09-29 11:00:00,0.0,54.93,63.36,74.54,36.39,37.14,29.24,75.73,349.02,False
2022-09-29 12:00:00,0.0,50.82,63.81,75.07,36.64,36.25,29.52,77.57,349.19,False
2022-09-29 13:00:00,0.0,47.68,64.01,75.31,36.03,35.55,27.42,82.75,347.92,False
2022-09-29 14:00:00,0.0,44.81,64.18,75.5,35.67,35.49,24.63,84.71,346.22,False
2022-09-29 15:00:00,0.0,42.19,64.42,75.79,35.74,35.86,25.52,91.55,346.77,False
2022-09-29 16:00:00,0.0,39.06,64.59,75.98,34.78,35.72,24.39,90.29,346.08,False
2022-09-29 17:00:00,0.0,36.7,64.84,76.28,34.94,34.81,24.11,96.2,345.91,False
2022-09-29 18:00:00,0.0,34.25,65.07,76.55,35.1,46.92,23.78,92.7,345.71,True
2022-09-29 19:00:00,0.0,32.26,65.27,76.78,34.62,35.1,24.64,91.1,346.23,False
2022-09-29 20:00:00,0.0,30.48,65.38,76.92,35.05,35.31,25.27,88.33,346.62,False
2022-09-29 21:00:00,0.0,28.77,65.47,77.03,34.37,34.6,25.49,85.01,346.75,False
2022-09-29 22:00:00,0.0,27.47,65.39,76.93,34.66,34.53,26.05,83.02,347.08,False
2022-09-29 23:00:00,0.0,26.47,65.5,77.06,34.45,34.35,27.31,79.86,347.85,False
2022-09-30 00:00:00,0.0,24.55,65.57,77.14,33.82,34.49,28.51,78.79,348.58,False
2022-09-30 01:00:00,0.0,22.96,65.4,76.94,34.75,35.15,29.18,73.32,348.99,False
2022-09-30 02:00:00,0.0,21.8,65.36,76.9,34.76,34.69,31.1,71.37,350.14,False
2022-09-30 03:00:00,0.0,20.46,65.22,76.73,34.01,34.98,31.96,70.66,350.67,False
2022-09-30 04:00:00,0.0,18.41,65.24,76.75,33.78,34.2,33.32,65.7,351.49,False
2022-09-30 05:00:00,0.0,17.25,65.01,76.48,34.81,35.63,33.6,68.64,351.66,False
2022-09-30 06:00:00,0.0,16.59,64.85,76.29,35.64,35.69,32.59,61.65,351.05,False
2022-09-30 07:00:00,0.0,15.17,64.68,76.09,36.41,35.2,33.34,64.18,351.5,False
2022-09-30 08:00:00,0.0,14.33,64.47,75.85,34.8,35.49,31.83,64.8,350.59,False
2022-09-30 09:00:00,0.0,12.9,64.42,75.79,36.23,36.05,32.1,69.97,350.75,False
2022-09-30 10:00:00,0.0,12.38,64.32,75.67,36.14,36.86,30.44,66.52,349.75,False
2022-09-30 11:00:00,23.79,54.54,64.66,76.07,35.11,34.67,29.05,71.49,348.9,False
2022-09-30 12:00:00,0.0,51.1,65.11,76.6,35.64,34.69,28.67,77.79,348.67,False
2022-09-30 13:00:00,0.0,47.91,65.47,77.02,34.72,34.38,25.73,84.73,346.89,False
2022-09-30 14:00:00,0.0,44.58,65.84,77.45,34.07,34.58,25.2,85.45,346.57,False
2022-09-30 15:00:00,0.0,42.21,66.12,77.78,33.17,34.03,25.21,85.2,346.58,False
2022-09-30 16:00:00,0.0,39.44,66.27,77.96,33.77,33.53,24.65,87.73,346.24,False
2022-09-30 17:00:00,0.0,37.22,66.37,78.08,33.65,33.07,23.93,94.87,345.8,False
2022-09-30 18:00:00,4.02,41.93,66.03,77.69,34.86,34.37,23.05,90.76,345.27,False
2022-09-30 19:00:00,0.0,40.08,66.25,77.94,33.37,33.67,23.66,89.64,345.64,False
2022-09-30 20:00:00,0.0,38.14,66.46,78.19,33.18,33.07,24.84,93.08,346.35,False
2022-09-30 21:00:00,0.0,36.47,66.02,77.68,33.77,33.7,25.67,89.92,346.85,False
2022-09-30 22:00:00,0.03,35.0,66.3,78.01,34.76,33.53,26.24,87.55,347.2,False
2022-09-30 23:00:00,0.0,32.71,65.89,77.52,33.65,33.99,28.03,79.72,348.29,False
2022-10-01 00:00:00,0.0,30.48,66.03,77.68,34.49,33.55,28.74,74.95,348.72,False
2022-10-01 01:00:00,0.0,29.26,66.07,77.73,33.31,33.52,29.22,74.64,349.01,False
2022-10-01 02:00:00,0.0,27.46,66.0,77.65,34.17,34.95,30.58,71.67,349.83,False
2022-10-01 03:00:00,0.0,26.07,66.07,77.73,33.97,34.06,30.84,68.83,349.99,False
2022-10-01 04:00:00,0.0,24.32,65.95,77.59,33.77,33.88,32.33,68.83,350.89,False
2022-10-01 05:00:00,0.0,22.68,65.73,77.33,34.56,34.42,33.51,61.01,351.61,False
2022-10-01 06:00:00,0.0,21.56,65.69,77.29,33.99,34.37,33.41,65.72,351.55,False
2022-10-01 07:00:00,0.0,19.68,65.52,77.08,33.83,34.12,33.69,62.28,351.71,False
2022-10-01 08:00:00,0.0,18.73,65.37,76.9,34.51,33.87,32.22,67.59,350.82,False
2022-10-01 09:00:00,0.0,17.77,65.28,76.8,34.36,34.51,32.49,67.15,350.99,False
2022-10-01 10:00:00,0.0,16.54,65.04,76.52,35.06,34.89,30.63,69.37,349.86,False
2022-10-01 11:00:00,0.0,15.56,64.73,76.15,35.16,35.23,30.55,73.16,349.81,False
2022-10-01 12:00:00,0.0,14.68,64.63,76.04,35.99,34.63,28.49,75.11,348.56,False
2022-10-01 13:00:00,0.0,13.87,64.42,75.79,35.45,36.57,27.76,81.7,348.12,False
2022-10-01 14:00:00,0.0,13.24,64.3,75.65,35.81,36.66,27.14,83.45,347.74,False
2022-10-01 15:00:00,0.0,12.2,64.11,75.43,35.42,36.06,25.2,89.47,346.57,False
2022-10-01 16:00:00,0.0,12.28,63.93,75.21,35.9,36.08,24.73,91.4,346.29,False
2022-10-01 17:00:00,0.0,11.48,63.7,74.94,35.94,36.08,24.93,94.9,346.41,False
2022-10-01 18:00:00,0.0,10.75,63.45,74.64,37.03,36.78,23.92,92.73,345.8,False
2022-10-01 19:00:00,0.0,10.69,63.28,74.44,36.42,36.68,23.36,92.56,345.46,False
2022-10-01 20:00:00,0.0,9.5,63.06,74.19,36.68,37.44,25.89,92.92,346.99,False
2022-10-01 21:00:00,0.0,9.51,62.73,73.8,37.39,37.63,25.04,86.64,346.47,False
2022-10-01 22:00:00,0.0,8.97,62.48,73.51,37.23,37.18,26.35,82.02,347.27,False
2022-10-01 23:00:00,0.0,8.27,62.13,73.09,38.44,37.6,28.03,82.02,348.29,False
2022-10-02 00:00:00,0.0,7.44,61.79,72.69,39.0,38.6,28.13,75.15,348.35,False
2022-10-02 01:00:00,0.0,6.61,61.5,72.36,38.14,38.77,29.06,79.28,348.91,False
2022-10-02 02:00:00,0.0,6.11,61.11,71.9,39.22,38.44,30.9,73.91,350.03,False
2022-10-02 03:00:00,0.0,5.83,60.78,71.51,38.88,39.03,30.61,72.43,349.85,False
2022-10-02 04:00:00,0.0,5.67,60.47,71.14,39.39,39.47,32.22,66.0,350.83,False
2022-10-02 05:00:00,0.0,5.41,60.09,70.7,40.18,39.89,32.99,65.58,351.29,False
2022-10-02 06:00:00,0.0,4.93,59.79,70.34,40.26,40.18,32.84,63.08,351.2,False
2022-10-02 07:00:00,0.0,5.04,59.4,69.88,40.67,40.96,31.92,66.24,350.64,False
2022-10-02 08:00:00,0.0,5.54,59.13,69.56,41.31,40.93,33.35,63.44,351.51,False
2022-10-02 09:00:00,0.0,5.65,58.79,69.17,41.64,41.24,31.74,63.01,350.54,False
2022-10-02 10:00:00,0.0,5.2,58.45,68.77,41.57,41.24,31.61,69.42,350.45,False
2022-10-02 11:00:00,0.0,5.04,58.02,68.26,41.72,42.04,29.51,71.47,349.18,False
2022-10-02 12:00:00,0.0,4.91,57.65,67.82,42.35,42.34,27.97,80.96,348.25,False
2022-10-02 13:00:00,0.0,5.1,57.31,67.42,42.29,42.5,27.5,85.25,347.96,False
2022-10-02 14:00:00,0.0,4.69,57.03,67.09,43.29,42.51,26.12,82.19,347.13,False
2022-10-02 15:00:00,0.0,4.12,56.63,66.63,43.29,43.88,24.61,90.48,346.21,False
2022-10-02 16:00:00,0.0,4.21,56.74,66.76,42.81,43.97,25.48,92.03,346.74,False
2022-10-02 17:00:00,0.0,4.08,56.71,66.72,43.83,43.39,23.78,88.38,345.71,False
2022-10-02 18:00:00,0.0,3.5,56.76,66.77,43.24,43.82,22.9,91.22,345.17,False
2022-10-02 19:00:00,0.0,3.51,56.73,66.75,42.97,43.36,24.95,90.36,346.42,False
2022-10-02 20:00:00,0.0,3.85,56.88,66.92,43.58,42.56,24.3,91.62,346.03,False
2022-10-02 21:00:00,0.0,3.41,57.01,67.07,43.5,43.11,24.95,85.44,346.42,False
2022-10-02 22:00:00,0.0,2.94,57.04,67.11,42.21,42.82,25.19,84.8,346.57,False
2022-10-02 23:00:00,0.0,2.77,57.0,67.06,28.44,43.19,28.38,80.25,348.5,True
2022-10-03 00:00:00,0.0,2.81,56.89,66.93,43.18,43.74,27.73,78.95,348.1,False
2022-10-03 01:00:00,0.0,2.62,56.92,66.97,43.47,42.88,29.7,73.94,349.3,False
2022-10-03 02:00:00,0.0,2.8,56.95,66.99,43.03,43.21,31.3,69.93,350.27,False
2022-10-03 03:00:00,0.0,2.71,57.02,67.08,43.13,43.33,31.94,67.67,350.65,False
2022-10-03 04:00:00,0.0,2.85,56.91,66.95,42.97,43.63,32.36,69.95,350.91,False
2022-10-03 05:00:00,0.0,2.46,56.92,66.97,43.48,43.47,31.83,63.64,350.59,False
2022-10-03 06:00:00,0.0,2.0,56.95,67.0,42.78,42.6,32.51,61.92,351.0,False
2022-10-03 07:00:00,0.0,2.0,56.87,66.91,43.54,42.68,32.96,65.64,351.27,False
2022-10-03 08:00:00,0.0,2.0,56.87,66.91,43.2,43.43,31.92,65.59,350.65,False
2022-10-03 09:00:00,0.0,2.0,56.81,66.83,43.49,43.04,31.8,65.27,350.57,False
2022-10-03 10:00:00,0.0,2.0,56.74,66.75,42.86,42.87,31.16,75.46,350.18,False
2022-10-03 11:00:00,0.0,2.0,56.69,66.69,43.48,43.79,30.24,73.67,349.63,False
2022-10-03 12:00:00,0.0,2.0,56.66,66.66,43.55,43.19,27.76,77.24,348.13,False
2022-10-03 13:00:00,0.0,2.0,56.75,66.77,43.99,43.9,28.65,81.94,348.66,False
2022-10-03 14:00:00,0.0,2.0,56.72,66.73,43.56,43.11,26.71,88.46,347.49,False
2022-10-03 15:00:00,0.0,2.0,56.64,66.64,43.12,43.06,25.32,84.54,346.64,False
2022-10-03 16:00:00,0.0,2.26,56.71,66.71,43.04,43.27,25.26,90.68,346.61,False
2022-10-03 17:00:00,0.0,2.0,56.78,66.8,43.52,43.52,25.57,95.7,346.8,False
2022-10-03 18:00:00,0.0,2.0,56.84,66.87,42.94,43.28,23.14,92.26,345.32,False
2022-10-03 19:00:00,0.0,2.05,56.94,66.99,42.85,43.81,24.02,89.05,345.86,False
2022-10-03 20:00:00,0.0,2.0,56.95,67.0,42.7,43.11,23.18,88.89,345.34,False
2022-10-03 21:00:00,0.0,2.0,56.96,67.01,43.09,42.97,25.43,88.31,346.71,False
2022-10-03 22:00:00,0.0,2.0,56.9,66.94,43.19,43.71,26.47,87.66,347.34,False
2022-10-03 23:00:00,0.0,2.45,57.01,67.07,42.86,43.23,27.31,80.94,347.85,False
2022-10-04 00:00:00,0.0,2.32,57.0,67.06,43.68,42.83,28.11,79.65,348.33,False
2022-10-04 01:00:00,0.0,2.09,56.97,67.02,43.26,43.12,28.43,71.51,348.53,False
2022-10-04 02:00:00,52.77,97.59,58.53,68.85,42.18,41.56,30.97,68.11,350.07,False
2022-10-04 03:00:00,40.81,165.26,61.29,72.11,38.76,38.63,32.56,67.13,351.03,False
2022-10-04 04:00:00,0.0,156.11,63.46,74.66,36.25,36.61,32.04,68.75,350.72,False
2022-10-04 05:00:00,0.0,146.32,65.47,77.03,34.13,34.01,33.11,64.61,351.37,False
2022-10-04 06:00:00,0.0,137.47,67.3,79.18,32.65,32.56,32.06,64.58,350.73,False
2022-10-04 07:00:00,0.0,128.81,68.43,80.51,31.87,31.74,33.12,65.03,351.37,False
2022-10-04 08:00:00,0.0,121.05,69.44,81.69,30.45,30.35,32.16,68.09,350.79,False
2022-10-04 09:00:00,0.0,113.74,70.45,82.88,29.9,29.2,31.22,66.88,350.22,False
2022-10-04 10:00:00,0.0,106.78,71.08,83.62,29.48,28.9,30.29,72.38,349.66,False
2022-10-04 11:00:00,0.0,100.39,71.79,84.46,27.89,28.02,29.43,72.71,349.13,False
2022-10-04 12:00:00,11.64,115.19,72.8,85.64,26.76,26.67,28.73,81.97,348.71,False
2022-10-04 13:00:00,0.0,108.25,72.81,85.66,27.57,26.67,26.55,80.02,347.39,False
2022-10-04 14:00:00,7.17,114.43,73.08,85.97,27.03,27.09,26.01,83.24,347.06,False
2022-10-04 15:00:00,0.0,108.0,73.31,86.25,26.82,26.72,25.29,89.0,346.63,False
2022-10-04 16:00:00,0.0,101.19,73.3,86.24,26.98,26.83,23.94,90.28,345.81,False
2022-10-04 17:00:00,0.0,95.18,73.27,86.2,26.12,26.61,25.23,92.18,346.59,False
2022-10-04 18:00:00,0.0,89.11,73.04,85.93,27.14,26.36,23.49,92.45,345.53,False
2022-10-04 19:00:00,0.0,83.52,72.79,85.64,27.28,26.86,23.75,89.34,345.69,False
2022-10-04 20:00:00,0.0,78.29,72.56,85.36,27.62,27.31,24.02,93.35,345.85,False
2022-10-04 21:00:00,1.65,76.53,72.33,85.1,27.29,27.84,26.4,89.69,347.3,False
2022-10-04 22:00:00,0.0,71.99,71.91,84.6,28.12,27.39,26.58,87.72,347.41,False
2022-10-04 23:00:00,0.0,67.33,71.93,84.63,27.88,27.14,26.77,80.57,347.52,False
2022-10-05 00:00:00,11.7,84.24,72.31,85.07,28.11,28.27,29.16,78.83,348.97,False
2022-10-05 01:00:00,0.0,78.89,71.84,84.52,28.13,28.4,29.79,74.77,349.35,False
2022-10-05 02:00:00,21.16,111.94,72.68,85.51,27.08,26.97,30.9,73.26,350.03,False
2022-10-05 03:00:00,0.0,105.56,72.88,85.74,26.72,27.03,31.48,70.42,350.37,False
2022-10-05 04:00:00,8.59,114.28,73.03,85.92,27.31,26.8,31.95,66.26,350.66,False
2022-10-05 05:00:00,0.0,107.44,73.17,86.08,27.22,26.95,33.05,61.44,351.33,False
2022-10-05 06:00:00,0.0,101.51,73.16,86.06,27.61,26.64,32.67,67.56,351.1,False
2022-10-05 07:00:00,0.0,95.78,73.25,86.18,26.62,26.29,33.94,65.59,351.87,False
2022-10-05 08:00:00,0.0,90.16,73.15,86.06,26.45,27.05,31.64,64.66,350.47,False
2022-10-05 09:00:00,0.0,84.75,72.99,85.87,26.96,27.74,32.6,68.91,351.06,False
2022-10-05 10:00:00,0.0,79.88,72.7,85.53,27.02,27.51,30.68,67.98,349.89,False
2022-10-05 11:00:00,0.0,75.2,72.38,85.15,27.37,27.65,29.84,76.49,349.39,False
2022-10-05 12:00:00,0.0,71.11,72.01,84.72,28.18,27.9,29.0,75.06,348.87,False
2022-10-05 13:00:00,0.0,66.81,72.13,84.86,28.31,27.56,26.96,81.18,347.64,False
2022-10-05 14:00:00,0.0,63.1,72.14,84.87,28.03,27.7,26.77,85.49,347.52,False
2022-10-05 15:00:00,0.0,59.22,72.05,84.76,28.0,28.11,23.69,89.98,345.66,False
2022-10-05 16:00:00,0.0,56.23,72.13,84.85,28.2,28.35,24.17,90.34,345.95,False
2022-10-05 17:00:00,0.0,52.81,72.07,84.79,27.84,28.42,23.6,92.79,345.6,False
2022-10-05 18:00:00,14.31,74.92,72.14,84.87,28.44,27.93,23.25,91.94,345.39,False
2022-10-05 19:00:00,0.0,70.44,72.3,85.06,28.9,27.78,24.02,91.46,345.86,False
2022-10-05 20:00:00,0.0,66.45,71.8,84.47,27.95,28.22,24.83,90.3,346.35,False
2022-10-05 21:00:00,0.0,62.95,71.98,84.68,28.5,28.25,25.74,87.52,346.9,False
2022-10-05 22:00:00,0.0,58.87,71.87,84.56,28.61,28.15,26.39,81.63,347.3,False
2022-10-05 23:00:00,0.0,54.82,71.82,84.5,28.39,28.2,26.94,80.09,347.62,False
2022-10-06 00:00:00,0.0,51.68,71.65,84.3,28.86,28.0,28.72,78.49,348.71,False
2022-10-06 01:00:00,0.0,48.72,71.37,83.96,28.77,28.28,29.74,73.88,349.32,False
2022-10-06 02:00:00,0.0,45.37,71.23,83.8,29.03,28.49,31.31,70.69,350.27,False
2022-10-06 03:00:00,0.0,42.55,70.86,83.37,29.17,29.23,32.15,67.45,350.78,False
2022-10-06 04:00:00,0.0,39.91,70.61,83.07,29.45,29.27,32.42,64.15,350.94,False
2022-10-06 05:00:00,0.0,37.76,70.11,82.48,30.15,30.93,32.31,63.49,350.88,False
2022-10-06 06:00:00,0.0,35.37,69.66,81.95,30.51,30.5,32.61,63.39,351.06,False
2022-10-06 07:00:00,0.0,33.12,69.26,81.48,30.33,31.37,32.52,64.49,351.01,False
2022-10-06 08:00:00,0.0,31.17,68.83,80.98,31.37,31.76,32.21,66.66,350.82,False
2022-10-06 09:00:00,0.0,28.88,68.35,80.41,31.55,31.82,31.84,67.74,350.6,False
2022-10-06 10:00:00,9.11,44.13,68.16,80.19,31.61,31.82,31.18,68.94,350.19,False
2022-10-06 11:00:00,0.0,41.76,67.84,79.81,32.55,31.8,29.63,71.58,349.26,False
2022-10-06 12:00:00,0.0,39.04,67.6,79.53,32.03,32.16,28.51,83.19,348.58,False
2022-10-06 13:00:00,12.5,58.86,67.61,79.54,32.28,32.73,27.42,79.36,347.92,False
2022-10-06 14:00:00,0.0,55.02,67.58,79.51,31.99,32.52,25.94,83.96,347.02,False
2022-10-06 15:00:00,0.0,51.89,67.48,79.39,32.36,32.27,24.76,88.93,346.31,False
2022-10-06 16:00:00,0.0,48.48,67.32,79.21,33.63,32.59,23.55,90.85,345.57,False
2022-10-06 17:00:00,0.0,45.49,67.0,78.83,32.69,33.13,23.74,92.56,345.68,False
2022-10-06 18:00:00,3.92,49.32,66.75,78.53,33.19,33.26,24.28,91.11,346.02,False
2022-10-06 19:00:00,0.0,46.52,66.48,78.21,34.08,33.42,23.73,92.0,345.68,False
2022-10-06 20:00:00,0.0,43.91,66.25,77.95,33.92,33.72,24.46,90.25,346.12,False
2022-10-06 21:00:00,9.16,57.71,66.73,78.51,33.22,32.3,25.6,87.28,346.81,False
2022-10-06 22:00:00,0.0,54.3,66.61,78.37,33.11,33.4,26.56,85.49,347.4,False
2022-10-06 23:00:00,0.0,51.28,66.46,78.19,33.81,33.12,26.69,83.73,347.47,False
2022-10-07 00:00:00,0.0,48.26,66.38,78.09,33.49,33.77,29.1,77.96,348.93,False
2022-10-07 01:00:00,0.0,45.59,66.19,77.87,34.68,33.87,30.34,74.35,349.69,False
2022-10-07 02:00:00,0.0,42.51,66.34,78.04,33.55,33.96,30.07,73.14,349.52,False
2022-10-07 03:00:00,0.0,40.07,66.02,77.67,34.66,34.29,31.19,70.02,350.2,False
2022-10-07 04:00:00,0.0,37.73,66.18,77.86,34.17,34.51,33.11,69.04,351.37,False
2022-10-07 05:00:00,0.0,35.82,66.32,78.02,34.03,32.89,32.76,60.96,351.15,False
2022-10-07 06:00:00,0.0,33.68,65.88,77.51,34.05,34.07,31.67,65.81,350.49,False
2022-10-07 07:00:00,0.0,31.63,66.06,77.72,33.76,33.12,32.01,65.68,350.7,False
2022-10-07 08:00:00,30.32,84.14,66.96,78.77,32.94,33.24,32.25,64.1,350.84,False
2022-10-07 09:00:00,0.0,79.53,67.3,79.17,33.12,32.63,30.98,68.6,350.08,False
2022-10-07 10:00:00,0.0,74.06,67.56,79.48,32.65,32.26,30.5,73.1,349.78,False
2022-10-07 11:00:00,0.0,69.77,67.7,79.65,31.55,32.41,29.68,72.72,349.29,False
2022-10-07 12:00:00,0.0,65.57,67.74,79.7,31.74,31.84,29.38,78.89,349.1,False
2022-10-07 13:00:00,0.0,61.58,67.71,79.66,32.24,33.03,27.16,83.37,347.76,False
2022-10-07 14:00:00,0.0,57.79,67.64,79.57,32.58,32.26,26.89,82.86,347.6,False
2022-10-07 15:00:00,0.0,54.31,67.6,79.53,32.31,32.43,26.18,87.61,347.16,False
2022-10-07 16:00:00,0.0,51.19,67.43,79.33,32.37,32.52,25.46,90.73,346.73,False
2022-10-07 17:00:00,0.0,47.88,67.22,79.08,32.39,33.15,24.32,89.93,346.04,False
2022-10-07 18:00:00,0.0,45.05,66.88,78.68,33.49,32.64,22.82,90.24,345.13,False
2022-10-07 19:00:00,0.0,42.45,66.55,78.29,33.49,33.79,24.43,91.25,346.1,False
2022-10-07 20:00:00,0.0,39.62,66.22,77.91,34.45,33.57,25.23,91.73,346.59,False
2022-10-07 21:00:00,0.0,37.39,66.27,77.97,33.21,33.52,25.27,89.19,346.61,False
2022-10-07 22:00:00,0.0,35.26,66.5,78.24,33.77,33.85,27.3,83.28,347.84,False
2022-10-07 23:00:00,0.0,32.9,66.01,77.65,34.21,33.89,27.85,82.93,348.18,False
2022-10-08 00:00:00,0.0,30.57,66.22,77.9,34.12,34.03,28.84,76.33,348.78,False
2022-10-08 01:00:00,0.0,28.49,66.28,77.98,34.05,33.97,30.32,71.16,349.67,False
2022-10-08 02:00:00,0.0,26.82,66.14,77.82,33.65,33.72,30.95,70.27,350.06,False
2022-10-08 03:00:00,0.0,25.19,66.15,77.82,33.78,33.95,30.19,70.35,349.59,False
2022-10-08 04:00:00,0.0,24.1,66.08,77.74,33.98,33.72,32.1,67.19,350.75,False
2022-10-08 05:00:00,0.0,22.54,66.04,77.7,33.56,33.95,33.56,64.47,351.64,False
2022-10-08 06:00:00,0.0,20.92,66.08,77.74,34.33,34.11,32.52,63.17,351.0,False
2022-10-08 07:00:00,0.0,19.86,66.03,77.68,32.98,33.59,32.71,63.7,351.12,False
2022-10-08 08:00:00,0.0,18.38,65.88,77.5,33.66,34.3,31.77,66.09,350.55,False
2022-10-08 09:00:00,14.17,42.54,66.03,77.69,33.3,34.09,32.75,65.96,351.15,False
2022-10-08 10:00:00,0.19,40.1,66.33,78.04,34.11,33.07,31.76,70.3,350.55,False
2022-10-08 11:00:00,0.0,36.79,65.99,77.63,34.1,33.72,29.13,73.95,348.96,False
2022-10-08 12:00:00,0.0,34.76,66.22,77.9,33.57,33.51,28.59,75.3,348.62,False
2022-10-08 13:00:00,0.0,32.95,66.31,78.02,33.72,33.51,26.93,79.95,347.62,False
2022-10-08 14:00:00,0.0,31.25,65.86,77.48,34.25,33.76,26.62,85.82,347.43,False
2022-10-08 15:00:00,0.0,29.94,65.9,77.53,33.61,34.48,25.62,87.92,346.83,False
2022-10-08 16:00:00,7.59,42.26,66.17,77.85,33.89,34.25,25.09,89.51,346.5,False
2022-10-08 17:00:00,0.0,39.62,66.27,77.96,34.29,33.42,24.35,89.7,346.06,False
2022-10-08 18:00:00,0.0,37.58,66.48,78.21,34.15,33.06,25.76,95.15,346.91,False
2022-10-08 19:00:00,0.0,35.3,66.1,77.76,34.24,33.89,23.54,89.85,345.56,False
2022-10-08 20:00:00,0.0,33.05,66.17,77.85,33.93,34.36,23.58,90.63,345.59,False
2022-10-08 21:00:00,0.0,30.84,66.29,77.99,34.08,34.57,25.08,86.92,346.5,False
2022-10-08 22:00:00,0.0,28.91,66.4,78.12,33.88,33.33,25.31,85.07,346.64,False
2022-10-08 23:00:00,0.0,27.27,65.97,77.61,33.58,33.12,26.44,82.54,347.32,False
2022-10-09 00:00:00,0.0,26.11,65.88,77.51,33.75,33.52,27.9,75.26,348.21,False
2022-10-09 01:00:00,0.0,24.76,65.91,77.54,34.34,33.38,29.11,74.36,348.94,False
2022-10-09 02:00:00,0.0,23.05,65.96,77.6,33.77,34.2,30.18,73.38,349.59,False
2022-10-09 03:00:00,0.0,21.35,65.85,77.47,33.74,34.19,31.99,71.62,350.69,False
2022-10-09 04:00:00,0.0,20.24,65.86,77.48,34.66,34.23,32.09,65.62,350.75,False
2022-10-09 05:00:00,0.0,19.3,65.68,77.27,34.34,34.77,32.74,64.56,351.14,False
2022-10-09 06:00:00,0.0,18.51,65.56,77.13,34.42,35.1,33.54,68.42,351.62,False
2022-10-09 07:00:00,0.0,17.32,65.27,76.78,34.25,35.07,32.39,66.75,350.93,False
2022-10-09 08:00:00,0.0,16.42,64.95,76.41,34.87,35.34,32.24,64.64,350.84,False
2022-10-09 09:00:00,0.0,15.69,64.65,76.06,35.21,34.76,31.9,66.86,350.63,False
2022-10-09 10:00:00,0.0,14.34,64.56,75.95,35.08,35.24,29.59,72.91,349.23,False
2022-10-09 11:00:00,0.0,13.57,64.28,75.63,35.23,36.27,28.23,72.35,348.41,False
2022-10-09 12:00:00,1.45,15.64,64.04,75.35,36.66,35.74,28.71,80.18,348.7,False
2022-10-09 13:00:00,0.0,14.85,63.88,75.16,36.68,36.56,27.63,82.29,348.04,False
2022-10-09 14:00:00,0.0,13.94,63.62,74.84,36.34,36.43,27.49,86.04,347.96,False
2022-10-09 15:00:00,0.0,13.88,63.5,74.71,35.96,36.81,25.41,87.39,346.7,False
2022-10-09 16:00:00,0.0,13.63,63.44,74.64,35.87,36.21,25.09,88.86,346.51,False
2022-10-09 17:00:00,0.0,12.81,63.04,74.16,36.78,37.27,24.04,94.45,345.87,False
2022-10-09 18:00:00,0.0,11.99,62.84,73.93,36.26,36.91,24.18,91.51,345.95,False
2022-10-09 19:00:00,0.93,13.15,62.45,73.47,37.37,37.64,25.15,90.7,346.54,False
2022-10-09 20:00:00,0.0,12.35,62.11,73.07,37.08,37.88,23.33,89.96,345.44,False
2022-10-09 21:00:00,0.0,11.99,61.91,72.83,38.06,38.57,25.57,88.29,346.79,False
2022-10-09 22:00:00,0.0,10.89,61.57,72.44,38.51,38.76,27.53,82.94,347.98,False
2022-10-09 23:00:00,0.0,10.16,61.32,72.15,38.6,37.97,27.5,80.49,347.97,False
2022-10-10 00:00:00,0.0,9.76,61.05,71.82,39.82,38.63,29.49,76.76,349.17,False
2022-10-10 01:00:00,0.0,9.47,60.63,71.33,39.28,39.11,29.29,76.07,349.05,False
2022-10-10 02:00:00,0.0,8.46,60.39,71.04,40.3,39.89,30.73,69.23,349.92,False
2022-10-10 03:00:00,0.0,7.67,60.1,70.71,40.02,39.7,31.7,64.59,350.51,False
2022-10-10 04:00:00,0.0,6.71,59.77,70.32,41.03,39.79,31.07,61.94,350.13,False
2022-10-10 05:00:00,56.01,106.85,61.06,71.84,38.23,38.39,32.15,61.54,350.78,False
2022-10-10 06:00:00,0.0,100.06,62.32,73.32,37.24,37.97,32.34,66.72,350.9,False
2022-10-10 07:00:00,0.0,94.22,63.35,74.53,36.54,35.82,33.34,64.51,351.5,False
2022-10-10 08:00:00,0.0,88.63,64.31,75.65,36.34,36.12,32.92,66.88,351.25,False
2022-10-10 09:00:00,0.0,83.27,65.28,76.8,34.63,34.21,31.88,69.17,350.62,False
2022-10-10 10:00:00,0.0,78.28,66.23,77.91,33.5,33.59,31.24,71.11,350.23,False
2022-10-10 11:00:00,0.0,73.94,66.98,78.8,33.26,32.55,29.57,74.23,349.22,False
2022-10-10 12:00:00,0.0,69.19,67.17,79.02,33.19,32.46,29.22,80.09,349.01,False
2022-10-10 13:00:00,0.0,64.46,67.26,79.13,32.43,32.65,27.34,81.92,347.87,False
2022-10-10 14:00:00,0.0,60.81,67.31,79.19,32.42,32.64,26.28,87.8,347.23,False
2022-10-10 15:00:00,0.0,57.04,67.2,79.06,33.47,32.18,25.16,89.14,346.55,False
2022-10-10 16:00:00,0.0,53.31,67.08,78.92,33.42,32.76,25.01,88.89,346.46,False
2022-10-10 17:00:00,0.0,50.28,66.91,78.72,33.69,33.13,23.9,90.53,345.78,False
2022-10-10 18:00:00,0.0,46.67,66.81,78.6,33.56,33.37,24.59,90.55,346.2,False
2022-10-10 19:00:00,0.0,43.62,66.45,78.18,33.21,32.73,23.47,93.96,345.53,False
2022-10-10 20:00:00,0.0,40.28,66.01,77.66,33.98,33.8,23.94,89.31,345.81,False
2022-10-10 21:00:00,0.0,37.94,66.44,78.17,33.13,32.74,25.73,86.3,346.89,False
2022-10-10 22:00:00,0.0,36.14,66.07,77.73,34.32,33.73,26.2,85.64,347.18,False
2022-10-10 23:00:00,0.0,33.8,66.24,77.93,33.55,33.59,27.06,81.43,347.7,False
2022-10-11 00:00:00,0.0,31.53,66.37,78.09,32.94,33.88,29.03,78.59,348.89,False
2022-10-11 01:00:00,0.0,30.18,65.94,77.57,34.11,34.45,29.3,78.16,349.06,False
2022-10-11 02:00:00,0.0,28.55,66.05,77.7,34.4,33.55,30.63,72.83,349.86,False
2022-10-11 03:00:00,0.0,27.55,66.13,77.8,33.32,33.99,32.52,68.15,351.01,False
2022-10-11 04:00:00,0.38,26.64,66.22,77.91,33.73,34.04,33.32,63.06,351.49,False
2022-10-11 05:00:00,0.0,25.11,66.21,77.9,33.56,33.49,33.79,63.48,351.78,False
2022-10-11 06:00:00,0.0,24.04,66.26,77.95,34.14,34.05,32.83,65.42,351.2,False
2022-10-11 07:00:00,0.0,22.55,66.35,78.06,32.83,33.71,33.59,62.13,351.65,False
2022-10-11 08:00:00,0.0,21.27,65.72,77.31,34.74,34.17,31.83,70.16,350.59,False
2022-10-11 09:00:00,0.0,19.27,65.64,77.22,34.08,34.42,31.14,68.13,350.17,False
2022-10-11 10:00:00,0.0,18.63,65.46,77.01,34.48,33.91,29.34,71.1,349.08,False
2022-10-11 11:00:00,0.0,17.63,65.3,76.83,35.04,34.75,30.67,73.04,349.89,False
2022-10-11 12:00:00,0.0,16.54,65.17,76.67,35.43,34.5,27.98,78.99,348.26,False
2022-10-11 13:00:00,0.0,15.82,64.96,76.42,35.06,35.05,27.26,79.31,347.82,False
2022-10-11 14:00:00,0.0,14.52,64.77,76.2,34.94,35.07,25.7,89.33,346.88,False
2022-10-11 15:00:00,0.0,13.48,64.58,75.98,35.21,35.54,25.74,90.53,346.9,False
2022-10-11 16:00:00,0.0,12.84,64.48,75.85,35.99,36.0,24.38,92.09,346.07,False
2022-10-11 17:00:00,0.0,12.08,64.17,75.49,35.48,35.88,23.37,88.74,345.46,False
2022-10-11 18:00:00,0.0,11.49,63.95,75.24,36.18,36.45,24.26,92.41,346.0,False
2022-10-11 19:00:00,0.0,10.88,63.65,74.88,36.36,35.95,23.29,93.94,345.42,False
2022-10-11 20:00:00,0.0,10.41,63.44,74.64,36.86,37.13,24.1,91.31,345.9,False
2022-10-11 21:00:00,0.0,9.39,63.22,74.38,36.79,36.37,24.05,85.9,345.88,False
2022-10-11 22:00:00,0.0,9.21,63.07,74.2,36.75,36.43,25.4,83.7,346.69,False
2022-10-11 23:00:00,0.0,8.51,62.74,73.81,37.06,37.15,27.44,80.72,347.93,False
2022-10-12 00:00:00,0.0,8.02,62.45,73.47,37.35,37.38,27.32,76.79,347.86,False
2022-10-12 01:00:00,0.0,7.36,62.19,73.17,37.26,37.17,28.78,77.43,348.74,False
2022-10-12 02:00:00,0.0,6.83,61.92,72.85,38.28,37.63,30.75,67.16,349.93,False
2022-10-12 03:00:00,0.0,6.49,61.39,72.22,38.7,37.17,31.36,69.41,350.3,False
2022-10-12 04:00:00,0.0,6.32,61.0,71.76,38.42,38.46,33.59,63.29,351.66,False
2022-10-12 05:00:00,0.0,6.21,60.71,71.42,39.13,39.03,33.95,62.55,351.87,False
2022-10-12 06:00:00,0.0,5.97,60.35,71.0,39.54,40.25,32.48,59.98,350.98,False
2022-10-12 07:00:00,0.52,6.37,60.08,70.68,39.68,40.2,33.18,63.38,351.41,False
2022-10-12 08:00:00,0.0,6.1,59.83,70.38,40.13,40.3,32.85,68.9,351.21,False
2022-10-12 09:00:00,0.0,5.81,59.47,69.96,40.49,41.4,31.32,68.63,350.28,False
2022-10-12 10:00:00,0.0,5.48,59.17,69.61,41.19,40.12,29.85,68.6,349.39,False
2022-10-12 11:00:00,0.0,5.31,58.93,69.33,41.07,41.04,29.66,76.41,349.27,False
2022-10-12 12:00:00,0.0,4.61,58.65,69.0,41.59,42.17,28.4,80.46,348.51,False
2022-10-12 13:00:00,0.0,3.72,58.21,68.48,41.23,41.59,27.07,81.83,347.71,False
2022-10-12 14:00:00,0.0,3.86,57.82,68.02,41.76,59.59,26.52,89.07,347.37,True
2022-10-12 15:00:00,0.0,3.59,57.44,67.58,42.01,42.89,24.87,89.54,346.37,False
2022-10-12 16:00:00,0.0,3.5,56.98,67.04,42.86,42.79,23.91,91.49,345.79,False
2022-10-12 17:00:00,0.0,3.03,56.68,66.68,43.34,43.82,24.22,89.92,345.98,False
2022-10-12 18:00:00,20.72,40.52,57.26,67.37,43.4,43.07,24.23,93.25,345.98,False
2022-10-12 19:00:00,0.0,38.2,57.85,68.06,41.82,42.07,23.45,91.96,345.51,False
2022-10-12 20:00:00,0.0,35.85,58.5,68.82,41.84,41.9,25.16,91.16,346.55,False
2022-10-12 21:00:00,0.0,33.78,58.98,69.39,40.68,40.92,24.26,86.53,346.0,False
2022-10-12 22:00:00,0.0,31.24,59.44,69.93,40.57,40.62,25.9,85.26,347.0,False
2022-10-12 23:00:00,0.0,29.47,59.91,70.49,40.02,40.32,27.18,79.99,347.77,False
2022-10-13 00:00:00,0.0,28.15,59.91,70.48,39.72,39.93,28.12,73.71,348.34,False
2022-10-13 01:00:00,0.0,26.56,60.04,70.63,39.63,40.57,29.33,76.37,349.07,False
2022-10-13 02:00:00,0.0,25.02,59.94,70.52,40.7,40.09,31.87,68.0,350.61,False
2022-10-13 03:00:00,0.0,23.42,59.71,70.24,40.08,40.41,31.17,68.31,350.19,False
2022-10-13 04:00:00,0.0,22.34,59.71,70.24,40.69,39.77,33.86,66.54,351.82,False
2022-10-13 05:00:00,0.0,21.37,59.59,70.11,40.68,40.15,33.11,65.13,351.36,False
2022-10-13 06:00:00,0.0,19.96,59.42,69.91,40.33,40.64,33.06,63.43,351.33,False
2022-10-13 07:00:00,0.0,18.87,59.33,69.8,40.67,41.02,33.13,65.02,351.38,False
2022-10-13 08:00:00,4.49,25.89,59.35,69.83,40.7,41.21,33.92,66.82,351.85,False
2022-10-13 09:00:00,0.0,24.45,59.26,69.72,40.94,40.32,31.09,69.57,350.14,False
2022-10-13 10:00:00,0.0,22.75,59.29,69.76,40.54,40.38,30.08,74.47,349.53,False
2022-10-13 11:00:00,0.0,21.73,59.28,69.75,40.11,40.22,29.21,74.84,349.0,False
2022-10-13 12:00:00,0.0,20.6,59.35,69.82,40.37,40.85,28.52,78.13,348.58,False
2022-10-13 13:00:00,0.0,19.72,59.2,69.64,99.0,41.37,26.3,79.81,347.24,True
2022-10-13 14:00:00,0.0,18.2,59.07,69.5,40.91,40.86,26.26,85.87,347.22,False
2022-10-13 15:00:00,0.0,16.8,58.93,69.33,40.9,41.09,26.33,89.23,347.26,False
2022-10-13 16:00:00,0.0,16.41,58.74,69.11,40.67,41.31,24.69,89.74,346.26,False
2022-10-13 17:00:00,0.0,15.77,58.59,68.93,41.9,41.22,23.98,92.61,345.83,False
2022-10-13 18:00:00,0.0,14.58,58.44,68.75,41.48,41.08,23.63,91.41,345.62,False
2022-10-13 19:00:00,0.0,13.96,58.27,68.55,42.17,42.16,24.69,92.86,346.26,False
2022-10-13 20:00:00,0.0,12.98,58.02,68.26,42.26,42.04,24.11,91.95,345.91,False
2022-10-13 21:00:00,0.0,11.69,57.76,67.95,42.56,42.03,26.43,89.7,347.31,False
2022-10-13 22:00:00,0.0,10.36,57.44,67.58,43.22,43.76,27.41,85.24,347.91,False
2022-10-13 23:00:00,0.0,9.73,57.1,67.18,42.94,42.89,27.49,79.54,347.96,False
2022-10-14 00:00:00,0.0,9.62,56.82,66.85,43.13,42.5,28.49,76.78,348.57,False
2022-10-14 01:00:00,0.0,9.5,57.06,67.13,43.57,43.2,30.28,75.57,349.65,False
2022-10-14 02:00:00,0.0,9.31,57.34,67.46,43.0,41.93,31.41,75.9,350.33,False
2022-10-14 03:00:00,0.0,9.0,57.55,67.71,42.17,42.63,31.2,67.42,350.21,False
2022-10-14 04:00:00,31.06,64.46,58.55,68.88,41.87,41.63,32.08,66.79,350.74,False
2022-10-14 05:00:00,0.0,60.94,59.56,70.07,41.05,40.99,32.05,63.36,350.72,False
2022-10-14 06:00:00,0.0,56.68,59.9,70.47,39.18,39.7,33.25,62.05,351.45,False
2022-10-14 07:00:00,0.0,53.57,60.34,70.99,39.16,39.54,33.25,63.12,351.45,False
2022-10-14 08:00:00,0.0,50.02,60.7,71.41,38.97,39.27,31.59,61.71,350.44,False
2022-10-14 09:00:00,0.0,46.75,61.19,71.99,39.1,39.16,31.41,70.81,350.33,False
2022-10-14 10:00:00,0.0,44.15,61.51,72.36,38.81,38.67,29.94,66.54,349.44,False
2022-10-14 11:00:00,0.0,41.78,61.77,72.67,38.44,38.44,29.13,73.85,348.95,False
2022-10-14 12:00:00,39.27,109.77,63.15,74.3,37.2,37.34,28.83,75.64,348.77,False
2022-10-14 13:00:00,0.0,103.38,64.41,75.78,35.14,35.5,26.9,79.85,347.6,False
2022-10-14 14:00:00,0.0,97.34,65.64,77.22,33.88,34.95,26.07,87.75,347.1,False
2022-10-14 15:00:00,0.0,91.41,66.67,78.43,33.83,33.3,24.34,88.3,346.05,False
2022-10-14 16:00:00,5.76,96.34,67.32,79.2,32.72,33.04,24.72,88.19,346.28,False
2022-10-14 17:00:00,0.0,91.18,67.95,79.94,32.53,31.85,24.13,90.34,345.92,False
2022-10-14 18:00:00,0.0,85.63,68.39,80.46,31.33,31.85,23.56,90.47,345.58,False
2022-10-14 19:00:00,0.0,80.41,68.7,80.83,30.87,31.76,24.04,91.44,345.87,False
2022-10-14 20:00:00,0.0,75.63,68.96,81.13,30.53,30.61,24.71,90.47,346.27,False
2022-10-14 21:00:00,0.0,71.04,69.24,81.46,31.08,31.14,24.83,91.69,346.35,False
2022-10-14 22:00:00,0.0,67.02,69.37,81.61,31.09,30.71,25.36,81.17,346.67,False
2022-10-14 23:00:00,0.0,63.44,69.37,81.62,30.84,31.44,28.42,81.55,348.52,False
2022-10-15 00:00:00,0.0,59.56,69.43,81.68,30.38,30.46,28.12,77.37,348.34,False
2022-10-15 01:00:00,0.0,55.73,69.3,81.53,30.95,30.81,29.61,76.27,349.24,False
2022-10-15 02:00:00,0.0,52.97,69.17,81.37,31.08,30.77,31.36,71.71,350.3,False
2022-10-15 03:00:00,0.0,49.83,69.02,81.2,30.17,31.25,33.8,69.28,351.78,False
2022-10-15 04:00:00,0.0,46.33,68.72,80.85,31.14,30.4,31.65,66.57,350.48,False
2022-10-15 05:00:00,0.0,44.11,68.32,80.37,31.8,31.12,33.12,62.61,351.37,False
2022-10-15 06:00:00,0.0,41.8,68.05,80.06,32.39,32.22,32.58,66.42,351.04,False
2022-10-15 07:00:00,0.0,39.77,67.54,79.45,32.43,32.47,32.52,66.07,351.01,False
2022-10-15 08:00:00,0.0,37.82,67.09,78.93,32.97,32.11,31.96,67.71,350.67,False
2022-10-15 09:00:00,0.0,36.34,66.76,78.54,33.21,32.99,31.01,70.63,350.09,False
2022-10-15 10:00:00,0.0,33.85,66.36,78.07,33.75,33.48,30.73,71.84,349.92,False
2022-10-15 11:00:00,0.0,31.58,65.87,77.5,33.58,33.93,28.78,77.34,348.74,False
2022-10-15 12:00:00,0.0,29.54,65.85,77.47,33.91,34.52,29.07,78.76,348.92,False
2022-10-15 13:00:00,2.57,32.23,65.92,77.55,53.19,34.59,27.37,81.19,347.89,True
2022-10-15 14:00:00,0.0,30.34,66.03,77.68,33.8,33.08,26.5,84.99,347.36,False
2022-10-15 15:00:00,0.0,28.37,66.05,77.7,34.15,33.9,25.04,87.85,346.47,False
2022-10-15 16:00:00,0.0,26.31,65.95,77.59,33.73,34.1,24.38,89.09,346.08,False
2022-10-15 17:00:00,0.0,24.47,65.85,77.47,34.05,33.56,24.33,94.79,346.04,False
2022-10-15 18:00:00,0.0,22.91,65.75,77.36,34.4,34.75,23.3,92.59,345.42,False
2022-10-15 19:00:00,0.0,21.88,65.71,77.3,35.38,34.44,23.94,91.71,345.81,False
2022-10-15 20:00:00,0.0,20.4,65.62,77.19,34.35,34.72,24.09,90.9,345.9,False
2022-10-15 21:00:00,0.0,19.42,65.4,76.94,34.89,34.42,24.78,93.86,346.32,False
2022-10-15 22:00:00,15.68,46.07,65.84,77.45,34.09,33.85,24.98,82.74,346.44,False
2022-10-15 23:00:00,0.0,42.35,66.04,77.7,34.1,33.73,28.14,79.93,348.35,False
2022-10-16 00:00:00,14.55,65.96,66.74,78.51,33.25,33.22,28.09,75.24,348.32,False
2022-10-16 01:00:00,0.0,61.82,66.69,78.46,33.14,33.14,30.36,73.91,349.7,False
2022-10-16 02:00:00,0.0,57.84,66.85,78.65,33.07,33.51,31.39,71.49,350.32,False
2022-10-16 03:00:00,0.0,54.07,66.86,78.66,33.64,34.21,30.91,67.17,350.03,False
2022-10-16 04:00:00,0.0,50.62,66.64,78.4,33.47,33.59,31.74,64.8,350.54,False
2022-10-16 05:00:00,0.0,47.28,66.44,78.16,33.08,32.78,34.38,64.76,352.14,False
2022-10-16 06:00:00,0.0,44.18,66.09,77.75,33.74,33.97,34.05,63.0,351.93,False
2022-10-16 07:00:00,0.0,41.12,66.31,78.01,33.34,33.22,32.83,65.1,351.19,False
2022-10-16 08:00:00,0.0,38.01,65.98,77.62,34.4,33.86,32.55,68.1,351.03,False
2022-10-16 09:00:00,0.0,35.07,66.19,77.87,33.51,33.8,31.3,69.45,350.27,False
2022-10-16 10:00:00,0.0,33.7,66.21,77.89,34.13,33.69,31.01,72.76,350.09,False
2022-10-16 11:00:00,0.0,31.66,66.24,77.93,34.15,33.35,29.23,76.55,349.02,False
2022-10-16 12:00:00,0.0,30.22,66.38,78.09,33.68,33.83,27.28,78.57,347.83,False
2022-10-16 13:00:00,0.0,28.35,65.96,77.59,34.26,33.25,26.54,81.31,347.38,False
2022-10-16 14:00:00,0.0,26.61,65.9,77.53,33.9,34.26,26.26,83.46,347.22,False
2022-10-16 15:00:00,14.91,51.94,66.4,78.12,33.94,33.24,24.64,87.12,346.23,False
2022-10-16 16:00:00,0.0,49.01,66.12,77.79,33.39,33.99,24.56,89.08,346.18,False
2022-10-16 17:00:00,0.0,45.7,66.42,78.14,33.4,33.05,23.51,92.99,345.55,False
2022-10-16 18:00:00,0.0,42.84,66.04,77.69,33.84,34.06,23.53,92.69,345.56,False
2022-10-16 19:00:00,0.0,40.36,66.24,77.93,34.16,34.31,24.67,92.92,346.25,False
2022-10-16 20:00:00,0.0,37.36,66.57,78.32,34.11,33.19,24.75,87.8,346.3,False
2022-10-16 21:00:00,0.0,35.51,66.16,77.84,33.66,33.59,25.31,90.76,346.64,False
2022-10-16 22:00:00,0.0,33.7,66.26,77.95,33.7,33.91,26.78,84.15,347.53,False
2022-10-16 23:00:00,0.0,31.04,66.29,77.99,33.24,33.79,27.62,79.42,348.04,False
2022-10-17 00:00:00,0.0,28.92,66.31,78.01,33.66,33.14,29.37,77.12,349.1,False
2022-10-17 01:00:00,0.0,27.21,65.7,77.29,34.74,34.74,29.39,79.34,349.11,False
2022-10-17 02:00:00,0.0,25.83,65.7,77.29,33.58,34.62,30.49,70.22,349.78,False
2022-10-17 03:00:00,0.0,24.74,65.67,77.26,34.34,34.84,30.9,67.45,350.03,False
2022-10-17 04:00:00,12.48,45.54,65.95,77.59,34.33,34.27,32.14,65.49,350.78,False
2022-10-17 05:00:00,0.0,43.51,66.19,77.88,33.83,34.56,33.43,64.18,351.56,False
2022-10-17 06:00:00,0.0,40.88,66.45,78.18,33.47,32.8,33.78,62.44,351.77,False
2022-10-17 07:00:00,0.0,38.36,66.03,77.68,34.32,34.58,33.42,64.76,351.55,False
2022-10-17 08:00:00,0.0,36.23,66.18,77.85,33.5,33.67,31.32,68.03,350.28,False
2022-10-17 09:00:00,0.0,34.15,66.27,77.96,33.42,33.51,32.33,68.73,350.89,False
2022-10-17 10:00:00,0.0,32.18,66.19,77.87,33.07,33.53,29.65,68.78,349.27,False
2022-10-17 11:00:00,0.0,30.84,66.33,78.04,33.8,33.87,30.2,73.69,349.6,False
2022-10-17 12:00:00,0.0,29.07,65.67,77.26,34.42,34.65,28.28,76.9,348.44,False
2022-10-17 13:00:00,0.0,27.03,65.54,77.1,34.23,34.28,27.76,81.73,348.12,False
2022-10-17 14:00:00,0.0,25.16,65.59,77.16,34.05,34.52,25.45,87.66,346.72,False
2022-10-17 15:00:00,0.0,24.09,65.46,77.01,34.52,35.64,26.02,87.6,347.07,False
2022-10-17 16:00:00,0.0,22.85,65.24,76.75,34.8,34.5,23.72,89.95,345.68,False
2022-10-17 17:00:00,4.03,28.27,65.37,76.91,34.15,52.5,23.75,95.08,345.69,True
2022-10-17 18:00:00,0.0,26.09,65.32,76.85,33.9,35.25,23.4,93.75,345.48,False
2022-10-17 19:00:00,0.0,24.53,65.38,76.92,33.93,33.99,23.1,92.67,345.3,False
2022-10-17 20:00:00,0.0,23.25,65.26,76.78,34.16,34.84,24.66,94.04,346.24,False
2022-10-17 21:00:00,0.0,21.65,65.05,76.53,34.47,33.99,26.4,88.88,347.3,False
2022-10-17 22:00:00,0.0,19.84,64.91,76.37,99.0,34.54,27.85,81.03,348.18,True
2022-10-17 23:00:00,0.0,18.32,64.68,76.1,35.35,34.84,27.39,83.29,347.9,False
2022-10-18 00:00:00,0.0,17.71,64.57,75.96,35.36,35.08,29.17,74.82,348.98,False
2022-10-18 01:00:00,0.0,16.8,64.46,75.84,35.68,35.04,29.8,75.28,349.36,False
2022-10-18 02:00:00,0.0,16.09,64.37,75.72,35.79,35.71,31.05,67.57,350.12,False
2022-10-18 03:00:00,0.0,15.47,64.16,75.48,35.97,36.4,31.48,67.17,350.37,False
2022-10-18 04:00:00,0.0,14.36,64.07,75.37,35.97,36.75,32.51,65.15,351.0,False
2022-10-18 05:00:00,0.0,13.38,63.78,75.03,35.8,35.81,33.17,62.94,351.4,False
2022-10-18 06:00:00,0.0,12.53,63.56,74.77,35.91,36.73,32.65,63.3,351.09,False
2022-10-18 07:00:00,0.0,11.9,63.3,74.48,36.47,37.18,32.8,66.54,351.18,False
2022-10-18 08:00:00,0.0,11.52,63.21,74.37,37.24,36.83,32.36,64.45,350.91,False
2022-10-18 09:00:00,0.0,11.39,63.06,74.19,37.88,37.22,32.18,69.19,350.8,False
2022-10-18 10:00:00,0.0,10.95,62.81,73.89,37.42,37.38,30.11,69.07,349.55,False
2022-10-18 11:00:00,0.0,10.54,62.56,73.6,37.59,37.63,29.63,74.0,349.26,False
2022-10-18 12:00:00,12.05,32.17,62.78,73.85,37.65,36.93,29.65,78.65,349.27,False
2022-10-18 13:00:00,0.0,30.18,62.78,73.86,37.83,36.42,28.03,79.63,348.29,False
2022-10-18 14:00:00,0.0,28.72,62.65,73.71,36.98,37.21,27.06,82.38,347.7,False
2022-10-18 15:00:00,0.0,27.17,62.59,73.64,38.57,37.1,25.33,88.88,346.65,False
2022-10-18 16:00:00,0.0,25.73,62.55,73.58,38.09,37.34,24.8,92.37,346.33,False
2022-10-18 17:00:00,0.0,24.12,62.62,73.67,36.84,37.77,24.75,91.36,346.3,False
2022-10-18 18:00:00,0.0,22.25,62.63,73.68,36.97,37.94,24.94,91.09,346.41,False
2022-10-18 19:00:00,0.0,21.02,62.54,73.57,38.59,37.52,22.98,91.83,345.23,False
2022-10-18 20:00:00,0.0,19.86,62.47,73.49,37.95,37.06,23.81,90.24,345.73,False
2022-10-18 21:00:00,0.0,18.5,62.28,73.27,37.48,37.57,26.1,88.39,347.12,False
2022-10-18 22:00:00,0.0,17.36,62.29,73.29,37.74,37.4,26.08,79.94,347.11,False
2022-10-18 23:00:00,0.0,16.05,62.22,73.2,99.0,37.83,26.93,79.49,347.62,True
2022-10-19 00:00:00,0.0,14.83,62.03,72.98,38.33,37.78,27.75,76.31,348.11,False
2022-10-19 01:00:00,0.0,13.8,61.81,72.72,38.73,38.55,29.33,74.68,349.07,False
2022-10-19 02:00:00,0.0,12.57,61.64,72.52,38.46,38.02,29.91,71.37,349.42,False
2022-10-19 03:00:00,0.0,11.64,61.39,72.22,38.72,39.48,32.94,69.37,351.26,False
2022-10-19 04:00:00,31.2,67.32,61.93,72.85,37.93,37.49,32.38,66.39,350.92,False
2022-10-19 05:00:00,0.0,63.72,62.67,73.73,36.96,37.45,32.81,61.88,351.18,False
2022-10-19 06:00:00,0.0,60.52,63.33,74.51,36.28,36.02,33.35,66.89,351.51,False
2022-10-19 07:00:00,0.0,56.76,63.87,75.14,36.07,36.55,33.42,67.02,351.55,False
2022-10-19 08:00:00,0.0,53.72,64.29,75.63,35.85,35.73,32.96,63.36,351.28,False
2022-10-19 09:00:00,0.0,50.6,64.69,76.11,34.72,35.39,32.33,68.77,350.89,False
2022-10-19 10:00:00,0.0,47.49,64.83,76.27,35.99,34.81,30.37,69.81,349.71,False
2022-10-19 11:00:00,0.0,44.76,65.05,76.53,34.67,35.38,29.49,74.65,349.17,False
2022-10-19 12:00:00,0.0,42.41,65.46,77.01,34.2,34.8,28.96,80.11,348.85,False
2022-10-19 13:00:00,0.0,39.71,65.72,77.32,34.27,34.06,27.02,85.88,347.67,False
2022-10-19 14:00:00,0.0,37.17,65.75,77.35,33.31,34.25,26.25,86.5,347.21,False
2022-10-19 15:00:00,0.0,34.82,65.82,77.44,34.32,33.82,25.56,88.49,346.79,False
2022-10-19 16:00:00,0.0,32.54,65.77,77.37,33.84,33.84,25.07,89.44,346.49,False
2022-10-19 17:00:00,0.0,30.95,65.78,77.39,33.45,33.97,23.09,91.89,345.29,False
2022-10-19 18:00:00,0.0,28.86,65.81,77.42,34.25,34.08,24.43,94.72,346.1,False
2022-10-19 19:00:00,0.0,26.95,65.95,77.58,34.11,34.05,24.01,91.43,345.85,False
2022-10-19 20:00:00,0.0,25.43,65.99,77.64,34.78,33.99,25.03,88.35,346.47,False
2022-10-19 21:00:00,0.0,23.97,65.93,77.56,34.14,33.72,25.78,84.66,346.93,False
2022-10-19 22:00:00,0.0,22.41,65.84,77.46,34.23,34.46,27.21,86.03,347.79,False
2022-10-19 23:00:00,17.91,53.81,66.24,77.92,33.78,34.2,28.15,82.12,348.36,False
2022-10-20 00:00:00,0.0,50.4,66.72,78.5,32.25,33.64,29.31,76.71,349.06,False
2022-10-20 01:00:00,0.0,47.32,66.61,78.36,33.42,33.67,30.53,76.43,349.8,False
2022-10-20 02:00:00,0.0,43.9,66.23,77.92,33.75,32.77,30.92,70.16,350.04,False
2022-10-20 03:00:00,0.0,41.18,66.34,78.05,53.6,33.26,31.7,67.83,350.51,True
2022-10-20 04:00:00,0.0,38.31,65.95,77.59,33.71,33.45,32.92,65.84,351.25,False
2022-10-20 05:00:00,0.0,35.74,66.09,77.76,34.13,33.2,33.29,63.78,351.47,False
2022-10-20 06:00:00,0.0,33.01,66.22,77.91,33.38,34.23,32.81,64.47,351.19,False
2022-10-20 07:00:00,1.55,33.56,66.21,77.89,34.07,34.47,33.09,66.78,351.35,False
2022-10-20 08:00:00,0.0,31.52,66.24,77.93,33.92,33.76,32.38,63.59,350.92,False
2022-10-20 09:00:00,0.0,29.56,66.28,77.98,34.28,33.9,31.17,69.08,350.19,False
2022-10-20 10:00:00,0.0,27.66,66.24,77.93,33.57,33.61,31.52,71.34,350.4,False
2022-10-20 11:00:00,0.0,25.9,66.3,78.0,34.23,34.16,29.7,74.68,349.3,False
2022-10-20 12:00:00,0.0,24.2,65.86,77.48,34.23,34.26,29.73,79.74,349.32,False
2022-10-20 13:00:00,0.0,22.73,65.75,77.35,34.22,34.04,26.36,81.72,347.27,False
2022-10-20 14:00:00,0.0,21.34,65.74,77.34,33.92,34.49,25.92,85.96,347.01,False
2022-10-20 15:00:00,0.0,20.14,65.61,77.18,34.55,34.32,25.34,89.33,346.65,False
2022-10-20 16:00:00,6.45,30.48,65.6,77.18,34.21,34.48,25.29,89.12,346.62,False
2022-10-20 17:00:00,0.0,28.52,65.58,77.15,34.41,34.7,24.39,92.12,346.08,False
2022-10-20 18:00:00,0.0,27.04,65.65,77.23,34.66,35.85,24.19,91.5,345.96,False
2022-10-20 19:00:00,0.0,25.6,65.58,77.16,34.4,35.13,23.48,91.26,345.53,False
2022-10-20 20:00:00,0.0,24.06,65.51,77.07,54.62,34.55,23.91,89.48,345.79,True
2022-10-20 21:00:00,0.0,22.97,65.36,76.9,35.24,34.26,25.51,88.84,346.76,False
2022-10-20 22:00:00,0.0,21.62,65.33,76.86,34.89,33.77,25.43,85.16,346.71,False
2022-10-20 23:00:00,0.0,20.27,65.27,76.78,34.46,35.25,27.02,82.41,347.67,False
2022-10-21 00:00:00,0.0,19.03,65.26,76.78,34.58,35.19,28.8,77.96,348.75,False
2022-10-21 01:00:00,0.0,17.94,65.17,76.67,34.89,34.58,29.08,71.17,348.92,False
2022-10-21 02:00:00,0.0,16.59,65.04,76.51,35.81,34.93,31.71,71.06,350.52,False
2022-10-21 03:00:00,0.0,15.03,64.89,76.35,34.57,35.19,32.42,68.23,350.94,False
2022-10-21 04:00:00,0.0,14.22,64.67,76.08,35.41,35.57,31.45,66.36,350.36,False
2022-10-21 05:00:00,0.0,13.61,64.47,75.84,36.08,36.2,32.29,63.29,350.87,False
2022-10-21 06:00:00,0.0,12.5,64.31,75.66,35.94,35.17,31.63,61.61,350.47,False
2022-10-21 07:00:00,0.0,12.07,64.0,75.3,35.94,36.26,32.38,65.73,350.92,False
2022-10-21 08:00:00,0.0,10.85,63.88,75.15,35.43,36.21,32.86,65.33,351.21,False
2022-10-21 09:00:00,0.0,10.03,63.66,74.89,36.94,36.14,31.43,68.44,350.35,False
2022-10-21 10:00:00,0.0,9.94,63.55,74.76,36.26,36.78,31.03,70.44,350.1,False
2022-10-21 11:00:00,0.0,9.45,63.17,74.32,36.45,36.78,28.75,74.36,348.72,False
2022-10-21 12:00:00,0.0,8.79,62.78,73.86,37.32,37.18,28.98,77.1,348.86,False
2022-10-21 13:00:00,0.0,8.34,62.51,73.54,38.06,37.61,27.0,79.69,347.66,False
2022-10-21 14:00:00,0.0,8.2,62.22,73.2,37.94,49.6,26.26,85.95,347.21,True
2022-10-21 15:00:00,0.0,7.27,61.86,72.78,37.99,38.4,25.26,86.69,346.61,False
2022-10-21 16:00:00,0.0,7.23,61.44,72.28,38.66,38.4,23.84,90.45,345.75,False
2022-10-21 17:00:00,0.0,6.65,61.09,71.87,38.96,39.58,23.46,92.34,345.52,False
2022-10-21 18:00:00,0.0,6.47,60.78,71.5,39.04,39.31,24.58,90.83,346.2,False
2022-10-21 19:00:00,0.0,5.89,60.33,70.98,39.7,39.4,24.39,89.12,346.08,False
2022-10-21 20:00:00,0.0,6.05,59.96,70.54,39.71,40.17,25.23,94.98,346.59,False
2022-10-21 21:00:00,0.0,5.67,59.64,70.17,39.96,40.75,25.51,86.84,346.76,False
2022-10-21 22:00:00,0.0,4.93,59.35,69.82,40.87,40.02,26.34,86.25,347.26,False
2022-10-21 23:00:00,0.0,4.78,58.97,69.37,40.88,41.54,26.3,85.5,347.24,False
2022-10-22 00:00:00,0.0,4.88,58.54,68.87,41.45,41.59,28.34,79.58,348.47,False
2022-10-22 01:00:00,0.0,4.95,58.19,68.46,41.5,41.79,29.65,73.78,349.27,False
2022-10-22 02:00:00,0.0,4.68,57.82,68.02,41.96,41.91,31.92,70.87,350.64,False
2022-10-22 03:00:00,0.0,4.64,57.34,67.45,42.47,42.8,32.09,66.44,350.75,False
2022-10-22 04:00:00,0.0,4.24,56.93,66.98,42.83,42.72,33.32,67.64,351.49,False
2022-10-22 05:00:00,0.0,4.16,56.91,66.96,42.92,42.29,33.21,65.61,351.42,False
2022-10-22 06:00:00,0.0,4.02,56.94,66.99,43.14,42.77,32.57,62.97,351.04,False
2022-10-22 07:00:00,0.0,2.91,56.89,66.93,43.66,43.0,32.92,62.39,351.25,False
2022-10-22 08:00:00,0.0,2.43,56.85,66.88,43.46,43.4,32.54,63.23,351.02,False
2022-10-22 09:00:00,0.0,2.35,56.83,66.86,43.03,43.08,31.12,70.07,350.16,False
2022-10-22 10:00:00,0.0,2.26,56.88,66.92,42.87,42.66,30.52,71.24,349.79,False
2022-10-22 11:00:00,11.82,23.39,57.24,67.34,42.05,42.5,29.54,74.81,349.2,False
2022-10-22 12:00:00,0.0,22.02,57.78,67.97,41.95,42.23,29.46,76.35,349.15,False
2022-10-22 13:00:00,0.0,21.06,57.99,68.22,41.57,42.27,26.09,78.7,347.11,False
2022-10-22 14:00:00,0.0,19.9,58.35,68.65,41.67,41.97,26.97,86.93,347.65,False
2022-10-22 15:00:00,0.0,18.01,58.61,68.95,42.06,40.85,24.76,87.98,346.3,False
2022-10-22 16:00:00,0.0,17.51,58.75,69.11,41.09,41.27,23.78,91.94,345.71,False
2022-10-22 17:00:00,0.0,15.89,58.94,69.34,40.48,41.37,24.86,90.75,346.37,False
2022-10-22 18:00:00,0.0,15.22,59.03,69.45,40.89,40.62,24.44,91.53,346.11,False
2022-10-22 19:00:00,0.0,13.84,59.23,69.68,40.59,41.49,24.91,92.95,346.39,False
2022-10-22 20:00:00,0.0,13.44,59.39,69.87,41.11,40.41,25.08,91.59,346.5,False
2022-10-22 21:00:00,0.0,12.55,59.51,70.01,39.74,40.9,26.55,89.49,347.39,False
2022-10-22 22:00:00,0.0,11.91,59.18,69.62,40.42,41.1,26.59,84.41,347.41,False
2022-10-22 23:00:00,0.0,10.6,59.0,69.41,41.31,40.73,27.24,82.85,347.81,False
2022-10-23 00:00:00,0.0,10.18,58.71,69.08,40.66,41.29,28.71,80.22,348.7,False
2022-10-23 01:00:00,25.39,55.41,59.21,69.66,41.02,41.33,30.41,74.17,349.73,False
2022-10-23 02:00:00,0.0,52.27,59.66,70.19,40.07,40.13,30.28,69.97,349.65,False
2022-10-23 03:00:00,0.0,49.42,60.05,70.65,40.36,40.02,31.29,70.79,350.26,False
2022-10-23 04:00:00,0.0,46.51,60.36,71.01,39.62,39.04,32.21,64.57,350.82,False
2022-10-23 05:00:00,23.38,85.74,61.47,72.32,38.46,38.67,31.58,65.74,350.44,False
2022-10-23 06:00:00,0.0,80.35,62.55,73.59,37.69,37.29,33.08,63.88,351.35,False
2022-10-23 07:00:00,21.13,113.44,64.12,75.43,35.89,36.09,31.71,60.79,350.52,False
2022-10-23 08:00:00,0.0,106.99,65.46,77.01,34.04,34.2,32.43,68.13,350.95,False
2022-10-23 09:00:00,0.0,100.32,66.69,78.46,33.1,33.44,32.2,62.58,350.81,False
2022-10-23 10:00:00,0.0,93.75,67.34,79.22,32.01,32.52,30.46,67.03,349.76,False
2022-10-23 11:00:00,0.0,87.83,67.74,79.7,31.91,31.2,30.67,75.43,349.89,False
2022-10-23 12:00:00,0.0,82.74,68.26,80.3,30.89,31.78,27.62,79.05,348.04,False
2022-10-23 13:00:00,0.0,77.68,68.62,80.72,32.32,31.89,28.05,80.35,348.3,False
2022-10-23 14:00:00,0.0,73.21,68.81,80.96,31.18,30.75,26.66,85.3,347.45,False
2022-10-23 15:00:00,0.0,68.21,68.97,81.14,31.24,30.77,24.29,82.84,346.02,False
2022-10-23 16:00:00,0.0,63.23,69.08,81.27,30.59,31.45,26.23,91.54,347.19,False
2022-10-23 17:00:00,0.0,59.51,69.03,81.22,31.18,31.19,24.12,92.02,345.91,False
2022-10-23 18:00:00,0.0,56.24,69.05,81.24,31.25,30.81,23.47,91.91,345.52,False
2022-10-23 19:00:00,0.0,52.35,69.03,81.21,31.35,31.09,23.31,91.56,345.43,False
2022-10-23 20:00:00,0.0,49.37,68.83,80.98,31.14,30.92,24.47,91.11,346.13,False
2022-10-23 21:00:00,0.0,46.77,68.57,80.67,31.83,32.42,25.24,87.84,346.6,False
2022-10-23 22:00:00,0.0,43.96,68.3,80.35,31.46,32.06,26.31,81.25,347.24,False
2022-10-23 23:00:00,0.0,41.59,67.9,79.88,32.25,32.79,27.16,86.02,347.76,False
2022-10-24 00:00:00,0.0,39.15,67.42,79.31,32.6,32.62,28.88,80.4,348.8,False
2022-10-24 01:00:00,0.0,36.72,66.99,78.82,32.54,32.5,29.43,71.81,349.14,False
2022-10-24 02:00:00,61.31,145.12,68.34,80.39,30.93,31.87,29.59,70.31,349.23,False
2022-10-24 03:00:00,0.0,136.99,69.76,82.07,30.12,30.74,31.59,67.63,350.44,False
2022-10-24 04:00:00,22.09,168.36,71.53,84.15,28.35,28.99,30.98,68.03,350.07,False
2022-10-24 05:00:00,0.0,158.23,73.2,86.12,26.69,26.12,33.06,60.16,351.33,False
2022-10-24 06:00:00,30.02,202.47,74.89,88.1,25.53,25.2,32.41,63.0,350.94,False
2022-10-24 07:00:00,0.0,190.37,76.56,90.07,23.99,22.8,32.94,60.96,351.26,False
2022-10-24 08:00:00,0.0,178.9,77.89,91.63,22.37,21.88,33.19,65.31,351.41,False
2022-10-24 09:00:00,0.0,168.52,78.96,92.89,21.28,21.28,31.11,67.16,350.15,False
2022-10-24 10:00:00,38.11,227.43,81.16,95.49,18.81,19.37,31.39,71.16,350.32,False
2022-10-24 11:00:00,0.0,214.02,83.11,97.78,16.96,16.98,29.4,73.17,349.12,False
2022-10-24 12:00:00,0.0,201.49,84.93,99.91,15.25,14.62,29.55,76.5,349.21,False
2022-10-24 13:00:00,0.0,189.19,85.0,100.0,15.06,15.24,27.12,82.86,347.73,False
2022-10-24 14:00:00,0.0,177.56,85.0,100.0,15.24,14.66,25.75,85.91,346.9,False
2022-10-24 15:00:00,0.0,167.03,85.0,100.0,15.02,14.88,25.73,89.0,346.89,False
2022-10-24 16:00:00,2.08,160.76,85.0,100.0,14.8,15.04,24.34,89.77,346.05,False
2022-10-24 17:00:00,0.0,151.71,85.0,100.0,15.1,14.73,23.65,90.38,345.63,False
2022-10-24 18:00:00,0.0,142.04,85.0,100.0,14.91,15.25,23.71,91.76,345.67,False
2022-10-24 19:00:00,0.04,133.77,85.0,100.0,15.58,15.3,24.13,92.53,345.92,False
2022-10-24 20:00:00,0.0,125.93,85.0,100.0,14.83,15.41,25.41,85.77,346.7,False
2022-10-24 21:00:00,0.0,118.14,85.0,100.0,16.14,15.57,24.16,88.69,345.94,False
2022-10-24 22:00:00,1.28,113.07,85.0,100.0,15.66,14.94,26.26,85.62,347.22,False
2022-10-24 23:00:00,0.0,106.19,85.0,100.0,14.55,14.51,27.71,81.75,348.09,False
2022-10-25 00:00:00,0.0,99.32,84.89,99.87,15.61,14.66,28.62,77.7,348.64,False
2022-10-25 01:00:00,36.89,160.21,85.0,100.0,14.95,15.69,30.45,69.24,349.75,False
2022-10-25 02:00:00,0.0,151.4,85.0,100.0,99.0,15.65,30.71,70.12,349.91,True
2022-10-25 03:00:00,0.0,142.22,85.0,100.0,15.63,15.54,31.57,71.68,350.43,False
2022-10-25 04:00:00,0.0,133.49,85.0,100.0,14.69,33.54,32.75,65.9,351.15,True
2022-10-25 05:00:00,0.0,125.09,85.0,100.0,14.81,15.68,32.91,63.86,351.24,False
2022-10-25 06:00:00,0.0,117.25,85.0,100.0,15.3,14.93,32.77,64.03,351.16,False
2022-10-25 07:00:00,0.0,110.04,85.0,100.0,14.85,15.14,33.16,65.19,351.39,False
2022-10-25 08:00:00,0.0,103.8,85.0,100.0,14.11,15.33,32.01,67.19,350.7,False
2022-10-25 09:00:00,2.41,102.88,84.96,99.95,15.43,15.54,31.32,67.64,350.28,False
2022-10-25 10:00:00,0.0,96.49,84.98,99.98,15.17,15.23,30.43,71.85,349.74,False
2022-10-25 11:00:00,0.0,90.43,84.85,99.82,15.15,15.7,30.48,77.73,349.77,False
2022-10-25 12:00:00,0.0,84.65,84.49,99.4,15.56,15.51,26.57,80.01,347.4,False
2022-10-25 13:00:00,0.0,79.71,84.14,98.99,16.76,15.78,27.57,86.3,348.01,False
2022-10-25 14:00:00,0.0,75.03,83.62,98.38,16.78,16.25,26.27,83.69,347.22,False
2022-10-25 15:00:00,0.0,70.56,83.02,97.68,16.63,16.52,24.31,91.25,346.03,False
2022-10-25 16:00:00,0.0,66.19,82.45,97.0,17.6,16.43,24.79,88.54,346.32,False
2022-10-25 17:00:00,0.0,62.63,81.95,96.41,18.52,18.47,24.44,92.23,346.11,False
2022-10-25 18:00:00,0.0,59.1,81.32,95.67,19.15,18.59,24.35,93.46,346.06,False
2022-10-25 19:00:00,0.0,55.77,80.71,94.96,18.68,19.58,22.56,90.5,344.97,False
2022-10-25 20:00:00,0.0,52.53,79.96,94.07,19.84,20.28,25.42,90.3,346.71,False
2022-10-25 21:00:00,0.0,49.33,79.26,93.25,20.28,20.8,24.88,89.72,346.37,False
2022-10-25 22:00:00,0.0,46.15,78.51,92.36,21.75,21.87,26.66,83.58,347.46,False
2022-10-25 23:00:00,0.0,43.54,77.52,91.2,22.12,22.91,27.78,84.96,348.13,False
2022-10-26 00:00:00,0.0,41.05,76.57,90.08,24.06,23.05,27.97,75.23,348.25,False
2022-10-26 01:00:00,0.0,38.76,75.51,88.84,25.0,25.1,30.06,78.26,349.52,False
2022-10-26 02:00:00,3.83,42.87,74.58,87.74,99.0,25.77,30.52,73.0,349.79,True
2022-10-26 03:00:00,0.0,40.4,73.74,86.76,25.75,25.91,30.44,67.92,349.75,False
2022-10-26 04:00:00,0.0,37.88,72.68,85.51,27.0,27.06,33.1,65.07,351.36,False
2022-10-26 05:00:00,0.0,35.34,71.54,84.16,28.64,27.97,32.38,63.46,350.92,False
2022-10-26 06:00:00,0.0,33.44,71.01,83.54,29.34,29.25,32.49,63.73,350.99,False
2022-10-26 07:00:00,0.0,31.49,70.5,82.94,29.49,29.43,32.6,64.38,351.06,False
2022-10-26 08:00:00,0.0,30.31,70.3,82.71,28.67,28.7,32.56,68.39,351.03,False
2022-10-26 09:00:00,0.0,28.63,69.9,82.23,30.37,29.88,31.65,72.04,350.48,False
2022-10-26 10:00:00,0.0,26.83,69.12,81.31,30.08,30.73,31.08,71.4,350.13,False
2022-10-26 11:00:00,49.11,113.58,70.01,82.36,29.15,30.04,28.86,72.69,348.79,False
2022-10-26 12:00:00,0.0,106.41,70.73,83.21,29.67,28.66,28.05,76.91,348.3,False
2022-10-26 13:00:00,0.0,100.4,71.48,84.1,28.04,28.57,27.27,81.26,347.82,False
2022-10-26 14:00:00,0.0,94.47,71.96,84.66,28.14,28.64,27.39,82.94,347.9,False
2022-10-26 15:00:00,0.0,88.9,72.36,85.13,27.68,27.71,25.25,85.54,346.6,False
2022-10-26 16:00:00,0.0,83.25,72.06,84.78,27.62,28.17,25.25,94.32,346.6,False
2022-10-26 17:00:00,0.0,78.48,72.31,85.08,27.77,28.31,24.18,92.13,345.95,False
2022-10-26 18:00:00,0.0,73.5,71.95,84.65,27.83,28.01,23.71,90.33,345.67,False
2022-10-26 19:00:00,0.0,68.92,72.07,84.79,27.95,27.88,24.01,93.16,345.85,False
2022-10-26 20:00:00,0.0,64.82,72.23,84.98,27.61,27.9,24.5,87.77,346.15,False
2022-10-26 21:00:00,0.0,60.76,72.18,84.92,27.62,27.46,25.68,85.71,346.86,False
2022-10-26 22:00:00,5.29,66.39,72.36,85.13,27.38,27.36,27.07,83.39,347.71,False
2022-10-26 23:00:00,0.0,62.39,71.66,84.31,27.98,27.52,27.55,84.93,348.0,False
2022-10-27 00:00:00,0.0,58.95,71.7,84.35,28.64,29.22,29.21,77.49,349.0,False
2022-10-27 01:00:00,0.0,55.68,71.58,84.22,28.23,28.75,29.09,69.49,348.93,False
2022-10-27 02:00:00,0.0,52.55,71.53,84.15,28.02,28.09,30.5,73.42,349.78,False
2022-10-27 03:00:00,0.0,49.55,71.16,83.72,28.67,29.25,31.25,67.49,350.24,False
2022-10-27 04:00:00,31.13,102.47,71.81,84.48,27.98,27.87,32.59,62.18,351.05,False
2022-10-27 05:00:00,0.0,96.65,72.51,85.31,27.33,27.52,32.63,63.84,351.07,False
2022-10-27 06:00:00,0.0,90.33,72.36,85.13,27.92,27.66,33.44,65.04,351.56,False
2022-10-27 07:00:00,0.0,85.04,72.0,84.71,27.75,27.82,32.29,65.29,350.87,False
2022-10-27 08:00:00,0.0,80.19,72.28,85.04,27.57,27.39,32.42,69.47,350.95,False
2022-10-27 09:00:00,0.0,75.35,71.93,84.62,28.33,28.55,32.09,66.39,350.75,False
2022-10-27 10:00:00,0.0,70.62,72.04,84.75,28.14,27.99,29.51,71.09,349.18,False
2022-10-27 11:00:00,0.0,66.37,72.24,84.99,27.49,28.43,30.94,72.98,350.05,False
2022-10-27 12:00:00,0.0,62.16,72.36,85.13,28.02,27.22,28.33,74.92,348.47,False
2022-10-27 13:00:00,0.0,58.58,71.75,84.41,28.61,28.06,26.12,83.39,347.13,False
2022-10-27 14:00:00,0.0,55.35,71.76,84.42,28.58,28.22,26.34,85.93,347.26,False
2022-10-27 15:00:00,0.0,52.17,71.59,84.22,28.54,28.86,25.34,88.47,346.65,False
2022-10-27 16:00:00,0.0,49.15,71.52,84.15,28.41,28.16,24.55,90.98,346.18,False
2022-10-27 17:00:00,0.0,46.43,71.38,83.98,28.19,28.84,24.75,90.15,346.3,False
2022-10-27 18:00:00,6.69,55.95,71.31,83.89,28.14,28.83,24.45,89.99,346.12,False
2022-10-27 19:00:00,0.0,52.36,71.05,83.59,28.92,29.52,24.33,91.6,346.05,False
2022-10-27 20:00:00,17.08,79.5,71.18,83.75,28.82,29.01,24.87,92.45,346.37,False
2022-10-27 21:00:00,0.0,74.81,71.51,84.13,28.39,27.77,25.26,91.12,346.6,False
2022-10-27 22:00:00,0.0,70.6,71.56,84.19,28.4,28.04,27.32,86.59,347.85,False
2022-10-27 23:00:00,0.0,65.89,71.58,84.21,28.96,28.03,26.45,81.68,347.33,False
2022-10-28 00:00:00,3.4,68.07,71.76,84.42,28.9,28.06,28.58,78.54,348.62,False
2022-10-28 01:00:00,25.08,109.47,72.48,85.27,27.08,28.05,29.7,74.4,349.3,False
2022-10-28 02:00:00,0.0,102.86,72.74,85.58,27.37,27.15,31.24,68.95,350.23,False
2022-10-28 03:00:00,0.0,97.15,72.74,85.58,27.28,27.27,31.18,68.15,350.19,False
2022-10-28 04:00:00,0.0,91.72,72.75,85.59,27.52,27.16,31.35,63.21,350.3,False
2022-10-28 05:00:00,0.0,86.16,72.63,85.45,28.06,27.59,32.94,64.23,351.26,False
2022-10-28 06:00:00,0.0,80.88,72.13,84.86,28.74,27.58,33.17,67.27,351.4,False
2022-10-28 07:00:00,0.0,75.92,72.46,85.25,27.83,27.47,33.74,66.12,351.75,False
2022-10-28 08:00:00,0.0,71.41,72.01,84.72,28.01,27.92,31.63,64.03,350.47,False
2022-10-28 09:00:00,0.0,66.77,72.12,84.84,27.74,27.86,32.37,67.96,350.92,False
2022-10-28 10:00:00,0.0,62.36,72.15,84.89,28.84,27.62,32.17,69.33,350.8,False
2022-10-28 11:00:00,0.0,57.93,72.2,84.94,27.49,27.26,29.44,74.25,349.14,False
2022-10-28 12:00:00,0.0,54.45,72.24,84.99,28.09,28.13,27.73,80.08,348.1,False
2022-10-28 13:00:00,0.0,51.8,72.01,84.72,27.88,27.94,27.09,82.93,347.72,False
2022-10-28 14:00:00,0.0,48.09,71.82,84.49,27.65,28.63,26.26,89.97,347.21,False
2022-10-28 15:00:00,0.0,45.15,71.68,84.33,29.0,28.51,25.66,90.28,346.85,False
2022-10-28 16:00:00,0.0,42.38,71.37,83.97,27.93,28.83,24.25,90.53,345.99,False
2022-10-28 17:00:00,0.0,39.79,71.05,83.59,28.09,29.4,25.09,92.88,346.5,False
2022-10-28 18:00:00,0.0,37.78,70.7,83.18,29.58,30.34,23.33,91.6,345.44,False
2022-10-28 19:00:00,0.0,35.25,70.46,82.89,29.42,30.07,23.11,89.27,345.3,False
2022-10-28 20:00:00,0.0,32.55,70.06,82.42,30.11,30.3,25.27,92.74,346.61,False
2022-10-28 21:00:00,0.0,30.43,69.73,82.04,30.27,30.39,23.95,89.92,345.82,False
2022-10-28 22:00:00,0.0,28.41,69.34,81.58,30.9,31.16,26.13,84.52,347.13,False
2022-10-28 23:00:00,0.0,26.03,68.76,80.89,31.12,30.94,29.21,82.17,349.0,False
2022-10-29 00:00:00,0.0,24.55,68.19,80.23,32.17,32.04,28.49,80.48,348.57,False
2022-10-29 01:00:00,0.0,22.72,67.74,79.69,32.64,32.78,28.99,76.07,348.87,False
2022-10-29 02:00:00,0.0,21.33,67.0,78.82,33.62,33.38,30.72,68.07,349.91,False
2022-10-29 03:00:00,0.0,19.94,66.39,78.11,34.11,33.58,31.65,68.59,350.48,False
2022-10-29 04:00:00,0.0,18.42,65.76,77.37,34.2,34.42,32.49,65.54,350.99,False
2022-10-29 05:00:00,0.0,17.58,65.59,77.17,34.69,34.28,33.24,66.7,351.45,False
2022-10-29 06:00:00,0.0,16.44,65.4,76.94,34.77,34.3,32.38,66.06,350.92,False
2022-10-29 07:00:00,0.0,15.47,65.19,76.7,34.97,35.39,33.86,67.11,351.82,False
2022-10-29 08:00:00,0.0,14.72,65.06,76.54,34.41,34.77,32.54,63.64,351.02,False
2022-10-29 09:00:00,0.0,13.92,64.97,76.43,35.34,34.86,32.12,66.53,350.76,False
2022-10-29 10:00:00,0.0,13.13,64.8,76.24,35.44,35.03,30.37,73.23,349.71,False
2022-10-29 11:00:00,0.0,12.1,64.46,75.84,36.26,35.26,30.44,73.19,349.74,False
2022-10-29 12:00:00,0.0,11.04,64.33,75.68,36.14,35.38,28.35,74.96,348.48,False
2022-10-29 13:00:00,0.0,10.42,64.16,75.48,35.9,35.15,27.5,82.69,347.97,False
2022-10-29 14:00:00,0.0,9.51,63.86,75.13,36.1,35.52,25.69,83.91,346.87,False
2022-10-29 15:00:00,0.0,9.18,63.52,74.73,36.08,36.41,24.72,91.48,346.28,False
2022-10-29 16:00:00,0.0,8.59,63.15,74.29,37.58,37.03,25.02,90.72,346.46,False
2022-10-29 17:00:00,0.0,8.27,62.93,74.04,36.64,36.4,23.89,91.84,345.78,False
2022-10-29 18:00:00,0.0,7.47,62.47,73.49,36.79,37.61,23.49,91.26,345.53,False
2022-10-29 19:00:00,0.0,6.68,62.23,73.21,38.13,38.29,23.77,94.7,345.7,False
2022-10-29 20:00:00,0.0,6.79,61.86,72.78,38.17,37.95,25.02,90.84,346.46,False
2022-10-29 21:00:00,0.0,6.33,61.55,72.41,38.55,38.05,24.94,87.08,346.41,False
2022-10-29 22:00:00,0.0,6.23,60.94,71.7,39.13,39.03,26.18,83.41,347.16,False
2022-10-29 23:00:00,0.0,5.43,60.45,71.12,39.13,39.76,27.34,81.48,347.87,False
2022-10-30 00:00:00,0.0,5.02,60.04,70.63,40.11,39.74,27.35,76.04,347.87,False
2022-10-30 01:00:00,0.0,5.11,59.61,70.13,40.26,40.77,28.78,76.43,348.74,False
2022-10-30 02:00:00,0.0,4.33,59.3,69.77,40.51,40.88,30.95,67.38,350.06,False
2022-10-30 03:00:00,78.89,146.76,61.33,72.16,39.23,39.36,31.24,67.82,350.23,False
2022-10-30 04:00:00,0.0,138.02,63.35,74.53,36.97,35.98,33.03,67.1,351.32,False
2022-10-30 05:00:00,0.0,129.49,65.11,76.6,33.97,34.33,33.43,65.16,351.56,False
2022-10-30 06:00:00,0.0,121.83,66.65,78.41,33.44,33.19,33.43,62.57,351.56,False
2022-10-30 07:00:00,0.0,114.85,67.66,79.6,32.77,31.81,33.94,65.8,351.87,False
2022-10-30 08:00:00,0.0,107.71,68.42,80.49,31.08,32.21,32.35,64.1,350.9,False
2022-10-30 09:00:00,0.0,101.05,69.06,81.25,30.59,31.03,32.07,68.06,350.74,False
2022-10-30 10:00:00,0.0,95.06,69.64,81.93,30.76,30.22,30.4,72.3,349.72,False
2022-10-30 11:00:00,0.0,89.49,70.27,82.67,29.55,30.36,31.14,75.3,350.17,False
2022-10-30 12:00:00,7.06,96.76,70.96,83.48,28.25,29.15,29.69,76.65,349.29,False
2022-10-30 13:00:00,0.0,91.08,71.56,84.19,28.92,28.35,27.34,84.02,347.87,False
2022-10-30 14:00:00,0.0,85.87,72.15,84.88,27.78,27.54,26.48,85.17,347.35,False
2022-10-30 15:00:00,0.0,80.77,72.58,85.38,99.0,27.65,26.13,89.39,347.14,True
2022-10-30 16:00:00,0.0,75.72,72.1,84.82,27.88,28.11,24.51,93.18,346.16,False
2022-10-30 17:00:00,0.0,71.17,72.33,85.09,28.12,27.94,23.76,93.76,345.7,False
2022-10-30 18:00:00,0.0,67.42,71.94,84.64,27.62,28.38,24.52,94.24,346.16,False
2022-10-30 19:00:00,11.43,84.05,72.22,84.97,28.04,28.36,24.2,91.91,345.97,False
2022-10-30 20:00:00,0.0,79.38,72.54,85.34,27.98,27.13,24.71,91.71,346.28,False
2022-10-30 21:00:00,0.0,74.46,72.06,84.78,27.4,28.84,24.82,88.33,346.34,False
2022-10-30 22:00:00,0.0,70.07,72.24,84.98,27.47,28.48,25.22,82.58,346.58,False
2022-10-30 23:00:00,0.0,66.11,72.43,85.21,28.23,28.26,27.48,82.23,347.95,False
2022-10-31 00:00:00,0.0,62.59,71.94,84.64,28.49,27.98,29.04,78.51,348.9,False
2022-10-31 01:00:00,0.0,59.2,71.91,84.6,27.76,27.8,29.53,75.54,349.19,False
2022-10-31 02:00:00,0.0,55.31,71.89,84.57,27.63,28.16,31.61,70.74,350.46,False
2022-10-31 03:00:00,0.0,52.34,71.64,84.28,28.47,28.47,31.26,66.58,350.24,False
2022-10-31 04:00:00,0.0,49.71,71.33,83.91,28.8,29.02,31.76,67.19,350.55,False
2022-10-31 05:00:00,0.0,46.55,71.19,83.76,28.78,28.74,32.81,61.85,351.18,False
2022-10-31 06:00:00,0.0,43.49,70.68,83.15,30.26,29.69,32.95,66.92,351.27,False
2022-10-31 07:00:00,0.0,40.87,70.3,82.71,29.96,29.56,33.31,64.01,351.49,False
2022-10-31 08:00:00,0.78,39.88,70.02,82.38,29.64,30.0,31.93,66.37,350.65,False
2022-10-31 09:00:00,0.0,37.38,69.66,81.95,30.76,30.63,32.5,69.22,351.0,False
2022-10-31 10:00:00,0.0,34.78,69.01,81.19,31.01,31.03,31.93,72.18,350.65,False
2022-10-31 11:00:00,0.0,33.14,68.61,80.72,31.12,31.12,29.64,71.56,349.26,False
2022-10-31 12:00:00,0.0,30.89,68.05,80.06,32.31,31.58,29.25,79.65,349.03,False
2022-10-31 13:00:00,2.69,33.73,67.63,79.56,32.96,32.8,26.7,82.23,347.48,False
2022-10-31 14:00:00,0.0,31.74,67.11,78.95,32.98,33.09,26.9,83.73,347.6,False
2022-10-31 15:00:00,0.0,29.39,66.54,78.28,33.07,34.02,25.95,86.4,347.02,False
2022-10-31 16:00:00,0.0,27.16,65.85,77.47,34.2,34.61,25.12,89.46,346.52,False
2022-10-31 17:00:00,0.0,25.41,65.8,77.42,33.81,34.08,24.14,88.93,345.93,False
2022-10-31 18:00:00,0.0,24.13,65.86,77.49,34.23,34.54,22.23,95.44,344.77,False
2022-10-31 19:00:00,0.0,22.74,65.77,77.38,34.53,34.37,23.77,94.5,345.7,False
2022-10-31 20:00:00,0.0,20.76,65.65,77.23,33.56,34.31,24.23,91.03,345.98,False
2022-10-31 21:00:00,0.0,19.93,65.48,77.04,34.81,35.58,24.73,87.45,346.29,False
2022-10-31 22:00:00,0.0,18.97,65.25,76.77,34.6,35.68,26.32,84.61,347.25,False
2022-10-31 23:00:00,0.0,17.89,65.03,76.51,34.74,35.23,27.08,83.14,347.71,False
2022-11-01 00:00:00,0.0,16.87,64.89,76.34,34.58,34.77,28.01,81.52,348.27,False
2022-11-01 01:00:00,0.0,16.06,64.92,76.37,34.65,34.89,29.03,73.24,348.89,False
2022-11-01 02:00:00,0.0,15.79,64.82,76.26,35.89,34.97,30.32,68.76,349.67,False
2022-11-01 03:00:00,0.0,15.11,64.68,76.09,35.66,35.65,32.35,71.2,350.91,False
2022-11-01 04:00:00,0.0,14.29,64.64,76.04,35.88,35.52,32.0,62.3,350.69,False
2022-11-01 05:00:00,0.0,13.06,64.45,75.82,35.21,35.42,32.54,62.46,351.02,False
2022-11-01 06:00:00,0.0,12.33,64.3,75.65,36.42,36.52,32.73,63.51,351.13,False
2022-11-01 07:00:00,0.0,11.82,64.08,75.38,35.9,35.75,33.05,61.36,351.33,False
2022-11-01 08:00:00,0.0,11.08,63.86,75.13,35.83,36.89,32.67,68.1,351.1,False
2022-11-01 09:00:00,0.0,10.26,63.48,74.68,36.09,36.99,29.86,69.81,349.39,False
2022-11-01 10:00:00,0.0,9.81,63.17,74.32,36.41,37.08,31.36,69.85,350.31,False
2022-11-01 11:00:00,0.0,8.92,62.84,73.93,36.86,36.85,30.53,76.94,349.8,False
2022-11-01 12:00:00,0.0,8.65,62.49,73.52,37.15,38.15,27.87,80.9,348.19,False
2022-11-01 13:00:00,0.0,8.0,62.13,73.1,38.23,38.66,26.75,81.4,347.51,False
2022-11-01 14:00:00,0.0,6.88,61.92,72.85,39.12,38.17,25.98,84.1,347.04,False
2022-11-01 15:00:00,0.0,6.33,61.56,72.42,38.34,38.94,24.86,92.42,346.37,False
2022-11-01 16:00:00,5.73,16.25,61.38,72.21,38.53,38.66,24.74,91.57,346.29,False
2022-11-01 17:00:00,0.0,15.44,61.38,72.21,37.88,39.23,22.99,92.04,345.23,False
2022-11-01 18:00:00,0.0,14.65,61.24,72.05,38.39,38.38,23.33,94.73,345.44,False
2022-11-01 19:00:00,0.0,13.38,61.03,71.79,38.33,39.37,25.08,92.13,346.5,False
2022-11-01 20:00:00,0.0,12.61,60.88,71.62,39.45,38.11,24.05,89.11,345.87,False
2022-11-01 21:00:00,0.0,11.7,60.58,71.27,40.19,38.95,26.06,88.06,347.09,False
2022-11-01 22:00:00,0.0,10.89,60.29,70.93,39.28,39.29,26.46,87.08,347.34,False
2022-11-01 23:00:00,0.0,9.93,59.99,70.57,39.93,40.02,26.25,77.64,347.21,False
2022-11-02 00:00:00,0.0,9.32,59.72,70.26,40.18,39.93,28.88,77.42,348.8,False
2022-11-02 01:00:00,0.0,9.7,59.48,69.98,40.79,40.17,29.59,77.14,349.23,False
2022-11-02 02:00:00,20.99,47.46,59.76,70.3,40.29,40.17,30.48,69.98,349.77,False
2022-11-02 03:00:00,0.0,44.31,60.09,70.69,40.76,39.86,31.83,71.19,350.59,False
2022-11-02 04:00:00,0.0,41.67,60.39,71.05,39.31,39.15,32.68,68.71,351.11,False
2022-11-02 05:00:00,0.0,39.08,60.56,71.25,39.8,38.9,33.27,64.35,351.46,False
2022-11-02 06:00:00,0.0,36.78,60.72,71.44,39.04,38.94,33.71,62.86,351.73,False
2022-11-02 07:00:00,0.0,34.84,60.77,71.5,38.59,39.63,33.09,63.9,351.35,False
2022-11-02 08:00:00,0.0,32.72,60.76,71.48,39.81,40.3,31.57,71.2,350.43,False
2022-11-02 09:00:00,0.0,30.54,60.73,71.45,40.02,39.85,31.4,71.85,350.33,False
2022-11-02 10:00:00,0.0,29.05,60.84,71.57,39.33,39.02,32.52,71.25,351.0,False
2022-11-02 11:00:00,0.0,26.94,60.89,71.63,38.86,39.28,30.1,73.16,349.54,False
2022-11-02 12:00:00,0.0,25.38,61.02,71.79,38.52,38.98,29.92,78.23,349.43,False
2022-11-02 13:00:00,0.0,23.41,60.98,71.74,39.25,38.97,28.17,82.11,348.37,False
2022-11-02 14:00:00,0.0,21.7,60.9,71.65,38.25,39.14,26.4,82.51,347.3,False
2022-11-02 15:00:00,0.0,20.62,60.83,71.57,39.51,39.28,25.5,88.06,346.75,False
2022-11-02 16:00:00,0.0,19.18,60.63,71.33,39.2,38.67,24.58,92.77,346.2,False
2022-11-02 17:00:00,0.0,17.47,60.55,71.24,39.27,39.2,23.11,87.92,345.31,False
2022-11-02 18:00:00,0.0,16.2,60.41,71.07,39.16,39.57,24.01,93.65,345.85,False
2022-11-02 19:00:00,0.0,14.98,60.15,70.76,39.28,40.81,24.88,94.27,346.38,False
2022-11-02 20:00:00,0.0,13.7,59.96,70.55,40.01,40.29,24.24,89.0,345.99,False
2022-11-02 21:00:00,0.0,13.05,59.8,70.36,40.28,40.64,25.57,91.29,346.79,False
2022-11-02 22:00:00,11.48,32.46,59.8,70.35,40.17,40.16,26.76,83.62,347.52,False
2022-11-02 23:00:00,0.0,30.34,59.95,70.53,40.49,40.63,26.79,82.51,347.53,False
2022-11-03 00:00:00,0.0,28.56,59.95,70.53,40.08,40.17,28.23,77.39,348.41,False
2022-11-03 01:00:00,0.0,26.74,59.71,70.24,40.58,40.62,29.05,73.76,348.91,False
2022-11-03 02:00:00,0.0,25.01,59.76,70.31,39.65,40.31,30.26,69.77,349.64,False
2022-11-03 03:00:00,0.0,23.3,59.82,70.37,40.01,40.4,30.91,69.5,350.03,False
2022-11-03 04:00:00,11.37,41.99,59.99,70.57,40.61,39.82,31.86,67.57,350.61,False
2022-11-03 05:00:00,0.0,39.28,60.07,70.67,40.32,40.66,33.7,64.35,351.72,False
2022-11-03 06:00:00,0.0,37.12,60.35,71.0,39.78,39.45,32.45,61.28,350.97,False
2022-11-03 07:00:00,0.0,34.77,60.44,71.11,39.41,39.18,32.92,65.28,351.25,False
2022-11-03 08:00:00,0.0,32.73,60.66,71.36,38.97,39.41,32.1,66.72,350.75,False
2022-11-03 09:00:00,0.0,31.1,60.59,71.28,39.2,40.16,32.39,67.67,350.93,False
2022-11-03 10:00:00,43.93,108.49,62.07,73.03,38.18,37.65,31.54,74.73,350.41,False
2022-11-03 11:00:00,0.0,101.6,63.41,74.6,35.8,36.52,30.18,71.25,349.59,False
2022-11-03 12:00:00,0.0,95.63,64.61,76.01,36.11,35.49,28.68,73.57,348.68,False
2022-11-03 13:00:00,0.0,90.21,65.51,77.07,34.98,33.96,27.2,80.16,347.78,False
2022-11-03 14:00:00,0.0,84.62,66.45,78.18,34.03,33.0,25.53,86.42,346.77,False
2022-11-03 15:00:00,0.0,79.07,66.85,78.65,33.39,33.6,26.48,85.79,347.35,False
2022-11-03 16:00:00,0.0,74.19,66.95,78.77,33.09,33.08,24.15,88.16,345.93,False
2022-11-03 17:00:00,0.0,69.8,67.07,78.91,33.08,32.5,24.55,93.43,346.18,False
2022-11-03 18:00:00,0.0,65.79,67.2,79.06,32.65,32.67,24.64,92.93,346.23,False
2022-11-03 19:00:00,0.0,61.68,67.14,78.99,33.71,32.64,23.82,92.28,345.74,False
2022-11-03 20:00:00,0.0,57.37,67.2,79.06,32.75,32.8,25.23,91.69,346.59,False
2022-11-03 21:00:00,0.0,53.55,67.18,79.03,32.63,32.9,25.78,87.05,346.92,False
2022-11-03 22:00:00,0.0,50.44,67.04,78.87,32.85,32.1,27.29,84.24,347.84,False
2022-11-03 23:00:00,0.0,48.01,66.87,78.68,32.84,33.66,27.05,83.24,347.69,False
2022-11-04 00:00:00,0.0,45.13,66.58,78.33,33.74,33.45,27.73,75.31,348.1,False
2022-11-04 01:00:00,0.0,42.81,66.34,78.05,33.45,33.4,29.36,70.09,349.09,False
2022-11-04 02:00:00,0.0,39.93,65.96,77.6,33.99,34.39,30.88,70.13,350.01,False
2022-11-04 03:00:00,0.0,37.34,66.13,77.8,34.41,33.46,31.72,69.96,350.52,False
2022-11-04 04:00:00,0.0,34.39,66.22,77.91,34.21,33.65,32.16,66.39,350.79,False
2022-11-04 05:00:00,0.0,32.44,66.44,78.16,33.15,33.08,31.7,66.19,350.51,False
2022-11-04 06:00:00,0.0,30.23,66.04,77.69,34.43,34.26,33.28,59.97,351.47,False
2022-11-04 07:00:00,0.0,28.59,65.99,77.64,33.44,34.48,34.03,65.11,351.92,False
2022-11-04 08:00:00,0.0,26.73,66.11,77.77,33.29,34.05,32.68,67.18,351.1,False
2022-11-04 09:00:00,0.0,25.73,66.03,77.68,33.84,33.89,32.05,65.4,350.72,False
2022-11-04 10:00:00,0.0,24.72,66.15,77.83,33.97,33.34,31.09,72.72,350.14,False
2022-11-04 11:00:00,0.0,22.55,66.21,77.9,33.7,33.6,29.9,74.15,349.42,False
2022-11-04 12:00:00,0.0,21.37,66.3,78.01,33.87,33.79,29.06,84.14,348.91,False
2022-11-04 13:00:00,0.0,19.87,65.66,77.25,34.19,51.79,27.57,77.27,348.01,True
2022-11-04 14:00:00,0.0,18.87,65.51,77.07,33.67,34.31,26.06,87.74,347.09,False
2022-11-04 15:00:00,0.0,17.34,65.34,76.87,34.59,34.22,24.84,87.11,346.35,False
2022-11-04 16:00:00,0.0,16.73,65.2,76.71,34.19,34.5,24.45,86.89,346.12,False
2022-11-04 17:00:00,0.0,16.03,64.95,76.41,35.05,34.46,24.34,90.47,346.05,False
2022-11-04 18:00:00,0.0,14.65,64.56,75.96,34.94,35.55,23.81,92.55,345.73,False
2022-11-04 19:00:00,0.0,13.71,64.32,75.67,35.89,35.7,24.34,93.6,346.05,False
2022-11-04 20:00:00,18.29,45.87,64.65,76.05,35.9,35.39,24.87,93.57,346.37,False
2022-11-04 21:00:00,0.0,43.33,64.97,76.44,34.34,34.88,25.82,90.74,346.95,False
2022-11-04 22:00:00,0.0,40.73,65.24,76.76,33.94,34.52,27.02,83.07,347.67,False
2022-11-04 23:00:00,0.0,38.52,65.46,77.01,34.42,34.42,27.38,83.88,347.89,False
2022-11-05 00:00:00,0.0,36.19,65.71,77.31,34.74,34.12,27.72,78.78,348.1,False
2022-11-05 01:00:00,0.0,34.2,65.77,77.38,34.29,34.29,29.46,73.07,349.15,False
2022-11-05 02:00:00,0.0,31.74,65.81,77.42,34.02,34.92,30.78,70.58,349.95,False
2022-11-05 03:00:00,0.0,29.83,66.03,77.69,33.53,33.89,30.58,66.68,349.83,False
2022-11-05 04:00:00,0.0,28.38,65.81,77.43,34.48,33.95,33.23,65.95,351.44,False
2022-11-05 05:00:00,0.0,27.1,65.91,77.55,34.7,33.99,32.93,63.02,351.26,False
2022-11-05 06:00:00,0.0,25.53,65.94,77.58,33.31,33.86,33.23,61.94,351.44,False
2022-11-05 07:00:00,0.0,23.97,65.9,77.53,34.21,33.9,33.67,65.44,351.7,False
2022-11-05 08:00:00,0.0,22.94,65.92,77.55,35.1,33.85,32.02,67.13,350.7,False
2022-11-05 09:00:00,0.0,21.53,65.89,77.52,33.86,34.38,32.03,67.73,350.71,False
2022-11-05 10:00:00,0.0,20.58,65.68,77.27,34.24,34.59,30.68,73.74,349.89,False
2022-11-05 11:00:00,0.0,19.32,65.48,77.04,34.5,34.88,29.55,73.86,349.21,False
2022-11-05 12:00:00,0.0,18.17,65.31,76.83,34.53,35.14,28.04,77.39,348.29,False
2022-11-05 13:00:00,0.0,16.75,64.98,76.45,35.46,34.88,28.33,82.94,348.47,False
2022-11-05 14:00:00,0.0,15.37,64.79,76.23,35.93,34.58,26.02,84.74,347.07,False
2022-11-05 15:00:00,0.0,14.74,64.65,76.06,34.67,36.14,25.74,88.07,346.9,False
2022-11-05 16:00:00,0.0,14.37,64.54,75.93,35.08,34.55,23.48,85.08,345.53,False
2022-11-05 17:00:00,0.0,13.54,64.34,75.69,36.16,35.53,24.86,91.56,346.37,False
2022-11-05 18:00:00,0.0,12.68,64.05,75.35,99.0,35.38,24.63,88.35,346.23,True
2022-11-05 19:00:00,0.0,12.22,63.83,75.09,36.35,36.33,24.21,89.08,345.97,False
2022-11-05 20:00:00,0.0,11.59,63.58,74.79,36.7,36.04,24.47,87.45,346.13,False
2022-11-05 21:00:00,0.0,10.18,63.37,74.55,36.67,37.08,25.56,85.81,346.79,False
2022-11-05 22:00:00,0.0,9.86,63.09,74.22,37.1,37.0,27.62,83.9,348.04,False
2022-11-05 23:00:00,0.0,8.87,62.87,73.96,37.0,37.74,26.28,80.65,347.22,False
2022-11-06 00:00:00,7.61,22.03,62.77,73.85,37.13,37.27,28.97,79.33,348.86,False
2022-11-06 01:00:00,0.0,20.58,62.78,73.86,37.18,37.68,29.12,74.82,348.95,False
2022-11-06 02:00:00,0.0,19.15,62.67,73.73,37.16,36.89,30.74,67.2,349.93,False
2022-11-06 03:00:00,0.0,18.02,62.49,73.51,37.7,37.91,31.53,68.27,350.41,False
2022-11-06 04:00:00,0.0,17.2,62.31,73.3,37.81,37.64,32.14,66.51,350.78,False
2022-11-06 05:00:00,0.0,16.18,62.19,73.17,37.06,37.9,32.84,63.82,351.2,False
2022-11-06 06:00:00,0.0,15.63,61.91,72.84,38.01,38.46,32.32,63.88,350.89,False
2022-11-06 07:00:00,0.0,15.15,61.71,72.61,38.29,38.44,33.46,64.86,351.58,False
2022-11-06 08:00:00,0.0,14.7,61.61,72.48,39.01,38.08,31.32,67.4,350.28,False
2022-11-06 09:00:00,0.0,13.8,61.44,72.28,38.45,38.37,32.01,64.95,350.7,False
2022-11-06 10:00:00,0.0,12.83,61.12,71.9,38.92,38.46,30.55,70.51,349.82,False
2022-11-06 11:00:00,0.0,12.05,60.9,71.65,39.06,39.38,28.96,77.39,348.85,False
2022-11-06 12:00:00,0.0,11.67,60.55,71.24,39.98,39.31,28.62,80.83,348.64,False
2022-11-06 13:00:00,0.0,11.29,60.31,70.96,39.21,39.51,26.4,83.33,347.3,False
2022-11-06 14:00:00,10.86,29.39,60.47,71.15,39.21,39.61,26.27,86.07,347.22,False
2022-11-06 15:00:00,0.0,27.72,60.5,71.18,39.16,39.4,24.46,91.21,346.13,False
2022-11-06 16:00:00,0.0,25.34,60.39,71.05,39.61,40.07,24.88,93.96,346.38,False
2022-11-06 17:00:00,0.0,23.82,60.34,70.98,39.07,39.98,23.6,91.26,345.6,False
2022-11-06 18:00:00,0.0,22.23,60.28,70.92,40.3,40.01,23.73,90.06,345.68,False
2022-11-06 19:00:00,0.0,20.64,60.27,70.91,39.89,39.56,24.33,90.98,346.04,False
2022-11-06 20:00:00,9.49,36.74,60.53,71.21,39.7,39.75,24.14,96.32,345.93,False
2022-11-06 21:00:00,0.0,34.34,60.58,71.27,40.26,39.62,25.28,84.76,346.62,False
2022-11-06 22:00:00,0.0,32.28,60.65,71.35,39.21,38.86,25.34,84.06,346.66,False
2022-11-06 23:00:00,0.0,30.06,60.74,71.46,39.6,39.16,27.71,78.8,348.09,False
2022-11-07 00:00:00,0.0,28.28,60.72,71.44,39.51,39.21,29.56,78.25,349.21,False
2022-11-07 01:00:00,0.0,26.87,60.77,71.5,39.84,39.83,31.34,71.97,350.29,False
2022-11-07 02:00:00,0.0,25.0,60.64,71.34,39.64,39.19,30.8,70.78,349.97,False
2022-11-07 03:00:00,0.0,23.69,60.62,71.31,39.18,39.58,32.15,64.2,350.79,False
2022-11-07 04:00:00,0.0,22.28,60.63,71.33,39.54,39.89,31.33,67.11,350.29,False
2022-11-07 05:00:00,0.0,20.96,60.54,71.23,39.2,39.09,33.75,66.92,351.75,False
2022-11-07 06:00:00,26.05,66.49,61.23,72.03,38.59,38.89,33.47,63.23,351.58,False
2022-11-07 07:00:00,0.0,62.73,61.9,72.82,38.09,38.91,32.56,64.21,351.03,False
2022-11-07 08:00:00,0.0,59.17,62.41,73.42,37.52,36.96,33.14,65.55,351.38,False
2022-11-07 09:00:00,0.0,55.58,62.95,74.05,36.7,36.81,31.53,68.46,350.41,False
2022-11-07 10:00:00,0.0,52.3,63.38,74.56,35.72,36.73,30.48,70.92,349.77,False
2022-11-07 11:00:00,0.0,49.39,63.69,74.92,36.43,36.46,29.95,75.91,349.45,False
2022-11-07 12:00:00,0.0,46.59,64.09,75.41,36.05,35.97,27.86,80.47,348.18,False
2022-11-07 13:00:00,0.0,43.7,64.5,75.88,35.65,35.72,27.95,80.0,348.24,False
2022-11-07 14:00:00,0.0,41.43,64.84,76.28,35.92,35.67,25.62,84.38,346.82,False
2022-11-07 15:00:00,0.0,39.2,65.12,76.62,34.26,34.9,24.69,89.7,346.26,False
2022-11-07 16:00:00,0.0,37.48,65.35,76.88,35.27,34.62,24.06,87.28,345.88,False
2022-11-07 17:00:00,0.0,34.76,65.52,77.08,35.48,34.72,24.61,87.58,346.21,False
2022-11-07 18:00:00,0.0,32.89,65.62,77.2,35.09,35.18,23.63,92.45,345.62,False
2022-11-07 19:00:00,0.0,31.26,65.65,77.23,34.21,34.59,23.34,92.52,345.45,False
2022-11-07 20:00:00,0.0,29.69,65.54,77.1,34.65,34.88,24.24,88.68,345.99,False
2022-11-07 21:00:00,0.0,27.83,65.43,76.98,34.26,33.94,25.3,86.74,346.63,False
2022-11-07 22:00:00,0.0,25.75,65.42,76.97,34.3,34.5,25.54,83.48,346.78,False
2022-11-07 23:00:00,0.0,24.67,65.29,76.82,35.4,34.22,26.64,79.89,347.45,False
2022-11-08 00:00:00,28.75,74.8,66.13,77.8,34.15,33.87,29.77,79.39,349.34,False
2022-11-08 01:00:00,0.0,70.22,67.0,78.83,33.3,33.57,29.15,72.02,348.96,False
2022-11-08 02:00:00,0.0,66.63,66.86,78.65,17.69,32.63,30.56,70.47,349.82,True
2022-11-08 03:00:00,45.15,143.52,68.17,80.2,31.24,32.52,31.46,66.29,350.37,False
2022-11-08 04:00:00,0.0,135.16,69.6,81.88,30.82,30.4,32.14,62.97,350.78,False
2022-11-08 05:00:00,0.0,126.82,70.78,83.27,29.39,29.58,33.22,66.22,351.43,False
2022-11-08 06:00:00,0.0,118.98,71.75,84.41,28.13,28.66,33.57,62.96,351.64,False
2022-11-08 07:00:00,0.0,111.89,72.57,85.38,28.12,28.22,32.66,64.85,351.09,False
2022-11-08 08:00:00,0.0,105.38,72.74,85.57,27.5,27.49,31.66,62.86,350.48,False
2022-11-08 09:00:00,0.0,99.34,72.83,85.68,26.83,26.82,32.45,66.62,350.96,False
2022-11-08 10:00:00,0.0,93.71,72.65,85.47,26.57,27.75,30.69,72.51,349.9,False
2022-11-08 11:00:00,5.93,98.55,72.77,85.62,27.47,26.16,30.7,79.55,349.91,False
2022-11-08 12:00:00,0.0,92.29,72.7,85.53,27.11,26.93,27.15,74.05,347.75,False
2022-11-08 13:00:00,0.0,86.65,72.58,85.39,27.36,39.18,27.45,81.22,347.94,True
2022-11-08 14:00:00,0.0,81.56,72.38,85.16,27.53,26.77,27.4,85.82,347.91,False
2022-11-08 15:00:00,0.0,76.6,72.05,84.76,28.53,28.63,25.11,86.67,346.51,False
2022-11-08 16:00:00,0.0,70.92,72.26,85.02,28.07,28.27,24.47,91.82,346.13,False
2022-11-08 17:00:00,0.0,66.11,71.77,84.43,28.19,28.41,24.33,89.79,346.04,False
2022-11-08 18:00:00,0.0,62.08,71.77,84.44,28.18,28.62,23.66,92.31,345.64,False
2022-11-08 19:00:00,0.0,58.61,71.8,84.47,28.31,28.34,23.97,90.48,345.82,False
2022-11-08 20:00:00,0.0,54.82,71.69,84.35,28.83,28.65,24.4,92.56,346.09,False
2022-11-08 21:00:00,0.0,51.75,71.56,84.19,28.48,28.95,24.94,86.55,346.41,False
2022-11-08 22:00:00,0.0,48.2,71.49,84.1,28.28,27.94,26.99,84.3,347.65,False
2022-11-08 23:00:00,0.0,45.38,71.24,83.81,28.28,29.13,27.61,83.51,348.03,False
2022-11-09 00:00:00,0.0,42.74,70.98,83.51,28.98,29.47,28.65,75.94,348.66,False
2022-11-09 01:00:00,0.0,40.31,70.64,83.11,28.88,29.12,30.15,74.51,349.57,False
2022-11-09 02:00:00,0.0,37.59,70.24,82.63,29.9,29.67,30.59,67.35,349.84,False
2022-11-09 03:00:00,0.0,34.87,69.98,82.32,30.21,29.71,31.22,65.92,350.22,False
2022-11-09 04:00:00,0.0,33.0,69.41,81.66,31.07,30.72,32.04,66.64,350.71,False
2022-11-09 05:00:00,0.0,30.56,68.92,81.08,30.99,31.23,32.85,62.5,351.21,False
2022-11-09 06:00:00,95.82,200.97,71.17,83.74,29.24,28.9,32.36,62.91,350.91,False
2022-11-09 07:00:00,0.0,189.33,73.43,86.39,27.21,26.26,32.55,65.46,351.02,False
2022-11-09 08:00:00,22.8,219.06,75.44,88.75,24.59,25.11,32.09,64.72,350.74,False
2022-11-09 09:00:00,0.0,206.03,77.19,90.82,23.7,22.57,32.96,69.75,351.27,False
2022-11-09 10:00:00,0.0,193.85,78.64,92.51,21.94,21.58,29.09,71.43,348.93,False
2022-11-09 11:00:00,0.0,182.4,80.16,94.31,19.65,20.15,29.56,75.25,349.21,False
2022-11-09 12:00:00,0.0,171.45,81.27,95.62,19.9,18.04,29.54,80.48,349.2,False
2022-11-09 13:00:00,0.0,160.89,82.35,96.89,17.62,36.04,27.41,82.26,347.91,True
2022-11-09 14:00:00,0.0,152.04,83.32,98.03,17.24,17.18,26.7,88.08,347.48,False
2022-11-09 15:00:00,0.0,142.83,84.24,99.1,16.01,15.76,25.38,89.72,346.68,False
2022-11-09 16:00:00,0.0,134.36,84.79,99.76,15.33,15.57,24.2,89.08,345.97,False
2022-11-09 17:00:00,0.0,126.43,85.0,100.0,15.52,14.73,22.81,94.11,345.12,False
2022-11-09 18:00:00,0.0,118.69,85.0,100.0,15.06,15.42,24.12,92.53,345.92,False
2022-11-09 19:00:00,0.0,111.44,85.0,100.0,14.97,14.55,23.69,90.73,345.65,False
2022-11-09 20:00:00,0.0,105.2,84.96,99.96,15.02,15.03,24.12,90.68,345.92,False
2022-11-09 21:00:00,0.0,98.66,85.0,100.0,14.54,15.49,25.02,90.12,346.46,False
2022-11-09 22:00:00,0.0,92.87,84.87,99.85,15.55,15.6,27.3,85.91,347.84,False
2022-11-09 23:00:00,0.0,87.56,84.68,99.62,15.06,14.8,28.78,85.27,348.74,False
2022-11-10 00:00:00,0.0,82.25,84.46,99.37,15.62,15.45,28.63,80.17,348.65,False
2022-11-10 01:00:00,0.0,77.28,84.22,99.08,15.79,15.54,29.39,75.42,349.11,False
2022-11-10 02:00:00,0.0,72.93,83.7,98.47,16.54,16.77,30.04,68.95,349.51,False
2022-11-10 03:00:00,0.0,68.52,83.23,97.92,16.76,16.74,31.96,67.74,350.67,False
2022-11-10 04:00:00,0.0,63.78,82.56,97.13,17.33,17.5,33.47,66.02,351.58,False
2022-11-10 05:00:00,0.0,60.41,81.95,96.42,18.21,18.24,32.7,65.87,351.12,False
2022-11-10 06:00:00,0.0,56.49,81.28,95.62,18.85,18.24,31.57,65.27,350.43,False
2022-11-10 07:00:00,0.0,53.16,80.49,94.69,19.09,19.63,33.25,64.82,351.45,False
2022-11-10 08:00:00,0.0,49.58,79.69,93.75,20.26,19.9,32.99,66.12,351.29,False
2022-11-10 09:00:00,0.0,46.45,78.85,92.76,21.66,20.96,30.73,69.54,349.92,False
2022-11-10 10:00:00,0.0,43.53,77.92,91.68,23.06,21.9,30.86,69.28,350.0,False
2022-11-10 11:00:00,0.0,40.97,76.95,90.53,22.37,23.24,29.94,77.77,349.44,False
2022-11-10 12:00:00,0.0,38.25,75.84,89.22,24.49,23.84,28.46,73.91,348.54,False
2022-11-10 13:00:00,0.0,36.55,74.72,87.91,25.32,25.09,26.86,84.53,347.58,False
2022-11-10 14:00:00,0.0,34.37,73.61,86.59,26.16,26.52,26.86,84.91,347.58,False
2022-11-10 15:00:00,0.0,32.57,72.43,85.21,27.4,28.13,25.08,89.9,346.5,False
2022-11-10 16:00:00,0.0,30.61,71.25,83.83,28.37,40.92,23.71,90.85,345.67,True
2022-11-10 17:00:00,0.0,29.07,70.73,83.21,28.72,29.72,22.92,92.22,345.19,False
2022-11-10 18:00:00,0.0,26.7,70.18,82.57,29.97,28.97,24.76,93.11,346.3,False
2022-11-10 19:00:00,0.0,24.89,69.64,81.93,31.07,30.93,24.52,93.14,346.16,False
2022-11-10 20:00:00,0.0,23.24,69.04,81.23,31.1,30.62,24.66,89.47,346.24,False
2022-11-10 21:00:00,0.0,21.68,68.41,80.49,31.66,31.34,25.05,89.97,346.48,False
2022-11-10 22:00:00,0.0,20.54,67.8,79.76,31.95,32.98,25.93,82.83,347.02,False
2022-11-10 23:00:00,0.0,19.48,67.05,78.88,32.58,33.02,26.69,81.61,347.47,False
2022-11-11 00:00:00,0.0,18.29,66.29,77.99,33.72,33.41,28.24,79.67,348.41,False
2022-11-11 01:00:00,0.0,17.18,66.1,77.77,33.48,33.65,28.39,76.37,348.51,False
2022-11-11 02:00:00,0.0,16.88,65.89,77.52,34.56,33.56,30.31,71.92,349.67,False
2022-11-11 03:00:00,0.0,15.96,65.58,77.15,34.19,34.43,31.5,67.31,350.39,False
2022-11-11 04:00:00,0.0,14.34,65.42,76.97,34.24,34.45,32.76,67.67,351.15,False
2022-11-11 05:00:00,0.0,13.71,65.13,76.62,35.77,35.14,32.82,63.14,351.19,False
2022-11-11 06:00:00,20.48,49.92,65.67,77.25,34.85,35.02,33.48,67.5,351.59,False
2022-11-11 07:00:00,0.0,47.27,66.03,77.68,33.5,33.47,33.66,64.31,351.7,False
2022-11-11 08:00:00,0.0,44.61,66.21,77.89,33.44,34.03,33.03,62.8,351.32,False
2022-11-11 09:00:00,0.1,41.84,66.52,78.26,33.4,32.87,31.96,65.71,350.67,False
2022-11-11 10:00:00,0.0,39.6,66.18,77.86,33.75,33.99,30.76,71.09,349.94,False
2022-11-11 11:00:00,0.0,37.25,66.39,78.1,33.43,33.14,29.08,74.66,348.92,False
2022-11-11 12:00:00,0.0,35.33,65.94,77.57,34.6,33.52,28.94,81.94,348.84,False
2022-11-11 13:00:00,0.0,33.67,65.98,77.63,34.1,35.04,28.34,79.55,348.48,False
2022-11-11 14:00:00,0.0,31.62,65.95,77.59,34.03,34.91,26.46,85.08,347.33,False
2022-11-11 15:00:00,0.0,29.98,65.91,77.54,33.85,33.81,26.47,85.78,347.34,False
2022-11-11 16:00:00,0.0,28.49,65.84,77.45,33.74,34.92,23.69,89.14,345.65,False
2022-11-11 17:00:00,0.0,26.83,65.81,77.43,33.94,34.17,23.46,94.89,345.52,False
2022-11-11 18:00:00,0.0,25.81,65.8,77.41,33.85,33.65,24.51,89.73,346.15,False
2022-11-11 19:00:00,0.0,24.57,65.65,77.23,33.85,34.61,24.31,92.7,346.03,False
2022-11-11 20:00:00,0.0,22.92,65.66,77.25,34.77,34.72,25.39,90.91,346.69,False
2022-11-11 21:00:00,0.0,21.63,65.59,77.17,34.78,34.71,25.31,87.85,346.64,False
2022-11-11 22:00:00,0.0,20.59,65.69,77.28,34.16,33.63,25.73,86.04,346.89,False
2022-11-11 23:00:00,0.0,19.93,65.55,77.12,34.98,33.99,27.21,79.3,347.79,False
2022-11-12 00:00:00,0.0,18.92,65.6,77.18,34.63,34.77,27.58,81.31,348.01,False
2022-11-12 01:00:00,0.0,17.87,65.52,77.08,34.05,34.02,28.99,78.23,348.87,False
2022-11-12 02:00:00,0.0,17.18,65.21,76.72,34.21,35.2,31.33,71.09,350.29,False
2022-11-12 03:00:00,0.0,16.08,64.94,76.4,35.18,34.91,32.21,72.95,350.82,False
2022-11-12 04:00:00,0.0,14.82,64.78,76.21,35.41,34.57,32.61,65.08,351.06,False
2022-11-12 05:00:00,0.0,14.14,64.43,75.8,35.05,35.04,31.81,65.28,350.58,False
2022-11-12 06:00:00,0.0,13.18,64.14,75.46,35.65,36.04,32.78,66.86,351.17,False
2022-11-12 07:00:00,0.0,13.2,63.79,75.05,36.55,36.41,32.11,63.56,350.76,False
2022-11-12 08:00:00,0.0,12.49,63.73,74.98,36.9,36.89,33.1,63.11,351.36,False
2022-11-12 09:00:00,0.0,11.95,63.58,74.8,36.46,36.43,31.33,64.88,350.29,False
2022-11-12 10:00:00,28.96,63.16,64.16,75.49,35.86,35.76,30.1,75.12,349.54,False
2022-11-12 11:00:00,0.0,59.75,64.84,76.28,34.98,35.88,29.68,73.32,349.29,False
2022-11-12 12:00:00,0.0,56.16,65.44,76.99,35.16,34.23,28.12,77.63,348.34,False
2022-11-12 13:00:00,0.0,52.75,65.98,77.63,34.24,33.9,28.23,79.4,348.4,False
2022-11-12 14:00:00,0.0,49.56,66.32,78.03,33.34,33.87,25.81,86.9,346.94,False
2022-11-12 15:00:00,23.26,88.06,66.77,78.55,33.55,32.88,24.48,86.34,346.13,False
2022-11-12 16:00:00,0.0,82.7,67.06,78.89,32.66,33.12,23.31,89.14,345.43,False
2022-11-12 17:00:00,0.0,77.9,67.35,79.23,32.27,32.66,24.13,92.12,345.93,False
2022-11-12 18:00:00,0.0,72.77,67.49,79.4,32.33,32.96,23.66,89.87,345.64,False
2022-11-12 19:00:00,0.0,68.71,67.55,79.47,32.1,32.28,23.3,91.17,345.42,False
2022-11-12 20:00:00,0.0,64.5,67.72,79.67,31.92,32.03,25.32,92.93,346.64,False
2022-11-12 21:00:00,0.0,60.71,67.78,79.75,31.66,32.98,25.72,88.76,346.89,False
2022-11-12 22:00:00,0.0,56.39,67.65,79.59,32.07,32.69,26.23,85.26,347.2,False
2022-11-12 23:00:00,0.0,53.08,67.61,79.55,32.17,32.82,28.15,82.05,348.36,False
2022-11-13 00:00:00,2.78,54.58,67.55,79.47,31.91,32.79,28.9,77.22,348.81,False
2022-11-13 01:00:00,0.0,51.2,67.38,79.27,32.84,32.35,29.17,78.37,348.98,False
2022-11-13 02:00:00,0.0,47.66,67.3,79.17,32.0,32.32,30.13,69.38,349.56,False
2022-11-13 03:00:00,0.0,44.53,67.06,78.9,32.78,32.56,32.17,68.52,350.8,False
2022-11-13 04:00:00,0.0,41.81,66.9,78.71,33.36,32.87,32.63,66.11,351.08,False
2022-11-13 05:00:00,0.0,39.22,66.6,78.36,33.85,33.88,32.95,66.49,351.27,False
2022-11-13 06:00:00,0.0,37.13,66.27,77.97,33.5,33.72,32.49,66.21,350.99,False
2022-11-13 07:00:00,0.0,34.34,66.32,78.02,34.09,34.06,33.21,64.41,351.43,False
2022-11-13 08:00:00,0.0,32.27,65.81,77.43,34.04,34.52,31.94,66.46,350.66,False
2022-11-13 09:00:00,0.0,30.3,65.99,77.64,34.91,34.65,31.62,68.76,350.46,False
2022-11-13 10:00:00,0.0,28.35,66.12,77.79,33.3,34.2,31.62,66.46,350.46,False
2022-11-13 11:00:00,0.0,26.37,66.09,77.75,33.51,33.99,29.27,71.2,349.04,False
2022-11-13 12:00:00,0.0,25.12,65.96,77.6,34.1,33.52,27.56,76.79,348.0,False
2022-11-13 13:00:00,0.0,24.23,66.06,77.71,33.44,34.72,26.7,80.5,347.48,False
2022-11-13 14:00:00,0.0,22.26,66.07,77.73,33.64,34.35,26.85,82.6,347.57,False
2022-11-13 15:00:00,0.0,20.65,65.89,77.51,34.29,34.28,25.47,89.4,346.74,False
2022-11-13 16:00:00,0.0,19.11,65.67,77.26,34.4,34.41,24.53,90.13,346.16,False
2022-11-13 17:00:00,0.0,17.88,65.68,77.27,34.31,33.61,23.85,91.09,345.75,False
2022-11-13 18:00:00,0.0,17.18,65.48,77.04,34.51,34.69,24.29,89.49,346.02,False
2022-11-13 19:00:00,0.0,16.31,65.28,76.8,33.74,34.51,23.64,91.43,345.63,False
2022-11-13 20:00:00,0.0,15.28,65.04,76.51,35.02,34.31,24.79,84.87,346.32,False
2022-11-13 21:00:00,0.0,14.37,64.86,76.31,34.88,34.94,24.88,87.57,346.38,False
2022-11-13 22:00:00,0.0,13.41,64.54,75.92,35.32,35.56,25.71,85.13,346.88,False
2022-11-13 23:00:00,14.53,38.99,64.76,76.19,34.6,35.38,26.95,82.11,347.63,False
2022-11-14 00:00:00,0.0,36.91,64.83,76.27,35.44,34.7,28.27,74.87,348.43,False
2022-11-14 01:00:00,0.0,34.87,64.86,76.3,35.36,34.6,29.64,74.83,349.26,False
2022-11-14 02:00:00,0.0,32.12,64.84,76.29,34.69,35.04,30.89,68.92,350.02,False
2022-11-14 03:00:00,0.0,30.2,64.8,76.24,35.27,35.43,29.47,66.48,349.16,False
2022-11-14 04:00:00,0.0,28.33,64.89,76.34,35.77,34.79,31.91,67.31,350.64,False
2022-11-14 05:00:00,0.0,26.93,64.96,76.42,35.1,34.87,32.61,68.51,351.06,False
2022-11-14 06:00:00,0.0,25.38,64.93,76.38,34.27,35.15,33.9,64.1,351.85,False
2022-11-14 07:00:00,0.0,24.03,64.84,76.28,34.94,34.84,32.2,62.84,350.81,False
2022-11-14 08:00:00,0.0,22.44,64.88,76.33,35.17,34.32,32.49,66.25,350.99,False
2022-11-14 09:00:00,0.0,21.37,64.85,76.3,35.99,35.27,32.58,69.98,351.04,False
2022-11-14 10:00:00,0.0,20.46,64.66,76.07,34.86,34.64,29.96,72.24,349.46,False
2022-11-14 11:00:00,0.0,18.74,64.56,75.95,35.38,35.57,29.9,79.86,349.42,False
2022-11-14 12:00:00,8.62,32.74,64.69,76.11,34.88,35.22,28.02,76.57,348.28,False
2022-11-14 13:00:00,0.0,31.0,64.82,76.26,35.53,35.08,27.03,82.13,347.68,False
2022-11-14 14:00:00,0.0,29.09,65.09,76.57,34.77,34.47,25.77,88.1,346.92,False
2022-11-14 15:00:00,0.0,27.65,65.04,76.52,33.86,34.82,24.88,90.87,346.38,False
2022-11-14 16:00:00,0.0,26.07,65.08,76.57,34.76,34.57,26.24,86.22,347.2,False
2022-11-14 17:00:00,0.0,24.71,65.17,76.68,34.78,35.96,24.66,91.52,346.24,False
2022-11-14 18:00:00,0.0,23.0,65.26,76.77,34.9,34.42,24.66,94.97,346.24,False
2022-11-14 19:00:00,0.0,21.73,65.19,76.7,34.88,35.22,24.45,97.3,346.12,False
2022-11-14 20:00:00,0.0,20.53,64.99,76.46,35.27,34.78,23.64,91.53,345.63,False
2022-11-14 21:00:00,0.0,19.09,64.72,76.15,35.23,35.37,25.55,87.16,346.79,False
2022-11-14 22:00:00,0.0,18.24,64.65,76.06,35.38,35.35,26.89,82.98,347.6,False
2022-11-14 23:00:00,0.0,16.58,64.52,75.9,99.0,35.42,26.82,86.06,347.55,True
2022-11-15 00:00:00,0.0,15.65,64.35,75.7,35.49,35.57,29.08,79.46,348.92,False
2022-11-15 01:00:00,0.0,14.32,64.17,75.49,36.06,35.93,30.09,72.68,349.53,False
2022-11-15 02:00:00,0.0,13.15,64.03,75.33,36.31,36.52,31.86,70.59,350.61,False
2022-11-15 03:00:00,0.0,12.66,63.84,75.11,36.14,35.71,31.43,68.72,350.35,False
2022-11-15 04:00:00,0.0,11.57,63.63,74.85,36.18,35.67,31.74,66.96,350.53,False
2022-11-15 05:00:00,0.0,10.53,63.31,74.49,36.25,36.35,32.63,62.68,351.07,False
2022-11-15 06:00:00,0.0,10.08,63.13,74.26,37.02,36.93,33.86,62.77,351.82,False
2022-11-15 07:00:00,0.0,9.14,62.79,73.87,36.81,37.09,31.75,61.17,350.54,False
2022-11-15 08:00:00,0.0,8.9,62.58,73.62,37.49,38.04,31.16,67.96,350.18,False
2022-11-15 09:00:00,0.0,8.56,62.25,73.23,37.8,38.32,31.74,67.42,350.53,False
2022-11-15 10:00:00,0.0,7.81,61.99,72.92,38.44,37.83,30.48,71.93,349.77,False
2022-11-15 11:00:00,0.0,7.63,61.81,72.72,38.74,38.8,29.67,77.22,349.28,False
2022-11-15 12:00:00,0.0,6.59,61.54,72.4,37.25,38.63,29.07,78.44,348.91,False
2022-11-15 13:00:00,0.0,6.34,61.32,72.14,38.6,38.39,27.0,81.4,347.66,False
2022-11-15 14:00:00,0.0,5.59,60.94,71.69,38.22,39.01,25.13,85.39,346.53,False
2022-11-15 15:00:00,0.0,5.09,60.59,71.28,39.87,39.33,26.54,88.03,347.39,False
2022-11-15 16:00:00,0.0,4.65,60.2,70.82,39.79,39.51,24.0,92.62,345.85,False
2022-11-15 17:00:00,0.0,4.76,59.71,70.24,40.75,40.04,23.52,92.14,345.55,False
2022-11-15 18:00:00,0.0,4.32,59.42,69.91,40.68,40.76,24.66,90.91,346.25,False
2022-11-15 19:00:00,0.0,4.04,59.1,69.53,40.36,40.74,23.92,93.62,345.8,False
2022-11-15 20:00:00,0.0,3.66,58.76,69.13,40.85,41.13,24.56,92.59,346.19,False
2022-11-15 21:00:00,0.0,3.15,58.47,68.79,41.48,41.45,25.61,85.22,346.82,False
2022-11-15 22:00:00,0.0,2.65,57.98,68.21,42.25,41.95,26.9,88.07,347.6,False
2022-11-15 23:00:00,0.0,2.58,57.48,67.62,42.55,42.89,27.14,82.35,347.74,False
2022-11-16 00:00:00,0.0,2.42,57.18,67.27,42.9,42.49,29.41,78.57,349.12,False
2022-11-16 01:00:00,0.0,2.51,56.77,66.79,43.09,43.32,28.38,76.39,348.5,False
2022-11-16 02:00:00,0.0,2.28,56.79,66.81,43.67,42.61,31.21,69.87,350.21,False
2022-11-16 03:00:00,0.0,2.08,56.66,66.66,43.39,43.13,31.18,70.01,350.19,False
2022-11-16 04:00:00,0.0,2.19,56.78,66.8,43.24,42.7,33.22,65.12,351.43,False
2022-11-16 05:00:00,0.0,2.0,56.83,66.85,43.29,43.82,32.93,61.53,351.26,False
2022-11-16 06:00:00,0.0,2.0,56.77,66.79,43.06,43.28,32.6,62.0,351.05,False
2022-11-16 07:00:00,0.0,2.13,56.94,66.98,42.92,42.89,33.24,65.61,351.45,False
2022-11-16 08:00:00,0.0,2.0,56.82,66.85,43.37,54.49,32.93,63.98,351.26,True
2022-11-16 09:00:00,16.81,32.15,57.29,67.4,43.02,42.18,32.07,71.32,350.73,False
2022-11-16 10:00:00,0.0,30.03,57.83,68.03,42.52,42.51,30.13,73.38,349.56,False
2022-11-16 11:00:00,12.33,50.13,58.72,69.08,41.21,41.43,29.37,77.04,349.1,False
2022-11-16 12:00:00,0.0,46.55,59.33,69.8,40.72,40.09,28.5,78.25,348.57,False
2022-11-16 13:00:00,0.0,43.86,60.0,70.59,39.76,39.42,27.31,82.14,347.85,False
2022-11-16 14:00:00,0.0,40.21,60.29,70.93,40.02,40.45,26.7,82.61,347.48,False
2022-11-16 15:00:00,0.0,38.19,60.61,71.3,39.02,39.94,24.11,89.89,345.91,False
2022-11-16 16:00:00,0.0,36.21,60.88,71.62,39.21,39.24,24.8,90.88,346.33,False
2022-11-16 17:00:00,0.0,33.76,61.06,71.83,39.29,38.99,23.98,92.66,345.83,False
2022-11-16 18:00:00,0.0,32.21,61.16,71.96,38.89,38.77,23.5,95.38,345.54,False
2022-11-16 19:00:00,0.0,30.9,61.22,72.03,38.9,38.27,23.71,90.31,345.67,False
2022-11-16 20:00:00,0.0,28.96,61.31,72.12,38.59,39.04,24.47,89.87,346.13,False
2022-11-16 21:00:00,0.0,27.35,61.44,72.28,37.82,38.49,23.16,88.55,345.33,False
2022-11-16 22:00:00,0.0,25.75,61.41,72.24,38.32,38.88,25.83,83.13,346.95,False
2022-11-16 23:00:00,0.0,24.66,61.36,72.18,38.66,38.48,26.81,81.25,347.55,False
2022-11-17 00:00:00,0.0,22.76,61.39,72.22,38.34,38.76,28.82,78.99,348.76,False
2022-11-17 01:00:00,0.0,21.33,61.39,72.22,38.81,38.42,29.18,73.73,348.98,False
2022-11-17 02:00:00,0.0,20.32,61.25,72.06,38.17,38.78,30.62,73.62,349.86,False
2022-11-17 03:00:00,0.0,19.35,61.02,71.79,38.2,39.29,32.61,65.08,351.06,False
2022-11-17 04:00:00,0.0,18.17,60.75,71.47,39.53,39.04,32.99,68.12,351.29,False
2022-11-17 05:00:00,0.0,17.5,60.61,71.31,39.26,40.2,33.39,65.8,351.53,False
2022-11-17 06:00:00,0.0,16.52,60.36,71.01,39.78,39.41,32.7,62.86,351.12,False
2022-11-17 07:00:00,0.0,15.56,60.25,70.88,39.54,39.8,33.17,62.63,351.4,False
2022-11-17 08:00:00,0.0,14.84,59.92,70.49,40.31,40.63,32.26,61.72,350.85,False
2022-11-17 09:00:00,0.0,13.93,59.84,70.4,40.7,40.74,31.56,66.51,350.43,False
2022-11-17 10:00:00,0.0,13.11,59.59,70.11,40.98,40.59,31.0,73.09,350.08,False
2022-11-17 11:00:00,0.0,12.09,59.29,69.75,40.45,40.82,29.31,74.26,349.06,False
2022-11-17 12:00:00,0.0,12.24,59.01,69.42,40.82,41.02,29.4,80.33,349.11,False
2022-11-17 13:00:00,0.0,11.36,58.69,69.05,41.38,41.85,27.24,80.38,347.81,False
2022-11-17 14:00:00,0.0,10.9,58.55,68.89,42.19,41.83,26.62,86.41,347.43,False
2022-11-17 15:00:00,0.0,10.82,58.35,68.64,41.19,42.09,26.19,86.46,347.17,False
2022-11-17 16:00:00,0.0,9.77,58.08,68.33,41.46,42.57,25.22,88.19,346.58,False
2022-11-17 17:00:00,0.0,9.37,57.7,67.88,42.65,42.48,23.31,91.31,345.42,False
2022-11-17 18:00:00,0.0,8.81,57.4,67.53,42.33,42.44,24.27,90.67,346.01,False
2022-11-17 19:00:00,0.0,8.82,57.05,67.11,43.22,43.09,24.66,88.44,346.25,False
2022-11-17 20:00:00,0.0,8.02,56.53,66.51,43.24,43.49,25.14,89.76,346.53,False
2022-11-17 21:00:00,0.0,7.31,56.56,66.54,43.58,43.37,24.65,88.11,346.24,False
2022-11-17 22:00:00,0.0,6.86,56.68,66.68,43.12,43.16,25.86,87.54,346.97,False
2022-11-17 23:00:00,0.0,6.3,56.71,66.72,27.89,43.51,27.93,83.5,348.23,True
2022-11-18 00:00:00,0.0,5.78,56.75,66.77,43.3,43.5,28.04,80.44,348.29,False
2022-11-18 01:00:00,0.0,6.04,56.9,66.94,42.62,42.82,29.48,75.82,349.17,False
2022-11-18 02:00:00,0.0,5.72,57.02,67.09,43.16,43.1,31.7,71.67,350.51,False
2022-11-18 03:00:00,0.0,5.14,57.23,67.32,42.68,43.42,31.65,65.64,350.48,False
2022-11-18 04:00:00,4.16,12.2,57.21,67.31,42.24,42.49,31.96,66.18,350.67,False
2022-11-18 05:00:00,0.0,11.59,57.3,67.41,62.82,43.25,32.32,65.67,350.89,True
2022-11-18 06:00:00,47.41,96.34,58.94,69.34,41.17,40.71,33.2,66.91,351.42,False
2022-11-18 07:00:00,0.0,90.39,60.44,71.1,38.62,39.71,32.05,65.85,350.72,False
2022-11-18 08:00:00,0.0,84.48,61.41,72.25,38.57,37.87,32.25,68.36,350.84,False
2022-11-18 09:00:00,0.0,79.39,62.25,73.23,37.76,38.01,31.88,66.04,350.62,False
2022-11-18 10:00:00,0.0,74.6,63.07,74.2,36.97,36.84,31.53,70.35,350.41,False
2022-11-18 11:00:00,0.0,69.93,63.81,75.07,35.46,35.49,30.07,75.24,349.52,False
2022-11-18 12:00:00,0.0,66.12,64.32,75.67,35.82,35.49,28.07,80.32,348.31,False
2022-11-18 13:00:00,0.0,62.33,64.94,76.4,35.27,35.77,28.04,81.33,348.29,False
2022-11-18 14:00:00,9.97,76.58,65.73,77.33,33.89,34.49,26.07,84.84,347.1,False
2022-11-18 15:00:00,0.0,71.88,66.56,78.31,32.88,33.49,24.58,89.27,346.19,False
2022-11-18 16:00:00,49.63,157.41,68.21,80.25,31.4,32.0,24.5,87.87,346.15,False
2022-11-18 17:00:00,0.0,147.62,69.83,82.15,30.22,30.58,25.02,94.74,346.46,False
2022-11-18 18:00:00,0.0,138.62,71.14,83.69,28.37,29.47,24.1,90.24,345.9,False
2022-11-18 19:00:00,0.0,130.16,72.22,84.96,27.24,27.66,24.16,87.69,345.94,False
2022-11-18 20:00:00,0.0,122.44,73.06,85.95,27.78,27.18,25.59,90.14,346.8,False
2022-11-18 21:00:00,0.0,115.29,73.27,86.2,26.73,26.92,24.46,91.3,346.12,False
2022-11-18 22:00:00,0.0,107.98,73.46,86.42,26.42,26.58,25.48,86.17,346.74,False
2022-11-18 23:00:00,0.0,101.29,73.56,86.54,26.18,26.37,26.37,83.13,347.28,False
2022-11-19 00:00:00,0.0,95.35,73.46,86.42,26.37,27.18,28.72,78.08,348.71,False
2022-11-19 01:00:00,0.0,89.43,73.27,86.2,27.45,26.83,29.76,74.07,349.34,False
2022-11-19 02:00:00,0.0,83.94,73.04,85.93,27.29,26.48,31.68,67.91,350.5,False
2022-11-19 03:00:00,0.0,78.96,72.74,85.58,28.21,26.09,31.83,63.58,350.59,False
2022-11-19 04:00:00,5.64,84.09,72.59,85.4,27.57,27.79,32.15,66.27,350.79,False
2022-11-19 05:00:00,0.0,79.12,72.22,84.96,27.4,27.61,32.85,67.1,351.21,False
2022-11-19 06:00:00,15.54,102.54,72.87,85.73,27.24,27.07,33.07,64.69,351.34,False
2022-11-19 07:00:00,0.0,96.4,73.0,85.88,27.22,27.17,31.84,65.72,350.6,False
2022-11-19 08:00:00,0.0,91.04,73.02,85.9,27.23,27.97,34.02,69.04,351.92,False
2022-11-19 09:00:00,0.0,85.8,72.77,85.61,27.06,27.78,31.99,68.76,350.69,False
2022-11-19 10:00:00,0.0,80.64,72.56,85.37,28.16,27.35,30.88,70.75,350.01,False
2022-11-19 11:00:00,0.0,75.7,72.36,85.13,27.13,27.93,30.03,72.74,349.5,False
2022-11-19 12:00:00,0.0,71.69,72.02,84.73,28.12,27.74,28.93,82.04,348.83,False
2022-11-19 13:00:00,0.0,67.19,72.08,84.8,27.81,28.23,27.25,82.68,347.81,False
2022-11-19 14:00:00,0.0,63.08,72.14,84.87,27.55,39.53,25.87,83.11,346.98,True
2022-11-19 15:00:00,0.0,59.17,71.98,84.69,28.12,28.09,25.68,85.56,346.86,False
2022-11-19 16:00:00,54.68,154.16,73.48,86.44,27.03,26.61,24.83,92.63,346.35,False
2022-11-19 17:00:00,0.0,145.58,74.26,87.37,25.9,25.32,23.67,89.45,345.64,False
2022-11-19 18:00:00,0.0,136.92,74.92,88.14,25.19,24.84,24.85,95.71,346.36,False
2022-11-19 19:00:00,0.0,128.61,75.37,88.67,23.82,23.76,24.33,86.01,346.04,False
2022-11-19 20:00:00,0.0,120.95,75.52,88.85,24.84,24.32,25.04,92.97,346.47,False
2022-11-19 21:00:00,0.0,113.3,75.79,89.16,24.05,24.66,26.15,88.87,347.15,False
2022-11-19 22:00:00,10.41,125.19,76.29,89.76,23.92,24.51,26.26,85.24,347.22,False
2022-11-19 23:00:00,0.0,118.19,76.68,90.22,23.68,23.91,27.53,81.27,347.98,False
2022-11-20 00:00:00,0.0,111.3,76.88,90.45,23.2,22.96,28.99,81.78,348.87,False
2022-11-20 01:00:00,0.0,104.99,76.98,90.57,22.22,23.02,29.23,75.79,349.01,False
2022-11-20 02:00:00,0.0,98.99,77.01,90.6,23.56,22.96,30.78,69.19,349.95,False
2022-11-20 03:00:00,0.0,92.84,76.95,90.53,23.77,22.97,31.76,64.66,350.54,False
2022-11-20 04:00:00,0.0,87.85,76.77,90.31,23.56,23.62,31.82,66.23,350.59,False
2022-11-20 05:00:00,0.0,82.04,76.31,89.78,23.4,23.47,34.24,64.47,352.05,False
2022-11-20 06:00:00,29.9,131.04,76.96,90.55,23.53,23.62,32.16,60.96,350.79,False
2022-11-20 07:00:00,0.0,122.56,77.33,90.98,22.56,22.73,32.07,64.37,350.73,False
2022-11-20 08:00:00,0.0,114.69,77.5,91.18,22.47,22.03,33.19,64.73,351.41,False
2022-11-20 09:00:00,0.0,108.09,77.63,91.33,22.85,22.33,32.11,68.12,350.76,False
2022-11-20 10:00:00,0.0,101.4,77.69,91.4,22.57,22.5,30.13,72.45,349.56,False
2022-11-20 11:00:00,0.0,95.69,77.6,91.29,21.46,22.79,30.03,77.36,349.5,False
2022-11-20 12:00:00,0.0,89.29,77.4,91.06,22.68,22.9,29.38,79.82,349.1,False
2022-11-20 13:00:00,0.0,83.91,77.14,90.75,23.34,22.74,27.32,80.18,347.85,False
2022-11-20 14:00:00,0.0,78.51,76.83,90.39,22.62,22.96,27.81,85.74,348.15,False
2022-11-20 15:00:00,0.0,73.7,76.36,89.83,24.03,24.33,24.28,88.03,346.02,False
2022-11-20 16:00:00,0.0,69.74,75.91,89.3,23.42,24.1,25.02,87.46,346.46,False
2022-11-20 17:00:00,0.0,66.1,75.26,88.54,24.66,24.29,24.85,92.32,346.36,False
2022-11-20 18:00:00,0.0,62.28,74.82,88.02,99.0,24.95,24.53,95.71,346.17,True
2022-11-20 19:00:00,8.76,73.83,74.49,87.64,25.41,24.72,24.03,91.59,345.86,False
2022-11-20 20:00:00,0.0,69.04,73.98,87.04,26.49,25.37,24.43,86.94,346.1,False
2022-11-20 21:00:00,0.0,64.95,73.45,86.41,25.98,26.34,25.58,87.96,346.8,False
2022-11-20 22:00:00,0.0,60.81,72.73,85.57,27.59,26.95,26.74,82.57,347.5,False
2022-11-20 23:00:00,0.0,57.36,72.09,84.81,27.93,27.63,27.7,83.35,348.08,False
2022-11-21 00:00:00,0.0,54.42,72.07,84.78,27.59,28.24,29.12,79.05,348.95,False
2022-11-21 01:00:00,0.0,50.86,71.94,84.63,28.24,28.41,29.05,74.03,348.91,False
2022-11-21 02:00:00,0.0,47.54,71.8,84.47,28.17,27.73,30.61,70.34,349.85,False
2022-11-21 03:00:00,0.0,44.33,71.54,84.16,29.05,29.22,31.12,67.68,350.16,False
2022-11-21 04:00:00,0.0,41.6,71.22,83.79,29.01,28.82,32.17,65.89,350.79,False
2022-11-21 05:00:00,0.0,39.12,70.82,83.32,29.34,29.18,33.46,62.93,351.57,False
2022-11-21 06:00:00,0.0,36.78,70.48,82.92,29.25,29.2,33.06,61.22,351.34,False
2022-11-21 07:00:00,0.0,34.84,69.99,82.35,30.06,29.89,34.41,66.75,352.15,False
2022-11-21 08:00:00,0.0,32.87,69.58,81.85,30.19,31.24,32.51,65.1,351.0,False
2022-11-21 09:00:00,0.0,30.88,69.11,81.31,30.86,30.45,31.72,68.43,350.52,False
2022-11-21 10:00:00,0.0,29.04,68.71,80.83,31.79,31.4,30.81,71.57,349.97,False
2022-11-21 11:00:00,0.0,27.32,68.21,80.24,31.68,31.58,29.28,75.02,349.04,False
2022-11-21 12:00:00,0.0,25.66,67.49,79.41,31.93,31.78,28.47,75.65,348.55,False
2022-11-21 13:00:00,0.0,23.92,66.84,78.64,33.36,32.55,28.01,78.27,348.28,False
2022-11-21 14:00:00,0.0,22.12,66.15,77.83,34.16,34.09,26.32,83.82,347.25,False
2022-11-21 15:00:00,0.0,20.84,66.0,77.65,34.63,33.31,24.84,88.69,346.35,False
2022-11-21 16:00:00,0.0,19.44,65.96,77.6,34.38,33.54,24.05,88.67,345.87,False
2022-11-21 17:00:00,0.0,18.43,65.65,77.24,34.24,34.67,23.88,90.81,345.77,False
2022-11-21 18:00:00,0.0,17.35,65.62,77.2,34.49,34.66,24.04,96.25,345.87,False
2022-11-21 19:00:00,10.1,34.48,65.83,77.45,34.32,34.19,24.87,87.83,346.37,False
2022-11-21 20:00:00,0.0,32.71,65.95,77.59,34.22,33.58,23.8,88.61,345.72,False
2022-11-21 21:00:00,0.0,30.32,66.05,77.7,32.96,33.48,25.13,91.69,346.53,False
2022-11-21 22:00:00,0.0,29.04,66.1,77.76,33.67,33.37,26.34,84.91,347.26,False
2022-11-21 23:00:00,106.84,218.96,69.32,81.55,30.87,30.63,26.24,80.21,347.2,False
2022-11-22 00:00:00,0.0,206.25,71.85,84.52,28.59,28.41,28.0,80.34,348.27,False
2022-11-22 01:00:00,0.0,193.94,74.06,87.13,25.69,25.77,29.26,74.49,349.03,False
2022-11-22 02:00:00,0.0,182.14,75.5,88.83,24.33,24.85,30.27,70.3,349.65,False
2022-11-22 03:00:00,2.55,175.36,76.72,90.25,23.19,23.93,31.8,68.49,350.57,False
2022-11-22 04:00:00,0.0,164.66,77.86,91.6,22.08,22.29,32.3,64.56,350.87,False
2022-11-22 05:00:00,26.96,203.26,79.59,93.63,20.75,19.91,32.51,62.44,351.0,False
2022-11-22 06:00:00,0.0,191.12,81.17,95.49,18.54,18.87,33.26,63.77,351.45,False
2022-11-22 07:00:00,0.0,180.09,82.46,97.01,17.88,18.08,33.88,62.46,351.83,False
2022-11-22 08:00:00,0.0,169.3,83.68,98.45,16.89,16.07,33.38,65.9,351.53,False
2022-11-22 09:00:00,0.0,159.24,84.69,99.63,15.15,15.05,30.53,68.81,349.8,False
2022-11-22 10:00:00,0.0,149.79,85.0,100.0,14.83,15.46,31.1,72.71,350.14,False
2022-11-22 11:00:00,0.0,140.71,85.0,100.0,15.06,14.43,29.56,76.63,349.21,False
2022-11-22 12:00:00,0.0,132.21,85.0,100.0,14.77,15.08,28.59,77.19,348.63,False
2022-11-22 13:00:00,0.0,124.24,85.0,100.0,14.96,14.75,27.1,82.62,347.72,False
2022-11-22 14:00:00,0.0,116.98,85.0,100.0,14.41,14.83,26.32,85.99,347.25,False
2022-11-22 15:00:00,0.0,109.68,85.0,100.0,15.34,15.68,25.41,88.56,346.7,False
2022-11-22 16:00:00,0.0,102.95,85.0,100.0,15.67,14.81,24.26,89.17,346.0,False
2022-11-22 17:00:00,0.0,96.88,84.94,99.93,14.79,15.11,23.62,89.47,345.61,False
2022-11-22 18:00:00,0.0,90.74,84.75,99.7,14.59,15.66,23.73,93.0,345.68,False
2022-11-22 19:00:00,0.0,85.33,84.52,99.44,15.84,14.96,24.29,88.11,346.02,False
2022-11-22 20:00:00,0.0,80.05,84.17,99.02,15.67,16.17,24.96,89.59,346.43,False
2022-11-22 21:00:00,0.0,75.4,83.81,98.6,15.93,16.01,25.83,82.79,346.95,False
2022-11-22 22:00:00,0.0,71.29,83.29,97.99,16.66,16.2,25.95,82.33,347.03,False
2022-11-22 23:00:00,10.45,85.65,83.07,97.73,16.44,16.73,27.51,79.87,347.97,False
2022-11-23 00:00:00,0.0,80.74,82.7,97.29,17.49,17.33,29.08,80.19,348.92,False
2022-11-23 01:00:00,0.0,75.96,82.42,96.96,17.08,17.68,30.36,75.75,349.7,False
2022-11-23 02:00:00,0.0,71.28,81.97,96.43,17.56,17.73,30.71,69.89,349.91,False
2022-11-23 03:00:00,9.39,83.92,81.73,96.15,17.79,18.19,31.55,69.56,350.42,False
2022-11-23 04:00:00,0.0,79.27,81.45,95.83,18.61,17.99,32.51,67.65,351.0,False
2022-11-23 05:00:00,0.0,74.46,81.2,95.53,18.08,18.52,32.16,64.16,350.79,False
2022-11-23 06:00:00,2.83,75.48,80.82,95.09,20.01,18.63,32.88,61.23,351.23,False
2022-11-23 07:00:00,0.0,70.91,80.25,94.41,19.6,19.72,33.29,64.06,351.48,False
2022-11-23 08:00:00,0.0,66.23,79.8,93.89,19.35,19.86,32.78,65.68,351.17,False
2022-11-23 09:00:00,0.0,62.22,79.09,93.05,20.48,21.74,31.52,65.64,350.4,False
2022-11-23 10:00:00,0.0,58.04,78.38,92.21,21.86,21.77,30.88,71.73,350.01,False
2022-11-23 11:00:00,0.0,54.46,77.74,91.46,22.8,21.61,29.17,74.94,348.98,False
2022-11-23 12:00:00,62.15,162.95,78.79,92.7,21.27,20.91,28.92,78.89,348.83,False
2022-11-23 13:00:00,0.0,153.72,79.67,93.73,20.37,20.61,27.29,82.18,347.84,False
2022-11-23 14:00:00,0.0,144.98,80.47,94.67,18.92,19.63,26.08,86.46,347.11,False
2022-11-23 15:00:00,0.0,136.31,81.1,95.41,19.5,18.27,25.1,87.54,346.51,False
2022-11-23 16:00:00,0.0,128.49,81.55,95.94,18.68,18.14,24.57,90.53,346.19,False
2022-11-23 17:00:00,0.0,120.66,81.99,96.45,18.14,18.27,23.88,90.73,345.77,False
2022-11-23 18:00:00,0.0,113.0,82.33,96.86,17.68,17.82,24.39,90.83,346.08,False
2022-11-23 19:00:00,2.28,110.48,82.64,97.22,17.57,17.59,23.92,94.2,345.79,False
2022-11-23 20:00:00,0.0,103.96,82.78,97.39,16.9,17.11,25.56,86.04,346.79,False
2022-11-23 21:00:00,0.0,97.44,82.71,97.3,17.67,16.95,26.2,89.65,347.18,False
2022-11-23 22:00:00,0.0,91.33,82.49,97.04,17.83,17.0,25.72,83.76,346.88,False
2022-11-23 23:00:00,0.0,86.13,82.1,96.59,17.86,18.28,27.38,80.12,347.89,False
2022-11-24 00:00:00,0.0,80.46,81.88,96.33,18.01,18.9,28.11,78.52,348.33,False
2022-11-24 01:00:00,7.42,89.16,81.74,96.17,17.39,18.37,29.47,71.4,349.16,False
2022-11-24 02:00:00,0.0,83.72,81.46,95.84,17.84,18.91,31.95,69.37,350.66,False
2022-11-24 03:00:00,0.0,78.86,80.98,95.28,19.23,18.7,31.5,66.4,350.39,False
2022-11-24 04:00:00,0.0,74.43,80.49,94.69,19.87,19.5,32.61,65.43,351.06,False
2022-11-24 05:00:00,0.0,69.7,79.87,93.97,20.56,20.1,33.17,62.87,351.4,False
2022-11-24 06:00:00,0.0,65.18,79.43,93.45,20.03,20.72,32.4,67.2,350.93,False
2022-11-24 07:00:00,0.0,61.71,78.87,92.79,22.05,21.16,32.33,68.07,350.89,False
2022-11-24 08:00:00,37.87,126.16,79.23,93.21,21.17,21.88,31.67,61.83,350.49,False
2022-11-24 09:00:00,0.0,118.68,79.7,93.76,20.07,20.62,31.15,69.19,350.18,False
2022-11-24 10:00:00,0.0,111.84,79.86,93.96,20.2,20.66,29.04,72.72,348.9,False
2022-11-24 11:00:00,0.0,104.84,80.0,94.12,19.32,20.11,29.99,75.46,349.47,False
2022-11-24 12:00:00,0.0,98.82,80.03,94.16,19.72,19.11,29.73,76.68,349.32,False
2022-11-24 13:00:00,0.0,93.08,79.94,94.05,20.28,20.24,27.42,81.14,347.92,False
2022-11-24 14:00:00,0.0,87.94,79.74,93.81,20.29,20.7,25.4,83.5,346.69,False
2022-11-24 15:00:00,0.0,83.1,79.49,93.51,21.21,21.07,24.93,87.06,346.41,False
2022-11-24 16:00:00,0.0,78.13,79.13,93.09,20.28,20.85,24.33,87.7,346.04,False
2022-11-24 17:00:00,0.0,73.67,78.74,92.63,21.22,20.69,23.54,91.29,345.57,False
2022-11-24 18:00:00,0.0,69.26,78.27,92.09,21.27,21.61,24.52,88.99,346.16,False
2022-11-24 19:00:00,0.0,65.15,77.68,91.38,22.94,21.74,24.64,91.12,346.23,False
2022-11-24 20:00:00,0.0,60.9,77.14,90.75,22.97,23.38,23.91,87.63,345.79,False
2022-11-24 21:00:00,1.35,59.61,76.43,89.91,23.58,23.76,25.75,88.31,346.91,False
2022-11-24 22:00:00,0.0,55.49,75.74,89.11,24.2,24.05,27.17,83.64,347.76,False
2022-11-24 23:00:00,0.0,52.12,74.94,88.17,24.71,25.35,28.48,82.2,348.56,False
2022-11-25 00:00:00,0.0,49.39,74.06,87.13,26.42,26.53,30.22,80.16,349.61,False
2022-11-25 01:00:00,0.0,46.66,73.17,86.09,26.9,27.14,29.12,77.56,348.95,False
2022-11-25 02:00:00,0.0,43.9,72.21,84.96,27.89,28.59,32.44,65.94,350.96,False
2022-11-25 03:00:00,0.0,41.2,71.95,84.65,28.28,27.69,31.47,66.43,350.37,False
2022-11-25 04:00:00,0.0,38.57,71.59,84.22,28.07,28.8,32.04,65.27,350.72,False
2022-11-25 05:00:00,0.0,35.98,71.3,83.88,29.5,28.12,33.04,65.4,351.32,False
2022-11-25 06:00:00,0.0,34.06,70.79,83.28,29.84,29.97,32.65,60.7,351.09,False
2022-11-25 07:00:00,0.0,31.56,70.14,82.51,29.85,30.15,33.09,62.51,351.35,False
2022-11-25 08:00:00,0.0,29.2,69.66,81.95,30.22,30.19,31.61,66.14,350.45,False
2022-11-25 09:00:00,0.0,27.72,69.26,81.48,31.0,30.28,31.54,68.27,350.41,False
2022-11-25 10:00:00,0.0,26.12,68.73,80.86,31.72,31.05,31.52,71.76,350.4,False
2022-11-25 11:00:00,0.0,24.56,68.06,80.08,32.64,31.83,29.63,75.26,349.26,False
2022-11-25 12:00:00,0.0,23.15,67.37,79.26,32.89,32.72,28.58,78.68,348.62,False
2022-11-25 13:00:00,0.0,22.37,66.9,78.71,33.15,33.09,27.62,82.01,348.04,False
2022-11-25 14:00:00,0.0,21.04,66.22,77.91,33.83,33.52,26.95,85.11,347.63,False
2022-11-25 15:00:00,0.0,19.87,66.03,77.69,33.21,34.43,24.32,89.23,346.04,False
2022-11-25 16:00:00,0.0,19.29,66.01,77.66,33.82,33.31,24.95,85.65,346.42,False
2022-11-25 17:00:00,0.0,18.12,65.86,77.48,34.28,34.37,23.99,94.61,345.84,False
2022-11-25 18:00:00,0.0,17.55,65.55,77.12,33.55,34.52,24.1,87.59,345.9,False
2022-11-25 19:00:00,0.0,15.86,65.54,77.11,34.53,34.46,24.79,89.36,346.32,False
2022-11-25 20:00:00,0.0,14.56,65.39,76.93,34.28,34.86,23.89,89.67,345.78,False
2022-11-25 21:00:00,0.0,13.49,65.05,76.53,35.58,34.68,24.71,89.24,346.27,False
2022-11-25 22:00:00,0.0,12.85,64.94,76.4,34.95,34.75,25.09,79.01,346.5,False
2022-11-25 23:00:00,15.4,40.33,65.09,76.57,34.81,34.8,27.01,81.57,347.67,False
2022-11-26 00:00:00,0.0,37.73,65.19,76.69,34.76,34.6,29.3,79.58,349.05,False
2022-11-26 01:00:00,11.9,57.18,65.63,77.21,34.37,34.27,29.59,76.37,349.23,False
2022-11-26 02:00:00,0.0,54.42,66.25,77.94,34.06,34.04,29.95,69.61,349.45,False
2022-11-26 03:00:00,0.0,51.62,66.84,78.63,33.03,33.21,31.39,67.5,350.32,False
2022-11-26 04:00:00,0.0,48.4,66.6,78.35,33.41,33.41,31.5,64.64,350.39,False
2022-11-26 05:00:00,0.0,45.76,66.5,78.23,33.82,33.59,32.17,63.69,350.8,False
2022-11-26 06:00:00,0.0,43.12,66.03,77.69,33.97,33.83,33.23,61.94,351.44,False
2022-11-26 07:00:00,0.0,40.33,66.34,78.05,33.92,34.02,32.14,62.7,350.78,False
2022-11-26 08:00:00,0.0,38.04,66.08,77.74,33.74,34.14,33.06,66.74,351.34,False
2022-11-26 09:00:00,0.0,35.61,66.36,78.07,33.78,33.65,31.64,68.36,350.47,False
2022-11-26 10:00:00,0.0,33.51,65.92,77.55,34.6,33.63,30.8,71.98,349.97,False
2022-11-26 11:00:00,0.0,31.09,66.04,77.7,34.2,34.48,29.5,74.8,349.18,False
2022-11-26 12:00:00,0.0,28.7,66.03,77.68,33.23,34.24,28.96,79.41,348.85,False
2022-11-26 13:00:00,0.0,26.89,66.04,77.69,34.19,34.19,27.81,83.38,348.15,False
2022-11-26 14:00:00,15.74,53.7,66.48,78.21,33.06,34.2,26.45,81.52,347.33,False
2022-11-26 15:00:00,0.0,50.14,66.3,77.99,33.33,33.98,25.66,86.19,346.85,False
2022-11-26 16:00:00,0.0,47.29,66.73,78.51,33.46,33.25,24.48,89.66,346.13,False
2022-11-26 17:00:00,0.0,44.46,66.49,78.23,33.12,33.3,24.48,91.48,346.13,False
2022-11-26 18:00:00,24.1,85.37,67.05,78.88,32.51,32.73,23.8,90.66,345.72,False
2022-11-26 19:00:00,0.0,80.53,67.41,79.31,32.59,32.7,24.15,93.35,345.94,False
2022-11-26 20:00:00,0.0,76.1,67.86,79.83,31.9,32.53,24.44,94.08,346.11,False
2022-11-26 21:00:00,0.0,71.72,68.15,80.18,31.2,32.24,25.04,88.27,346.48,False
2022-11-26 22:00:00,0.0,67.32,68.27,80.31,31.96,31.18,25.84,85.17,346.96,False
2022-11-26 23:00:00,0.0,63.34,68.33,80.39,32.06,32.03,27.62,83.32,348.04,False
2022-11-27 00:00:00,0.0,60.24,68.27,80.32,32.09,31.61,29.29,74.27,349.05,False
2022-11-27 01:00:00,0.0,56.92,68.23,80.27,31.41,31.53,30.37,74.43,349.7,False
2022-11-27 02:00:00,0.0,53.53,68.05,80.05,32.12,32.1,30.0,72.96,349.48,False
2022-11-27 03:00:00,0.0,50.27,67.99,79.99,31.81,32.32,32.46,66.81,350.97,False
2022-11-27 04:00:00,0.0,47.07,67.75,79.7,31.74,31.76,32.21,63.42,350.82,False
2022-11-27 05:00:00,0.0,43.89,67.51,79.42,32.19,32.58,33.21,64.11,351.42,False
2022-11-27 06:00:00,0.0,41.77,67.02,78.85,31.85,44.33,32.46,63.88,350.97,True
2022-11-27 07:00:00,13.34,63.41,67.06,78.89,32.52,33.26,32.93,62.66,351.26,False
2022-11-27 08:00:00,0.0,59.23,67.01,78.84,32.4,32.54,32.59,70.07,351.05,False
2022-11-27 09:00:00,0.0,55.64,67.02,78.84,33.07,33.06,30.79,67.14,349.96,False
2022-11-27 10:00:00,0.0,52.68,66.94,78.75,33.18,32.92,31.11,68.69,350.16,False
2022-11-27 11:00:00,0.0,49.38,66.84,78.64,32.48,32.93,30.47,74.19,349.77,False
2022-11-27 12:00:00,0.0,46.18,66.65,78.41,33.69,32.55,28.4,79.82,348.51,False
2022-11-27 13:00:00,0.0,43.51,66.47,78.2,33.29,32.97,28.15,81.66,348.36,False
2022-11-27 14:00:00,0.0,41.1,66.19,77.87,33.38,33.78,26.14,85.97,347.14,False
2022-11-27 15:00:00,0.0,38.5,66.28,77.98,33.01,33.35,25.83,86.16,346.95,False
2022-11-27 16:00:00,0.0,36.01,66.43,78.16,33.25,33.44,23.27,93.1,345.4,False
2022-11-27 17:00:00,2.56,38.6,66.07,77.73,33.87,33.61,25.6,92.65,346.82,False
2022-11-27 18:00:00,0.0,35.95,65.97,77.61,34.43,33.92,24.9,94.1,346.39,False
2022-11-27 19:00:00,0.0,33.63,66.01,77.66,33.95,33.51,23.98,92.25,345.83,False
2022-11-27 20:00:00,0.0,31.58,66.26,77.95,33.62,33.55,23.42,91.77,345.49,False
2022-11-27 21:00:00,0.0,29.9,66.3,77.99,33.94,33.6,25.49,86.15,346.75,False
2022-11-27 22:00:00,0.0,27.98,66.31,78.02,33.74,33.7,25.38,84.02,346.68,False
2022-11-27 23:00:00,2.25,30.52,65.65,77.23,33.75,33.62,27.6,84.32,348.03,False
2022-11-28 00:00:00,0.0,29.04,65.58,77.16,34.24,34.44,28.75,81.12,348.72,False
2022-11-28 01:00:00,0.0,27.14,65.63,77.22,34.14,33.92,29.1,72.08,348.93,False
2022-11-28 02:00:00,0.0,26.48,65.6,77.18,34.34,33.85,31.42,71.5,350.34,False
2022-11-28 03:00:00,0.0,25.32,65.49,77.05,34.32,35.0,32.17,67.24,350.79,False
2022-11-28 04:00:00,24.22,67.48,66.28,77.98,33.4,34.01,32.98,64.48,351.29,False
2022-11-28 05:00:00,0.0,63.38,66.84,78.64,33.75,33.38,32.85,65.05,351.21,False
2022-11-28 06:00:00,0.0,59.41,66.73,78.5,33.26,33.19,32.15,66.28,350.78,False
2022-11-28 07:00:00,0.0,56.34,66.67,78.43,33.52,33.1,33.43,65.38,351.56,False
2022-11-28 08:00:00,0.0,53.02,66.49,78.22,33.47,34.11,32.23,65.24,350.83,False
2022-11-28 09:00:00,0.0,49.41,66.25,77.94,34.08,33.81,30.85,69.13,349.99,False
2022-11-28 10:00:00,0.0,45.93,66.57,78.31,33.4,33.07,31.56,70.28,350.43,False
2022-11-28 11:00:00,0.0,43.21,66.24,77.92,34.15,33.37,30.92,75.2,350.04,False
2022-11-28 12:00:00,0.0,40.66,66.34,78.05,32.51,51.37,28.48,80.79,348.56,True
2022-11-28 13:00:00,0.0,37.94,66.02,77.67,34.02,33.84,28.63,77.47,348.65,False
2022-11-28 14:00:00,0.0,35.21,66.23,77.92,33.87,34.18,26.3,86.59,347.24,False
2022-11-28 15:00:00,14.28,58.21,66.74,78.52,33.38,33.29,25.09,84.82,346.5,False
2022-11-28 16:00:00,0.0,54.49,66.7,78.47,32.87,32.82,24.22,92.58,345.98,False
2022-11-28 17:00:00,15.02,78.15,66.97,78.79,32.74,33.77,25.14,90.25,346.53,False
2022-11-28 18:00:00,0.0,73.67,67.05,78.88,32.53,32.54,23.53,89.56,345.56,False
2022-11-28 19:00:00,0.0,69.21,67.27,79.15,32.92,32.24,24.59,92.91,346.2,False
2022-11-28 20:00:00,0.0,65.38,67.36,79.24,33.01,32.61,24.27,90.85,346.01,False
2022-11-28 21:00:00,24.72,106.13,68.14,80.16,16.21,32.05,25.04,85.9,346.48,True
2022-11-28 22:00:00,0.0,99.92,68.79,80.93,31.29,30.85,26.87,82.49,347.58,False
2022-11-28 23:00:00,0.0,94.22,69.35,81.59,30.31,30.93,27.11,81.25,347.73,False
2022-11-29 00:00:00,13.17,111.86,70.22,82.62,30.47,29.58,28.26,75.59,348.42,False
2022-11-29 01:00:00,0.0,104.98,70.99,83.51,14.24,29.99,30.34,72.25,349.69,True
2022-11-29 02:00:00,0.0,99.41,71.75,84.41,28.11,28.39,31.71,71.23,350.52,False
2022-11-29 03:00:00,0.0,92.87,72.33,85.09,27.62,27.24,32.07,66.17,350.73,False
2022-11-29 04:00:00,13.77,111.99,72.65,85.47,27.87,27.07,32.0,66.73,350.69,False
2022-11-29 05:00:00,0.0,105.41,72.89,85.75,27.14,27.31,32.54,67.46,351.02,False
2022-11-29 06:00:00,0.0,98.52,72.76,85.6,26.53,26.92,33.05,63.7,351.33,False
2022-11-29 07:00:00,0.0,92.39,72.76,85.6,27.85,27.21,33.04,64.74,351.32,False
2022-11-29 08:00:00,0.0,87.44,72.63,85.45,27.69,28.16,31.8,69.91,350.57,False
2022-11-29 09:00:00,0.0,82.25,72.4,85.18,27.38,27.86,32.12,65.73,350.76,False
2022-11-29 10:00:00,0.0,77.14,72.13,84.85,28.12,28.11,30.8,73.38,349.97,False
2022-11-29 11:00:00,40.04,144.64,73.51,86.49,26.24,27.28,28.64,76.52,348.65,False
2022-11-29 12:00:00,0.0,135.79,74.19,87.28,45.56,25.51,27.94,79.71,348.23,True
2022-11-29 13:00:00,0.0,128.15,74.6,87.76,25.35,25.4,27.03,84.21,347.68,False
2022-11-29 14:00:00,3.15,125.83,74.94,88.17,25.3,24.94,26.21,85.56,347.18,False
2022-11-29 15:00:00,0.0,118.13,75.31,88.6,24.88,24.44,26.45,86.73,347.33,False
2022-11-29 16:00:00,0.0,110.59,75.51,88.84,24.86,24.39,24.75,92.31,346.3,False
2022-11-29 17:00:00,9.52,121.0,75.89,89.28,24.3,23.93,23.65,93.79,345.63,False
2022-11-29 18:00:00,0.0,113.69,76.08,89.5,24.5,23.66,24.13,94.21,345.92,False
2022-11-29 19:00:00,0.0,107.23,76.26,89.71,24.43,23.63,23.94,91.61,345.81,False
2022-11-29 20:00:00,0.0,100.49,76.26,89.71,23.86,23.48,24.8,88.69,346.33,False
2022-11-29 21:00:00,0.0,94.6,76.19,89.64,23.68,23.94,25.67,88.28,346.85,False
2022-11-29 22:00:00,0.0,88.95,75.99,89.4,23.93,23.62,26.98,86.88,347.65,False
2022-11-29 23:00:00,5.62,93.17,75.84,89.23,23.39,24.56,27.32,83.67,347.86,False
2022-11-30 00:00:00,51.2,179.51,77.18,90.8,22.83,23.11,29.48,77.14,349.17,False
2022-11-30 01:00:00,0.0,168.51,78.44,92.28,21.31,21.74,30.21,75.01,349.61,False
2022-11-30 02:00:00,0.0,158.91,79.41,93.43,20.31,20.4,30.33,68.38,349.68,False
2022-11-30 03:00:00,0.0,149.54,80.25,94.42,19.73,19.76,33.01,70.07,351.3,False
2022-11-30 04:00:00,0.0,140.61,80.94,95.22,18.22,19.01,32.59,64.31,351.05,False
2022-11-30 05:00:00,0.0,130.88,81.43,95.8,18.5,18.58,32.35,66.05,350.9,False
2022-11-30 06:00:00,0.0,122.46,81.93,96.38,18.16,17.54,33.99,61.7,351.9,False
2022-11-30 07:00:00,0.0,115.33,82.1,96.59,17.29,17.94,34.09,66.54,351.96,False
2022-11-30 08:00:00,0.0,108.64,82.26,96.78,18.28,17.87,32.38,66.52,350.92,False
2022-11-30 09:00:00,0.0,101.9,82.25,96.77,17.92,18.32,31.38,66.54,350.32,False
2022-11-30 10:00:00,0.0,95.8,82.26,96.77,18.26,17.34,30.65,72.38,349.87,False
2022-11-30 11:00:00,0.0,90.04,82.13,96.62,18.05,17.4,30.09,73.2,349.54,False
2022-11-30 12:00:00,0.0,84.68,81.99,96.46,18.15,18.4,29.27,79.5,349.04,False
2022-11-30 13:00:00,0.0,79.49,81.74,96.16,18.87,17.66,27.68,81.08,348.07,False
2022-11-30 14:00:00,0.0,74.97,81.35,95.71,19.17,19.23,26.31,81.56,347.24,False
2022-11-30 15:00:00,0.0,70.8,80.95,95.24,19.82,19.52,26.22,85.93,347.19,False
2022-11-30 16:00:00,5.69,76.5,80.65,94.89,19.3,19.58,24.42,89.26,346.1,False
2022-11-30 17:00:00,0.0,71.55,80.13,94.27,19.55,19.26,24.77,94.26,346.31,False
2022-11-30 18:00:00,0.0,67.02,79.67,93.73,19.86,20.26,23.83,93.8,345.74,False
2022-11-30 19:00:00,0.0,63.01,79.11,93.07,20.5,20.87,24.41,94.77,346.09,False
2022-11-30 20:00:00,0.0,59.34,78.49,92.35,21.78,21.62,24.53,93.43,346.17,False
2022-11-30 21:00:00,0.0,56.01,77.76,91.48,23.34,22.47,25.28,86.83,346.62,False
2022-11-30 22:00:00,12.3,75.08,77.3,90.94,23.31,22.4,26.02,84.62,347.07,False
2022-11-30 23:00:00,0.0,70.68,76.75,90.3,23.17,23.67,28.14,80.8,348.35,False
2022-12-01 00:00:00,0.0,66.51,75.95,89.35,24.36,24.26,28.06,76.66,348.3,False
2022-12-01 01:00:00,0.0,63.01,75.3,88.59,24.48,24.9,29.22,70.69,349.01,False
2022-12-01 02:00:00,0.0,59.23,74.85,88.05,24.96,25.07,32.02,70.97,350.71,False
2022-12-01 03:00:00,0.0,55.86,74.2,87.3,25.38,25.95,32.27,65.53,350.85,False
2022-12-01 04:00:00,0.0,52.6,73.46,86.43,26.15,25.68,30.97,65.81,350.07,False
2022-12-01 05:00:00,0.0,49.39,72.72,85.56,27.5,27.43,32.51,68.71,351.0,False
2022-12-01 06:00:00,0.0,46.38,71.84,84.51,28.76,28.83,31.91,62.98,350.64,False
2022-12-01 07:00:00,0.0,43.99,71.54,84.16,28.88,28.77,32.28,64.87,350.86,False
2022-12-01 08:00:00,26.37,88.79,71.99,84.7,28.59,28.27,30.51,67.69,349.79,False
2022-12-01 09:00:00,0.0,83.35,72.33,85.09,27.99,27.98,31.6,68.66,350.45,False
2022-12-01 10:00:00,0.0,78.13,71.94,84.63,28.05,28.55,30.06,71.58,349.52,False
2022-12-01 11:00:00,0.0,73.57,72.16,84.89,27.63,27.76,29.7,73.65,349.3,False
2022-12-01 12:00:00,0.0,69.0,72.32,85.08,27.92,28.08,27.52,77.54,347.98,False
2022-12-01 13:00:00,0.0,64.96,71.86,84.55,27.46,28.32,27.39,79.7,347.9,False
2022-12-01 14:00:00,0.0,61.12,71.96,84.66,27.79,28.06,26.0,86.69,347.06,False
2022-12-01 15:00:00,0.0,57.32,71.8,84.47,27.88,28.74,26.22,84.42,347.19,False
2022-12-01 16:00:00,6.76,65.64,71.87,84.55,28.63,27.85,25.45,92.07,346.72,False
2022-12-01 17:00:00,0.0,61.39,71.81,84.48,27.64,27.93,24.62,88.72,346.22,False
2022-12-01 18:00:00,0.0,57.45,71.56,84.18,28.82,27.5,23.8,93.93,345.73,False
2022-12-01 19:00:00,0.0,53.7,71.46,84.07,28.7,28.17,25.34,90.82,346.66,False
2022-12-01 20:00:00,0.0,50.62,71.35,83.94,28.81,28.48,23.67,87.66,345.64,False
2022-12-01 21:00:00,0.0,48.22,71.16,83.71,28.66,28.82,24.48,89.06,346.13,False
2022-12-01 22:00:00,0.0,45.17,70.94,83.46,28.47,29.24,26.2,86.86,347.18,False
2022-12-01 23:00:00,28.38,93.44,71.47,84.09,28.73,28.88,28.69,80.75,348.68,False
2022-12-02 00:00:00,6.55,99.44,72.05,84.76,28.3,39.42,28.38,79.44,348.5,True
2022-12-02 01:00:00,0.0,93.73,72.58,85.39,27.62,27.46,29.55,69.81,349.21,False
2022-12-02 02:00:00,0.0,88.24,72.52,85.32,27.42,27.08,29.88,68.36,349.41,False
2022-12-02 03:00:00,0.0,82.94,72.29,85.05,27.25,27.17,32.25,70.69,350.84,False
2022-12-02 04:00:00,0.0,77.6,71.83,84.5,27.92,28.3,32.97,65.43,351.28,False
2022-12-02 05:00:00,0.0,72.65,72.05,84.76,28.13,27.99,33.32,60.75,351.49,False
2022-12-02 06:00:00,0.0,68.34,72.29,85.05,27.4,27.91,32.62,62.6,351.07,False
2022-12-02 07:00:00,0.0,64.31,71.78,84.45,27.83,28.45,32.42,62.63,350.95,False
2022-12-02 08:00:00,0.0,60.45,71.89,84.58,27.53,27.92,31.62,65.54,350.46,False
2022-12-02 09:00:00,0.0,57.02,71.72,84.38,28.49,28.71,31.73,67.36,350.53,False
2022-12-02 10:00:00,0.0,53.23,71.62,84.26,28.59,28.01,30.1,71.36,349.54,False
2022-12-02 11:00:00,0.0,50.13,71.43,84.03,29.03,28.15,28.96,74.24,348.85,False
2022-12-02 12:00:00,0.0,47.2,71.26,83.84,27.88,28.9,28.25,80.72,348.42,False
2022-12-02 13:00:00,0.0,44.08,70.93,83.45,29.54,29.16,27.04,82.47,347.69,False
2022-12-02 14:00:00,0.0,41.25,70.55,83.0,29.9,29.13,25.93,85.92,347.01,False
2022-12-02 15:00:00,0.0,38.98,70.2,82.58,30.29,29.47,25.6,90.23,346.81,False
2022-12-02 16:00:00,0.0,36.3,69.73,82.03,30.32,30.42,24.65,89.35,346.24,False
2022-12-02 17:00:00,0.0,34.86,69.33,81.56,30.76,30.77,23.98,89.0,345.83,False
2022-12-02 18:00:00,0.0,32.94,68.72,80.84,31.37,42.87,24.11,94.41,345.91,True
2022-12-02 19:00:00,0.0,30.94,68.33,80.38,31.31,31.42,23.56,91.79,345.58,False
2022-12-02 20:00:00,0.0,29.01,67.59,79.51,32.07,32.05,24.67,90.4,346.25,False
2022-12-02 21:00:00,0.0,27.51,67.12,78.96,32.97,32.04,25.41,86.63,346.7,False
2022-12-02 22:00:00,0.0,25.73,66.5,78.23,33.4,34.05,25.35,83.77,346.66,False
2022-12-02 23:00:00,0.0,24.08,65.78,77.39,34.5,34.31,27.93,83.32,348.23,False
2022-12-03 00:00:00,0.0,23.07,65.74,77.34,34.11,34.72,27.97,79.97,348.25,False
2022-12-03 01:00:00,0.0,21.54,65.73,77.33,33.68,34.15,29.72,75.94,349.31,False
2022-12-03 02:00:00,0.0,20.29,65.72,77.32,33.71,33.89,31.45,72.59,350.36,False
2022-12-03 03:00:00,0.0,18.85,65.69,77.28,34.01,33.96,32.24,69.24,350.84,False
2022-12-03 04:00:00,18.18,50.52,66.02,77.67,34.27,33.63,32.42,66.14,350.95,False
2022-12-03 05:00:00,0.0,47.67,66.39,78.11,33.4,33.4,32.63,64.13,351.07,False
2022-12-03 06:00:00,0.0,45.31,66.0,77.65,34.11,33.38,33.57,66.42,351.64,False
2022-12-03 07:00:00,0.0,42.31,66.28,77.97,33.05,33.57,33.25,63.73,351.45,False
2022-12-03 08:00:00,0.0,39.34,66.52,78.26,33.55,33.25,32.03,66.62,350.71,False
2022-12-03 09:00:00,0.0,36.9,66.1,77.77,33.91,34.25,31.21,66.49,350.21,False
2022-12-03 10:00:00,0.0,34.5,66.09,77.76,34.38,34.12,29.51,69.68,349.18,False
2022-12-03 11:00:00,0.0,32.42,66.14,77.82,33.92,33.7,29.76,73.9,349.33,False
2022-12-03 12:00:00,0.0,30.64,66.37,78.08,33.94,33.82,28.45,76.39,348.54,False
2022-12-03 13:00:00,0.0,29.48,65.89,77.52,34.89,33.67,28.02,83.22,348.28,False
2022-12-03 14:00:00,0.0,27.57,65.87,77.5,99.0,33.62,26.47,82.3,347.34,True
2022-12-03 15:00:00,0.0,25.25,65.84,77.46,34.77,34.12,26.12,88.1,347.13,False
2022-12-03 16:00:00,0.0,23.67,65.82,77.44,34.22,34.22,24.18,90.39,345.96,False
2022-12-03 17:00:00,0.0,22.35,65.63,77.22,34.15,34.31,24.84,87.9,346.35,False
2022-12-03 18:00:00,2.03,24.37,65.48,77.04,34.48,35.06,23.68,91.12,345.65,False
2022-12-03 19:00:00,0.0,22.98,65.36,76.9,34.43,34.91,24.62,92.03,346.22,False
2022-12-03 20:00:00,52.41,115.97,66.82,78.61,33.0,33.6,23.73,90.98,345.68,False
2022-12-03 21:00:00,0.0,109.09,67.78,79.74,31.99,32.0,25.46,87.49,346.73,False
2022-12-03 22:00:00,0.0,102.78,68.5,80.58,31.38,31.64,25.06,86.35,346.49,False
2022-12-03 23:00:00,0.0,96.59,69.06,81.25,31.22,30.52,27.18,81.4,347.77,False
2022-12-04 00:00:00,0.0,90.96,69.59,81.87,29.73,30.12,28.76,78.03,348.73,False
2022-12-04 01:00:00,0.0,84.96,69.84,82.16,30.28,30.29,29.35,74.88,349.09,False
2022-12-04 02:00:00,0.0,79.58,70.09,82.46,29.95,29.55,30.12,72.85,349.55,False
2022-12-04 03:00:00,0.0,74.7,70.28,82.68,30.28,29.4,32.19,66.75,350.81,False
2022-12-04 04:00:00,0.0,69.92,70.36,82.78,29.49,29.81,32.34,64.9,350.9,False
2022-12-04 05:00:00,0.0,65.72,70.56,83.01,29.9,29.14,32.55,63.14,351.03,False
2022-12-04 06:00:00,0.0,61.68,70.64,83.1,29.02,29.75,33.03,63.34,351.31,False
2022-12-04 07:00:00,0.0,57.84,70.5,82.95,29.31,29.41,34.43,67.33,352.16,False
2022-12-04 08:00:00,0.0,54.63,70.31,82.72,29.85,29.62,33.09,67.02,351.35,False
2022-12-04 09:00:00,0.0,51.38,70.07,82.43,30.17,30.03,32.38,65.84,350.92,False
2022-12-04 10:00:00,0.0,47.97,69.85,82.18,30.04,30.09,31.01,69.8,350.09,False
2022-12-04 11:00:00,14.32,70.69,70.05,82.41,30.04,30.06,29.76,75.12,349.34,False
2022-12-04 12:00:00,7.14,79.52,70.41,82.83,29.53,29.23,27.06,76.19,347.7,False
2022-12-04 13:00:00,0.0,74.81,70.57,83.03,29.74,28.34,26.93,80.17,347.62,False
2022-12-04 14:00:00,0.0,70.68,70.74,83.22,29.21,28.7,25.96,87.69,347.03,False
2022-12-04 15:00:00,0.0,66.69,70.84,83.34,29.07,28.97,24.19,86.67,345.96,False
2022-12-04 16:00:00,0.0,62.57,70.98,83.51,29.41,29.21,23.91,92.03,345.79,False
2022-12-04 17:00:00,0.0,59.25,71.03,83.57,29.05,29.83,22.96,94.03,345.22,False
2022-12-04 18:00:00,0.0,56.15,70.85,83.36,29.42,28.91,23.98,90.53,345.83,False
2022-12-04 19:00:00,24.0,95.44,71.29,83.87,29.71,28.45,24.64,89.74,346.23,False
2022-12-04 20:00:00,30.57,144.74,72.7,85.52,26.51,27.44,25.27,89.57,346.61,False
2022-12-04 21:00:00,0.0,135.89,73.27,86.2,26.32,26.82,25.57,85.72,346.79,False
2022-12-04 22:00:00,0.0,127.66,73.68,86.68,25.95,26.42,25.67,85.24,346.86,False
2022-12-04 23:00:00,0.0,119.76,73.98,87.03,25.68,25.92,26.18,81.21,347.16,False
2022-12-05 00:00:00,0.0,112.29,74.25,87.36,26.32,24.95,27.45,78.72,347.93,False
2022-12-05 01:00:00,0.0,105.82,74.26,87.36,9.68,25.82,28.9,77.17,348.82,True
2022-12-05 02:00:00,0.0,99.12,74.42,87.55,25.78,25.56,30.22,72.63,349.61,False
2022-12-05 03:00:00,0.0,93.2,74.27,87.38,25.11,25.09,31.59,69.08,350.44,False
2022-12-05 04:00:00,8.49,102.49,74.39,87.52,25.62,25.84,31.79,61.94,350.56,False
2022-12-05 05:00:00,0.0,96.72,74.31,87.42,25.79,25.98,33.05,65.36,351.33,False
2022-12-05 06:00:00,0.0,90.93,74.06,87.13,26.3,26.16,32.86,67.45,351.21,False
2022-12-05 07:00:00,0.0,85.7,73.84,86.87,26.05,26.0,32.85,58.46,351.21,False
2022-12-05 08:00:00,0.0,80.61,73.44,86.4,26.49,26.64,33.08,67.25,351.35,False
2022-12-05 09:00:00,0.0,75.7,73.08,85.97,26.1,26.56,30.97,67.78,350.07,False
2022-12-05 10:00:00,0.0,71.18,72.62,85.44,28.29,26.82,31.0,69.3,350.09,False
2022-12-05 11:00:00,10.81,86.82,72.37,85.15,27.75,27.59,29.66,75.98,349.27,False
2022-12-05 12:00:00,0.0,81.35,72.1,84.83,28.07,27.3,28.3,81.42,348.45,False
2022-12-05 13:00:00,2.77,80.68,72.53,85.33,27.9,27.42,27.87,83.17,348.19,False
2022-12-05 14:00:00,0.0,75.6,72.14,84.87,27.83,27.84,26.78,84.26,347.53,False
2022-12-05 15:00:00,0.0,70.7,72.26,85.01,27.91,27.41,24.75,86.01,346.3,False
2022-12-05 16:00:00,0.0,66.75,71.76,84.43,28.52,29.01,24.49,90.41,346.14,False
2022-12-05 17:00:00,0.0,62.69,71.85,84.52,27.57,27.92,24.32,93.27,346.04,False
2022-12-05 18:00:00,0.0,59.18,71.81,84.48,28.4,28.28,23.84,91.23,345.74,False
2022-12-05 19:00:00,0.0,55.64,71.85,84.52,28.98,28.08,24.5,90.94,346.15,False
2022-12-05 20:00:00,0.0,52.3,71.69,84.35,29.01,28.68,24.77,95.77,346.31,False
2022-12-05 21:00:00,0.0,49.21,71.63,84.27,28.98,28.23,26.42,90.06,347.31,False
2022-12-05 22:00:00,0.0,46.7,71.36,83.95,29.41,28.13,25.33,87.3,346.65,False
2022-12-05 23:00:00,0.0,43.96,71.16,83.72,28.34,29.01,27.26,78.7,347.82,False
2022-12-06 00:00:00,0.0,41.65,70.84,83.34,28.95,28.56,27.95,76.59,348.24,False
2022-12-06 01:00:00,3.31,45.43,70.61,83.08,29.02,29.05,30.03,74.53,349.5,False
2022-12-06 02:00:00,0.0,42.65,70.16,82.55,31.23,29.63,29.78,69.0,349.35,False
2022-12-06 03:00:00,0.0,40.07,70.0,82.36,30.09,29.81,31.89,71.3,350.63,False
2022-12-06 04:00:00,0.04,37.62,69.66,81.95,29.78,30.2,32.02,68.7,350.7,False
2022-12-06 05:00:00,0.0,35.75,69.33,81.57,30.22,30.5,32.41,63.41,350.94,False
2022-12-06 06:00:00,0.0,33.32,68.78,80.92,31.26,31.27,32.13,67.57,350.77,False
2022-12-06 07:00:00,0.0,31.1,68.31,80.37,31.14,31.42,32.57,64.47,351.04,False
2022-12-06 08:00:00,0.0,29.16,67.78,79.75,32.96,32.39,33.05,71.05,351.33,False
2022-12-06 09:00:00,0.0,27.06,67.15,79.0,33.17,32.51,31.67,68.39,350.49,False
2022-12-06 10:00:00,0.0,25.26,66.67,78.44,33.45,32.82,31.13,72.15,350.16,False
2022-12-06 11:00:00,28.12,74.69,66.93,78.74,32.65,32.62,30.66,77.18,349.88,False
2022-12-06 12:00:00,0.0,70.41,67.1,78.94,32.37,32.74,28.66,80.56,348.67,False
2022-12-06 13:00:00,0.0,66.06,67.25,79.12,32.89,33.14,27.0,82.64,347.66,False
2022-12-06 14:00:00,0.0,62.33,67.22,79.08,32.83,32.77,26.53,84.72,347.38,False
2022-12-06 15:00:00,0.0,59.22,67.22,79.08,32.27,32.59,24.99,88.93,346.44,False
2022-12-06 16:00:00,0.0,55.76,67.16,79.01,32.82,32.83,24.3,88.49,346.03,False
2022-12-06 17:00:00,0.0,52.84,67.05,78.88,32.93,32.47,23.24,91.83,345.38,False
2022-12-06 18:00:00,0.0,49.93,66.96,78.78,33.33,32.35,24.56,89.78,346.18,False
2022-12-06 19:00:00,0.0,46.84,66.71,78.48,34.13,32.9,23.92,87.96,345.8,False
2022-12-06 20:00:00,0.0,44.09,66.4,78.12,32.77,33.18,24.71,90.23,346.28,False
2022-12-06 21:00:00,0.0,41.6,66.05,77.7,34.27,34.91,24.7,90.42,346.27,False
2022-12-06 22:00:00,0.0,38.88,66.2,77.88,33.52,34.57,26.51,86.85,347.37,False
2022-12-06 23:00:00,0.0,35.77,66.45,78.17,33.72,34.32,26.88,81.46,347.59,False
2022-12-07 00:00:00,0.0,33.37,66.0,77.64,34.06,33.52,28.41,81.49,348.52,False
2022-12-07 01:00:00,0.0,30.72,66.15,77.82,34.05,34.55,30.19,73.24,349.6,False
2022-12-07 02:00:00,27.89,78.85,67.05,78.88,32.46,32.67,31.22,67.16,350.22,False
2022-12-07 03:00:00,0.0,73.61,67.2,79.06,33.18,33.45,31.67,63.74,350.49,False
2022-12-07 04:00:00,0.0,69.46,67.24,79.11,32.78,32.94,31.34,63.51,350.29,False
2022-12-07 05:00:00,0.0,64.93,67.21,79.07,33.35,32.4,34.64,66.11,352.29,False
2022-12-07 06:00:00,0.0,61.2,67.16,79.01,33.48,33.51,34.05,62.73,351.93,False
2022-12-07 07:00:00,0.0,57.76,67.2,79.06,32.9,33.45,33.28,65.4,351.47,False
2022-12-07 08:00:00,29.25,107.16,68.09,80.11,32.31,31.49,31.95,69.17,350.66,False
2022-12-07 09:00:00,0.0,100.17,68.77,80.9,31.59,31.36,31.61,65.9,350.46,False
2022-12-07 10:00:00,0.0,94.49,69.42,81.67,31.12,29.81,30.42,71.96,349.74,False
2022-12-07 11:00:00,0.0,88.95,69.85,82.18,30.65,29.99,30.42,75.45,349.74,False
2022-12-07 12:00:00,0.0,83.85,70.2,82.59,29.33,29.64,28.66,76.28,348.67,False
2022-12-07 13:00:00,0.0,79.37,70.59,83.04,29.53,29.25,26.86,84.33,347.58,False
2022-12-07 14:00:00,0.0,74.85,70.85,83.35,28.6,29.8,25.97,84.42,347.04,False
2022-12-07 15:00:00,0.0,70.0,71.07,83.61,28.72,28.39,25.99,87.13,347.05,False
2022-12-07 16:00:00,5.14,75.25,71.33,83.92,28.48,28.58,25.56,94.35,346.79,False
2022-12-07 17:00:00,0.0,70.28,71.47,84.08,28.76,28.83,25.07,92.57,346.49,False
2022-12-07 18:00:00,0.0,66.05,71.55,84.18,28.35,27.92,24.45,93.85,346.12,False
2022-12-07 19:00:00,0.0,61.93,71.61,84.25,28.32,28.04,24.0,94.23,345.85,False
2022-12-07 20:00:00,0.0,58.22,71.6,84.24,28.8,28.85,22.66,88.82,345.03,False
2022-12-07 21:00:00,0.0,54.27,71.43,84.04,28.92,29.11,25.5,90.4,346.75,False
2022-12-07 22:00:00,0.0,50.6,71.26,83.84,28.85,28.56,26.25,84.0,347.21,False
2022-12-07 23:00:00,0.0,47.43,70.93,83.45,29.37,29.41,27.42,80.53,347.92,False
2022-12-08 00:00:00,0.0,44.52,70.65,83.11,29.61,29.98,28.53,77.46,348.59,False
2022-12-08 01:00:00,0.0,41.72,70.27,82.67,30.52,29.57,28.87,73.13,348.79,False
2022-12-08 02:00:00,0.0,39.65,69.69,81.98,30.23,30.63,31.08,72.64,350.14,False
2022-12-08 03:00:00,0.0,37.4,69.49,81.75,30.21,30.34,32.06,68.63,350.73,False
2022-12-08 04:00:00,0.0,35.27,69.01,81.19,31.07,30.45,32.81,64.89,351.18,False
2022-12-08 05:00:00,0.0,33.04,68.49,80.57,31.13,31.51,33.41,65.83,351.55,False
2022-12-08 06:00:00,0.0,30.64,68.13,80.15,31.72,31.77,33.36,63.45,351.52,False
2022-12-08 07:00:00,0.0,28.8,67.51,79.43,32.67,32.12,32.6,63.82,351.06,False
2022-12-08 08:00:00,0.0,27.62,66.86,78.66,32.94,33.01,32.35,65.97,350.91,False
2022-12-08 09:00:00,0.29,26.54,66.28,77.98,33.62,33.62,31.74,69.03,350.53,False
2022-12-08 10:00:00,0.0,25.28,66.23,77.91,33.66,45.89,30.81,71.78,349.97,True
2022-12-08 11:00:00,0.0,24.14,66.14,77.81,33.69,34.28,30.26,73.65,349.64,False
2022-12-08 12:00:00,0.0,22.86,66.0,77.65,33.56,34.41,28.89,79.69,348.81,False
2022-12-08 13:00:00,12.54,44.12,66.29,77.98,34.12,33.68,28.58,81.18,348.62,False
2022-12-08 14:00:00,0.0,41.18,66.66,78.43,33.89,33.12,27.57,83.69,348.01,False
2022-12-08 15:00:00,8.93,54.73,66.45,78.17,33.93,34.09,25.37,84.96,346.67,False
2022-12-08 16:00:00,0.0,51.34,66.37,78.08,34.01,33.59,22.3,92.09,344.81,False
2022-12-08 17:00:00,0.0,48.36,66.3,78.0,33.54,33.46,24.9,91.55,346.39,False
2022-12-08 18:00:00,0.0,45.03,66.56,78.3,33.51,33.51,23.68,92.42,345.65,False
2022-12-08 19:00:00,0.0,42.17,66.29,77.99,33.4,32.98,23.67,93.61,345.65,False
2022-12-08 20:00:00,0.0,39.76,66.5,78.24,33.44,33.31,24.36,89.17,346.06,False
2022-12-08 21:00:00,0.0,37.16,65.99,77.63,34.0,33.8,25.05,85.15,346.48,False
2022-12-08 22:00:00,0.0,34.66,66.22,77.91,33.23,33.46,26.62,85.14,347.43,False
2022-12-08 23:00:00,0.0,32.34,66.32,78.03,33.73,33.83,26.4,82.24,347.3,False
2022-12-09 00:00:00,0.0,30.32,65.79,77.4,34.0,34.65,27.85,77.47,348.18,False
2022-12-09 01:00:00,0.65,28.96,65.71,77.3,34.4,34.97,29.87,77.32,349.4,False
2022-12-09 02:00:00,0.0,27.0,65.76,77.36,34.15,34.04,31.12,66.03,350.16,False
2022-12-09 03:00:00,0.0,25.67,65.76,77.36,34.38,34.13,32.07,70.34,350.73,False
2022-12-09 04:00:00,0.0,24.22,65.77,77.38,34.51,33.96,31.92,67.46,350.65,False
2022-12-09 05:00:00,0.0,22.9,65.76,77.36,33.74,34.46,32.26,65.39,350.85,False
2022-12-09 06:00:00,0.0,20.97,65.6,77.18,34.27,33.65,32.7,57.33,351.11,False
2022-12-09 07:00:00,0.0,19.59,65.21,76.72,34.53,34.63,32.99,67.04,351.29,False
2022-12-09 08:00:00,0.32,18.96,65.08,76.57,35.39,35.04,33.29,63.82,351.47,False
2022-12-09 09:00:00,0.0,17.97,64.93,76.38,35.75,34.82,30.45,67.09,349.75,False
2022-12-09 10:00:00,0.0,17.22,64.79,76.22,35.23,35.04,30.62,70.66,349.85,False
2022-12-09 11:00:00,0.0,16.47,64.74,76.17,35.42,35.65,28.87,75.19,348.79,False
2022-12-09 12:00:00,36.08,80.25,65.64,77.22,33.77,34.34,27.51,79.28,347.97,False
2022-12-09 13:00:00,0.0,75.27,66.51,78.24,33.62,33.97,27.92,83.41,348.22,False
2022-12-09 14:00:00,0.0,71.17,66.72,78.5,33.17,33.93,26.58,86.63,347.41,False
2022-12-09 15:00:00,0.0,66.79,66.72,78.5,33.82,33.49,25.59,88.41,346.81,False
2022-12-09 16:00:00,0.0,62.46,66.66,78.43,33.25,33.22,25.16,90.96,346.54,False
2022-12-09 17:00:00,0.0,58.65,66.73,78.51,32.94,33.9,23.87,89.34,345.76,False
2022-12-09 18:00:00,0.0,55.54,66.59,78.34,32.87,32.4,23.74,90.5,345.69,False
2022-12-09 19:00:00,0.0,51.93,66.48,78.22,33.59,32.9,25.46,93.31,346.73,False
2022-12-09 20:00:00,0.0,48.69,66.21,77.9,33.57,34.1,24.45,91.8,346.12,False
2022-12-09 21:00:00,0.0,45.51,66.59,78.34,33.9,34.4,25.76,89.35,346.91,False
2022-12-09 22:00:00,0.0,43.07,66.33,78.03,33.92,33.94,26.25,83.97,347.21,False
2022-12-09 23:00:00,0.0,40.57,65.98,77.62,33.98,34.09,26.23,83.44,347.19,False
2022-12-10 00:00:00,0.0,38.41,66.23,77.92,34.02,33.58,27.27,75.68,347.83,False
2022-12-10 01:00:00,0.0,36.58,66.42,78.15,34.27,33.8,29.32,76.53,349.07,False
2022-12-10 02:00:00,0.0,33.93,65.93,77.57,33.6,34.53,31.38,70.48,350.32,False
2022-12-10 03:00:00,0.0,31.66,66.02,77.67,33.73,34.28,32.15,71.47,350.79,False
2022-12-10 04:00:00,0.0,29.63,66.13,77.8,34.65,33.9,32.95,62.83,351.27,False
2022-12-10 05:00:00,0.0,27.88,66.24,77.93,33.46,34.17,32.25,68.0,350.85,False
2022-12-10 06:00:00,0.0,26.36,66.23,77.92,34.03,33.89,33.97,63.28,351.89,False
2022-12-10 07:00:00,0.0,24.63,66.34,78.05,34.13,33.86,32.27,63.72,350.85,False
2022-12-10 08:00:00,0.0,22.94,65.67,77.26,34.33,34.72,32.52,66.27,351.01,False
2022-12-10 09:00:00,0.0,21.85,65.47,77.02,34.81,34.16,31.68,66.71,350.5,False
2022-12-10 10:00:00,0.0,20.71,65.26,76.77,34.62,34.73,30.65,70.86,349.87,False
2022-12-10 11:00:00,0.0,19.56,65.14,76.64,35.58,34.9,30.47,72.9,349.76,False
2022-12-10 12:00:00,0.0,17.74,65.0,76.47,34.82,34.52,28.08,76.6,348.31,False
2022-12-10 13:00:00,0.0,17.04,64.85,76.3,34.76,34.71,26.53,82.6,347.37,False
2022-12-10 14:00:00,0.0,16.07,64.63,76.03,35.73,35.12,26.26,83.2,347.21,False
2022-12-10 15:00:00,0.0,15.06,64.62,76.02,35.67,35.8,25.08,86.36,346.5,False
2022-12-10 16:00:00,26.11,60.9,65.31,76.84,34.75,34.61,26.63,87.38,347.44,False
2022-12-10 17:00:00,0.0,57.06,65.73,77.33,34.28,34.32,24.56,90.52,346.18,False
2022-12-10 18:00:00,0.0,53.37,66.17,77.85,33.63,33.95,23.75,94.62,345.7,False
2022-12-10 19:00:00,0.0,49.56,66.56,78.31,33.14,33.69,23.52,89.83,345.55,False
2022-12-10 20:00:00,36.62,112.26,67.49,79.4,32.27,32.71,23.47,88.66,345.53,False
2022-12-10 21:00:00,14.25,130.7,68.55,80.64,31.58,31.48,24.7,88.29,346.27,False
2022-12-10 22:00:00,0.0,122.84,69.46,81.71,30.46,30.49,26.32,84.26,347.25,False
2022-12-10 23:00:00,31.13,171.15,71.21,83.78,28.19,29.23,28.19,86.08,348.38,False
2022-12-11 00:00:00,27.5,210.61,73.84,86.87,25.99,25.96,29.17,77.67,348.98,False
2022-12-11 01:00:00,0.0,197.47,75.44,88.75,24.47,25.1,29.8,75.05,349.36,False
2022-12-11 02:00:00,0.0,185.98,76.97,90.55,23.24,22.81,30.56,72.89,349.82,False
2022-12-11 03:00:00,0.0,175.08,78.29,92.11,21.83,21.6,31.84,69.95,350.6,False
2022-12-11 04:00:00,0.0,164.25,79.37,93.38,21.33,20.91,32.09,66.34,350.74,False
2022-12-11 05:00:00,0.0,154.37,80.37,94.56,19.24,20.57,33.88,64.15,351.83,False
2022-12-11 06:00:00,0.0,144.85,81.05,95.35,19.17,18.18,32.89,68.05,351.23,False
2022-12-11 07:00:00,0.0,136.33,81.64,96.05,18.61,18.7,32.79,64.28,351.17,False
2022-12-11 08:00:00,20.84,166.2,82.6,97.17,17.52,17.59,31.07,64.99,350.13,False
2022-12-11 09:00:00,0.0,156.58,83.57,98.32,16.31,16.25,31.56,66.81,350.43,False
2022-12-11 10:00:00,0.0,146.98,84.32,99.2,15.41,15.82,31.25,67.55,350.24,False
2022-12-11 11:00:00,0.0,138.19,85.0,100.0,14.98,14.52,29.02,76.02,348.89,False
2022-12-11 12:00:00,0.0,130.36,85.0,100.0,14.28,14.68,28.05,73.3,348.3,False
2022-12-11 13:00:00,0.0,122.69,85.0,100.0,14.63,15.17,27.81,81.61,348.15,False
2022-12-11 14:00:00,0.0,115.64,85.0,100.0,14.61,14.6,25.36,84.59,346.67,False
2022-12-11 15:00:00,0.0,108.89,85.0,100.0,15.2,15.06,25.95,92.38,347.03,False
2022-12-11 16:00:00,0.0,102.38,85.0,100.0,15.25,14.73,24.28,86.46,346.02,False
2022-12-11 17:00:00,0.0,96.22,84.97,99.96,14.6,14.85,23.92,89.72,345.8,False
2022-12-11 18:00:00,0.0,90.08,84.87,99.84,14.61,15.56,23.33,91.73,345.44,False
2022-12-11 19:00:00,0.0,84.45,84.82,99.79,14.59,14.71,24.38,91.13,346.07,False
2022-12-11 20:00:00,0.0,79.11,84.52,99.43,15.88,15.47,26.08,89.03,347.1,False
2022-12-11 21:00:00,0.0,74.26,84.07,98.91,16.29,16.12,25.79,87.74,346.93,False
2022-12-11 22:00:00,0.0,69.83,83.54,98.28,99.0,16.56,25.73,82.48,346.89,True
2022-12-11 23:00:00,0.0,65.61,82.99,97.63,17.62,16.78,28.02,82.34,348.28,False
2022-12-12 00:00:00,0.0,61.74,82.38,96.92,18.33,17.76,28.31,73.36,348.46,False
2022-12-12 01:00:00,0.0,58.23,81.72,96.14,17.88,17.87,30.49,74.32,349.78,False
2022-12-12 02:00:00,0.0,54.61,80.86,95.13,3.98,18.94,31.23,69.8,350.23,True
2022-12-12 03:00:00,0.0,51.56,79.9,94.0,20.41,20.74,29.92,70.13,349.43,False
2022-12-12 04:00:00,0.0,48.81,79.0,92.94,19.9,21.26,31.79,69.39,350.57,False
2022-12-12 05:00:00,0.0,46.0,78.13,91.92,21.77,21.87,33.41,63.81,351.55,False
2022-12-12 06:00:00,0.0,43.08,77.21,90.84,23.17,22.97,33.09,66.78,351.35,False
2022-12-12 07:00:00,0.0,40.78,76.29,89.75,23.57,23.39,32.23,63.84,350.83,False
2022-12-12 08:00:00,0.0,38.48,75.32,88.61,24.98,24.8,32.02,63.94,350.7,False
2022-12-12 09:00:00,0.0,36.35,74.24,87.35,24.96,25.58,30.54,71.59,349.81,False
2022-12-12 10:00:00,0.0,34.63,73.1,86.0,27.01,26.67,30.7,72.04,349.9,False
2022-12-12 11:00:00,0.0,32.77,72.05,84.76,47.77,27.9,30.99,74.39,350.08,True
2022-12-12 12:00:00,0.0,31.27,71.59,84.22,28.32,28.17,28.98,79.37,348.86,False
2022-12-12 13:00:00,0.0,29.35,70.99,83.52,28.63,29.07,28.65,82.17,348.66,False
2022-12-12 14:00:00,0.0,27.46,70.5,82.94,30.14,29.67,26.78,84.86,347.53,False
2022-12-12 15:00:00,0.0,26.16,70.01,82.36,30.02,29.88,25.93,85.25,347.02,False
2022-12-12 16:00:00,11.64,45.25,69.83,82.15,30.23,29.03,25.79,89.58,346.93,False
2022-12-12 17:00:00,0.0,43.1,69.62,81.91,31.2,30.03,24.38,92.77,346.07,False
2022-12-12 18:00:00,0.0,40.91,69.24,81.46,30.39,30.32,23.89,91.75,345.78,False
2022-12-12 19:00:00,30.39,93.18,69.86,82.19,30.19,30.28,24.77,93.33,346.31,False
2022-12-12 20:00:00,0.0,87.95,70.32,82.73,29.41,29.39,25.48,90.89,346.74,False
2022-12-12 21:00:00,0.0,82.87,70.86,83.37,28.85,28.94,25.03,86.14,346.47,False
2022-12-12 22:00:00,0.0,77.51,71.23,83.79,28.9,29.11,25.82,82.36,346.95,False
2022-12-12 23:00:00,0.0,72.62,71.47,84.08,28.42,28.22,27.42,81.31,347.92,False
2022-12-13 00:00:00,5.38,78.02,71.91,84.6,28.88,28.17,29.0,76.95,348.87,False
2022-12-13 01:00:00,4.73,81.9,72.23,84.98,28.48,27.52,30.14,75.05,349.57,False
2022-12-13 02:00:00,0.0,77.38,72.57,85.37,27.37,27.25,29.9,69.56,349.42,False
2022-12-13 03:00:00,77.88,213.01,74.65,87.83,24.73,24.88,32.83,66.87,351.19,False
2022-12-13 04:00:00,0.0,199.84,76.41,89.89,23.47,23.38,32.01,67.98,350.7,False
2022-12-13 05:00:00,0.0,187.69,77.91,91.66,22.51,22.29,32.69,64.77,351.11,False
2022-12-13 06:00:00,0.0,176.65,79.19,93.17,20.45,20.42,32.46,62.59,350.97,False
2022-12-13 07:00:00,0.0,165.51,80.23,94.39,20.41,19.48,34.47,64.51,352.19,False
2022-12-13 08:00:00,16.39,184.65,81.65,96.06,18.58,19.23,32.54,68.63,351.02,False
2022-12-13 09:00:00,0.0,173.46,82.83,97.45,16.7,17.27,31.17,68.69,350.19,False
2022-12-13 10:00:00,0.0,163.33,83.9,98.7,15.84,16.24,31.27,72.19,350.25,False
2022-12-13 11:00:00,0.0,153.46,84.81,99.77,14.99,14.94,30.13,72.87,349.56,False
2022-12-13 12:00:00,0.0,144.39,85.0,100.0,14.68,15.42,28.39,80.05,348.5,False
2022-12-13 13:00:00,0.0,135.73,85.0,100.0,14.54,15.48,27.84,86.26,348.17,False
2022-12-13 14:00:00,0.0,127.54,85.0,100.0,14.77,14.76,25.75,83.42,346.91,False
2022-12-13 15:00:00,0.0,119.7,85.0,100.0,14.85,15.43,25.02,85.54,346.46,False
2022-12-13 16:00:00,0.0,112.77,85.0,100.0,15.52,15.54,23.4,90.48,345.48,False
2022-12-13 17:00:00,0.0,105.62,85.0,100.0,15.18,14.17,23.36,93.27,345.46,False
2022-12-13 18:00:00,0.0,99.22,85.0,100.0,15.2,15.34,25.08,91.82,346.5,False
2022-12-13 19:00:00,0.0,93.61,84.9,99.88,15.24,14.8,25.14,89.42,346.53,False
2022-12-13 20:00:00,0.0,87.76,84.7,99.65,14.98,15.83,24.64,89.91,346.23,False
2022-12-13 21:00:00,54.45,180.04,85.0,100.0,15.46,14.68,26.32,89.1,347.25,False
2022-12-13 22:00:00,0.0,168.6,85.0,100.0,14.83,15.24,26.15,84.19,347.15,False
2022-12-13 23:00:00,18.15,191.36,85.0,100.0,14.87,14.3,27.19,82.84,347.78,False
2022-12-14 00:00:00,0.0,180.1,85.0,100.0,15.15,15.45,28.53,80.33,348.59,False
2022-12-14 01:00:00,0.0,169.19,85.0,100.0,16.0,15.03,29.59,74.86,349.23,False
2022-12-14 02:00:00,0.97,160.41,85.0,100.0,14.77,15.52,30.62,70.94,349.86,False
2022-12-14 03:00:00,0.0,150.74,85.0,100.0,14.35,14.71,32.37,69.76,350.92,False
2022-12-14 04:00:00,0.0,142.05,85.0,100.0,15.12,15.09,32.49,64.16,350.99,False
2022-12-14 05:00:00,0.0,133.14,85.0,100.0,15.27,15.61,33.27,62.57,351.46,False
2022-12-14 06:00:00,0.0,125.47,85.0,100.0,14.83,14.99,33.62,63.47,351.67,False
2022-12-14 07:00:00,0.0,117.44,85.0,100.0,14.76,15.17,33.08,63.49,351.35,False
2022-12-14 08:00:00,0.0,110.05,85.0,100.0,14.49,15.28,31.81,64.27,350.58,False
2022-12-14 09:00:00,0.0,103.48,85.0,100.0,15.13,14.38,30.87,71.76,350.01,False
2022-12-14 10:00:00,0.0,97.55,84.87,99.85,15.91,14.92,30.84,75.34,349.99,False
2022-12-14 11:00:00,0.0,92.14,84.86,99.84,15.82,15.59,29.56,73.67,349.21,False
2022-12-14 12:00:00,0.0,86.91,84.6,99.53,15.52,14.58,28.55,78.18,348.6,False
2022-12-14 13:00:00,0.0,82.16,84.27,99.15,15.56,16.17,27.33,81.25,347.86,False
2022-12-14 14:00:00,0.0,77.29,83.82,98.61,16.33,15.95,27.8,87.21,348.15,False
2022-12-14 15:00:00,0.0,72.46,83.53,98.27,16.34,17.29,24.52,90.51,346.16,False
2022-12-14 16:00:00,4.46,76.5,83.26,97.95,16.48,16.91,23.41,86.57,345.49,False
2022-12-14 17:00:00,0.0,72.32,82.93,97.56,17.14,16.75,24.35,92.47,346.06,False
2022-12-14 18:00:00,0.0,68.26,82.51,97.07,18.01,17.89,23.77,89.39,345.71,False
2022-12-14 19:00:00,0.0,64.35,81.99,96.46,17.93,18.58,24.34,95.04,346.05,False
2022-12-14 20:00:00,0.0,60.91,81.34,95.7,18.58,18.9,24.95,91.0,346.42,False
2022-12-14 21:00:00,0.0,57.35,80.68,94.91,19.22,19.15,26.09,86.25,347.11,False
2022-12-14 22:00:00,5.34,63.52,80.05,94.18,20.26,20.52,25.35,84.52,346.66,False
2022-12-14 23:00:00,0.0,59.93,79.34,93.35,21.0,20.28,27.0,81.05,347.66,False
2022-12-15 00:00:00,31.32,112.84,79.53,93.57,20.04,20.9,28.76,79.05,348.73,False
2022-12-15 01:00:00,0.0,106.34,79.85,93.95,20.08,19.18,30.13,76.46,349.56,False
2022-12-15 02:00:00,0.0,99.92,79.85,93.94,20.59,20.2,32.07,68.7,350.73,False
2022-12-15 03:00:00,7.84,108.31,80.09,94.23,19.77,19.68,32.26,71.78,350.85,False
2022-12-15 04:00:00,24.97,147.02,81.07,95.38,19.49,18.38,32.36,69.09,350.91,False
2022-12-15 05:00:00,29.04,190.54,82.67,97.26,17.61,17.85,32.31,62.73,350.88,False
2022-12-15 06:00:00,0.0,178.88,83.95,98.76,16.76,15.19,32.66,64.15,351.09,False
2022-12-15 07:00:00,0.0,168.52,85.0,100.0,14.88,15.55,32.49,67.9,350.99,False
2022-12-15 08:00:00,0.0,158.05,85.0,100.0,15.28,14.39,32.79,68.34,351.17,False
2022-12-15 09:00:00,0.0,148.28,85.0,100.0,15.29,15.42,31.84,67.43,350.59,False
2022-12-15 10:00:00,0.0,139.43,85.0,100.0,15.43,14.69,29.96,72.63,349.45,False
2022-12-15 11:00:00,0.5,131.21,85.0,100.0,15.14,14.22,29.4,80.37,349.12,False
2022-12-15 12:00:00,2.1,127.57,85.0,100.0,15.45,14.82,29.03,78.21,348.89,False
2022-12-15 13:00:00,0.0,119.92,85.0,100.0,14.75,15.23,27.55,80.36,347.99,False
2022-12-15 14:00:00,7.13,126.02,85.0,100.0,14.98,14.64,26.59,85.34,347.41,False
2022-12-15 15:00:00,0.0,119.0,85.0,100.0,14.4,15.1,25.55,88.39,346.78,False
2022-12-15 16:00:00,0.0,111.81,85.0,100.0,14.89,15.28,25.58,89.08,346.8,False
2022-12-15 17:00:00,0.0,105.51,85.0,100.0,14.66,15.6,24.29,92.41,346.02,False
2022-12-15 18:00:00,0.0,98.86,85.0,100.0,15.13,15.03,23.77,89.49,345.7,False
2022-12-15 19:00:00,0.0,93.06,84.82,99.79,15.58,15.65,23.6,90.19,345.6,False
2022-12-15 20:00:00,0.0,87.33,84.58,99.51,15.64,15.76,24.75,91.64,346.3,False
2022-12-15 21:00:00,0.0,82.3,84.32,99.2,15.99,15.65,23.85,84.39,345.76,False
2022-12-15 22:00:00,0.0,77.63,84.0,98.82,16.04,16.46,26.14,86.81,347.14,False
2022-12-15 23:00:00,0.0,72.92,83.66,98.43,16.28,16.69,27.21,77.6,347.79,False
2022-12-16 00:00:00,0.0,68.71,83.07,97.73,16.46,16.87,27.68,74.54,348.07,False
2022-12-16 01:00:00,0.0,64.87,82.41,96.95,16.82,17.88,29.11,73.38,348.94,False
2022-12-16 02:00:00,0.0,61.04,81.89,96.34,17.51,18.22,31.24,71.57,350.23,False
2022-12-16 03:00:00,0.0,58.13,81.35,95.71,18.38,18.87,31.82,70.75,350.58,False
2022-12-16 04:00:00,0.0,54.61,80.54,94.75,19.82,20.21,32.46,65.99,350.97,False
2022-12-16 05:00:00,0.0,51.83,79.7,93.76,19.81,19.98,33.03,63.98,351.32,False
2022-12-16 06:00:00,0.0,49.06,78.92,92.84,20.75,21.18,33.06,65.16,351.33,False
2022-12-16 07:00:00,0.0,45.56,78.04,91.81,21.77,21.97,33.59,62.74,351.66,False
2022-12-16 08:00:00,0.0,43.27,77.13,90.74,23.39,23.19,32.47,66.15,350.98,False
2022-12-16 09:00:00,0.0,41.0,76.11,89.54,23.88,23.71,30.81,65.7,349.97,False
2022-12-16 10:00:00,0.0,38.57,75.17,88.43,24.89,24.61,31.73,71.17,350.53,False
2022-12-16 11:00:00,0.0,36.37,74.11,87.19,26.05,25.86,29.89,74.12,349.41,False
2022-12-16 12:00:00,0.0,34.33,73.03,85.91,27.53,27.16,28.15,76.39,348.36,False
2022-12-16 13:00:00,0.0,32.69,71.84,84.52,28.19,27.98,26.58,81.95,347.41,False
2022-12-16 14:00:00,31.89,88.0,72.37,85.14,26.92,26.57,26.49,85.32,347.35,False
2022-12-16 15:00:00,0.0,83.2,72.09,84.81,27.96,27.53,25.25,90.25,346.6,False
2022-12-16 16:00:00,0.0,77.88,72.38,85.16,28.19,28.18,25.55,86.91,346.78,False
2022-12-16 17:00:00,0.0,72.68,72.05,84.76,28.21,28.57,23.95,91.37,345.81,False
2022-12-16 18:00:00,0.0,68.5,72.11,84.83,27.98,27.7,23.5,90.48,345.54,False
2022-12-16 19:00:00,0.0,64.76,72.18,84.92,27.96,28.54,24.69,93.26,346.26,False
2022-12-16 20:00:00,0.0,60.82,72.07,84.79,27.2,27.8,25.16,91.63,346.55,False
2022-12-16 21:00:00,0.0,56.5,71.97,84.67,27.24,27.42,25.42,88.92,346.7,False
2022-12-16 22:00:00,0.0,52.66,71.95,84.65,28.41,27.93,26.66,83.59,347.45,False
2022-12-16 23:00:00,0.0,49.63,71.65,84.3,28.86,28.64,27.31,83.39,347.85,False
2022-12-17 00:00:00,0.0,46.65,71.45,84.06,28.3,28.33,28.64,74.94,348.66,False
2022-12-17 01:00:00,17.34,75.44,71.83,84.51,28.24,28.41,30.36,70.91,349.7,False
2022-12-17 02:00:00,0.0,70.94,72.06,84.78,28.19,28.05,31.13,68.45,350.16,False
2022-12-17 03:00:00,0.0,66.46,72.12,84.85,28.54,27.76,31.58,68.03,350.44,False
2022-12-17 04:00:00,0.0,62.57,72.08,84.79,27.89,28.24,33.21,67.23,351.42,False
2022-12-17 05:00:00,0.0,59.12,71.91,84.6,28.39,28.59,31.43,58.52,350.35,False
2022-12-17 06:00:00,0.0,55.98,71.96,84.66,28.83,28.11,34.23,66.65,352.04,False
2022-12-17 07:00:00,56.74,154.72,73.51,86.48,26.38,26.73,31.82,64.74,350.58,False
2022-12-17 08:00:00,0.0,145.45,74.15,87.23,25.88,25.27,32.02,62.74,350.7,False
2022-12-17 09:00:00,0.0,136.96,74.71,87.89,24.85,25.85,31.66,68.3,350.48,False
2022-12-17 10:00:00,24.78,173.12,75.87,89.26,23.71,23.92,30.66,73.19,349.88,False
2022-12-17 11:00:00,0.0,162.95,76.91,90.48,23.44,22.75,30.27,75.58,349.64,False
2022-12-17 12:00:00,0.0,153.11,78.01,91.77,22.47,22.35,27.87,80.2,348.19,False
2022-12-17 13:00:00,21.98,183.47,79.5,93.53,20.97,20.35,27.49,78.89,347.96,False
2022-12-17 14:00:00,0.0,172.46,80.77,95.03,18.81,18.95,25.9,84.17,347.0,False
2022-12-17 15:00:00,0.0,162.15,81.93,96.39,17.99,17.95,25.5,86.05,346.75,False
2022-12-17 16:00:00,0.0,153.0,82.99,97.63,17.2,16.53,24.56,93.56,346.19,False
2022-12-17 17:00:00,0.0,143.67,83.78,98.57,15.3,15.93,24.21,92.8,345.97,False
2022-12-17 18:00:00,15.39,162.64,84.97,99.97,99.0,15.44,23.67,97.69,345.64,True
2022-12-17 19:00:00,0.0,153.31,85.0,100.0,15.75,15.47,23.85,90.59,345.75,False
2022-12-17 20:00:00,9.79,161.86,85.0,100.0,15.45,15.03,24.78,88.68,346.31,False
2022-12-17 21:00:00,0.0,152.38,85.0,100.0,14.04,14.73,25.88,87.61,346.99,False
2022-12-17 22:00:00,0.0,142.93,85.0,100.0,15.16,15.17,25.89,87.76,346.99,False
2022-12-17 23:00:00,0.0,134.43,85.0,100.0,15.09,14.24,26.81,80.89,347.55,False
2022-12-18 00:00:00,0.0,126.6,85.0,100.0,15.11,15.47,28.87,78.25,348.79,False
2022-12-18 01:00:00,0.0,118.81,85.0,100.0,15.04,14.97,29.65,74.57,349.26,False
2022-12-18 02:00:00,0.0,111.87,85.0,100.0,14.87,14.59,31.25,71.08,350.24,False
2022-12-18 03:00:00,0.0,105.09,85.0,100.0,14.07,15.59,31.14,66.8,350.17,False
2022-12-18 04:00:00,0.0,98.59,85.0,100.0,15.12,15.02,31.33,65.6,350.29,False
2022-12-18 05:00:00,0.0,92.98,85.0,100.0,15.25,14.83,32.53,64.12,351.01,False
2022-12-18 06:00:00,0.0,87.74,84.83,99.8,14.95,27.99,32.54,63.98,351.02,True
2022-12-18 07:00:00,0.0,82.52,84.61,99.54,15.9,15.18,32.8,66.36,351.18,False
2022-12-18 08:00:00,0.0,77.7,84.18,99.04,15.16,16.12,32.02,69.4,350.7,False
2022-12-18 09:00:00,0.0,73.44,83.77,98.55,15.54,16.51,32.13,66.42,350.77,False
2022-12-18 10:00:00,0.0,68.91,83.36,98.06,16.68,16.31,30.58,70.22,349.83,False
2022-12-18 11:00:00,0.0,64.88,82.77,97.38,99.0,17.17,29.75,72.73,349.33,True
2022-12-18 12:00:00,0.0,60.87,82.27,96.79,18.12,17.63,28.59,78.37,348.63,False
2022-12-18 13:00:00,0.0,56.92,81.43,95.81,18.39,17.86,27.45,80.55,347.94,False
2022-12-18 14:00:00,0.0,53.38,80.66,94.89,19.89,18.56,26.24,85.48,347.2,False
2022-12-18 15:00:00,0.0,49.84,79.7,93.76,20.02,19.43,25.62,90.11,346.83,False
2022-12-18 16:00:00,0.0,46.98,78.86,92.78,21.19,20.96,24.13,85.07,345.92,False
2022-12-18 17:00:00,0.0,43.93,77.94,91.69,21.27,21.66,24.99,92.51,346.45,False
2022-12-18 18:00:00,13.55,65.26,77.37,91.03,22.61,22.26,23.86,91.08,345.76,False
2022-12-18 19:00:00,0.0,61.57,76.82,90.37,23.21,40.26,23.37,92.44,345.46,True
2022-12-18 20:00:00,0.0,58.08,76.12,89.56,24.36,23.88,24.72,88.33,346.28,False
2022-12-18 21:00:00,0.0,54.49,75.62,88.96,23.78,36.26,24.81,90.29,346.33,True
2022-12-18 22:00:00,0.0,51.44,74.9,88.11,24.99,24.82,26.65,86.83,347.45,False
2022-12-18 23:00:00,0.0,48.11,74.06,87.13,26.52,26.71,28.66,82.76,348.67,False
2022-12-19 00:00:00,0.0,45.11,73.12,86.02,27.51,26.8,28.03,79.59,348.29,False
2022-12-19 01:00:00,0.0,42.52,72.12,84.84,27.55,28.28,29.86,72.89,349.4,False
2022-12-19 02:00:00,27.57,89.9,72.65,85.47,27.08,26.86,29.7,69.76,349.3,False
2022-12-19 03:00:00,0.0,84.4,72.37,85.14,26.95,28.16,31.95,69.61,350.66,False
2022-12-19 04:00:00,0.0,79.15,72.13,84.86,27.02,27.65,31.87,64.34,350.61,False
2022-12-19 05:00:00,0.0,74.7,72.37,85.14,27.47,28.75,32.47,67.37,350.98,False
2022-12-19 06:00:00,0.0,70.4,71.9,84.58,27.84,27.58,32.34,63.35,350.9,False
2022-12-19 07:00:00,3.96,73.35,72.13,84.86,28.7,27.44,33.29,65.48,351.47,False
2022-12-19 08:00:00,0.0,69.31,72.27,85.03,27.87,27.65,33.0,70.07,351.3,False
2022-12-19 09:00:00,0.0,65.73,71.75,84.41,99.0,28.11,31.7,66.69,350.51,True
2022-12-19 10:00:00,0.0,61.9,71.95,84.64,28.32,27.58,30.23,71.14,349.62,False
2022-12-19 11:00:00,0.0,58.01,71.96,84.65,28.45,28.63,30.62,76.48,349.85,False
2022-12-19 12:00:00,0.0,54.67,71.9,84.59,28.58,28.65,28.05,79.9,348.3,False
2022-12-19 13:00:00,11.16,71.24,72.15,84.88,27.95,27.71,26.04,80.97,347.08,False
2022-12-19 14:00:00,44.47,147.39,73.6,86.59,26.39,26.8,26.53,83.97,347.37,False
2022-12-19 15:00:00,22.93,179.61,74.88,88.09,25.19,25.69,24.66,87.43,346.24,False
2022-12-19 16:00:00,0.0,168.78,75.81,89.19,24.17,24.19,25.2,93.02,346.57,False
2022-12-19 17:00:00,0.0,158.4,76.64,90.17,23.14,23.09,23.92,90.96,345.8,False
2022-12-19 18:00:00,0.0,148.95,77.55,91.23,22.87,22.97,24.36,92.16,346.06,False
2022-12-19 19:00:00,23.26,181.95,78.97,92.9,5.95,21.48,24.99,90.67,346.45,True
2022-12-19 20:00:00,0.0,171.25,80.17,94.32,19.42,19.33,23.88,91.54,345.77,False
2022-12-19 21:00:00,0.0,161.01,81.4,95.77,18.61,19.16,24.98,88.21,346.44,False
2022-12-19 22:00:00,9.14,167.81,82.56,97.13,17.73,17.03,26.2,82.99,347.18,False
2022-12-19 23:00:00,0.0,157.57,83.35,98.06,16.06,16.8,28.26,79.69,348.42,False
2022-12-20 00:00:00,0.0,148.03,84.24,99.11,15.65,15.43,28.1,74.0,348.33,False
2022-12-20 01:00:00,2.46,143.15,85.0,100.0,14.68,15.07,29.31,72.71,349.06,False
2022-12-20 02:00:00,0.0,134.98,85.0,100.0,15.87,15.05,31.04,72.59,350.11,False
2022-12-20 03:00:00,0.0,126.85,85.0,100.0,15.04,15.89,31.34,70.75,350.29,False
2022-12-20 04:00:00,0.0,119.74,85.0,100.0,15.62,14.35,32.49,67.25,350.99,False
2022-12-20 05:00:00,0.0,112.52,85.0,100.0,15.1,14.69,31.92,65.59,350.64,False
2022-12-20 06:00:00,0.0,105.19,85.0,100.0,15.13,14.81,34.33,63.75,352.1,False
2022-12-20 07:00:00,0.0,98.75,85.0,100.0,14.98,15.13,32.04,66.03,350.72,False
2022-12-20 08:00:00,0.0,92.82,85.0,100.0,14.91,14.88,32.2,66.45,350.82,False
2022-12-20 09:00:00,76.24,224.49,85.0,100.0,14.97,14.12,31.66,71.71,350.49,False
2022-12-20 10:00:00,0.0,211.23,85.0,100.0,14.74,15.29,31.9,70.8,350.63,False
2022-12-20 11:00:00,0.0,198.61,85.0,100.0,15.0,15.53,28.87,77.06,348.8,False
2022-12-20 12:00:00,0.0,186.59,85.0,100.0,14.35,15.17,29.69,79.75,349.29,False
2022-12-20 13:00:00,0.0,175.12,85.0,100.0,15.07,14.82,27.79,83.09,348.14,False
2022-12-20 14:00:00,0.0,164.49,85.0,100.0,14.52,15.08,26.5,80.98,347.36,False
2022-12-20 15:00:00,0.0,154.8,85.0,100.0,15.04,14.51,24.73,89.76,346.28,False
2022-12-20 16:00:00,0.0,145.77,85.0,100.0,15.13,15.42,24.95,89.87,346.42,False
2022-12-20 17:00:00,0.0,136.82,85.0,100.0,15.57,15.2,23.72,90.64,345.67,False
2022-12-20 18:00:00,0.0,128.92,85.0,100.0,15.13,14.79,24.76,89.03,346.3,False
2022-12-20 19:00:00,0.0,121.35,85.0,100.0,14.89,15.03,23.57,91.51,345.58,False
2022-12-20 20:00:00,0.69,115.05,85.0,100.0,14.75,15.41,24.53,90.19,346.17,False
2022-12-20 21:00:00,0.0,108.22,85.0,100.0,15.29,15.47,24.98,85.29,346.44,False
2022-12-20 22:00:00,0.0,101.84,85.0,100.0,14.96,33.47,25.66,82.05,346.85,True
2022-12-20 23:00:00,0.0,95.41,85.0,100.0,14.7,15.86,27.78,82.6,348.13,False
2022-12-21 00:00:00,0.0,89.27,84.9,99.88,15.16,15.65,28.82,79.74,348.77,False
2022-12-21 01:00:00,0.0,84.06,84.64,99.57,14.62,15.57,30.39,74.76,349.72,False
2022-12-21 02:00:00,0.0,78.88,84.2,99.05,15.84,15.65,29.68,73.3,349.29,False
2022-12-21 03:00:00,0.0,74.6,83.81,98.61,15.87,16.04,32.32,67.93,350.89,False
2022-12-21 04:00:00,0.0,70.64,83.34,98.05,16.53,16.74,33.9,65.77,351.84,False
2022-12-21 05:00:00,0.0,66.54,82.8,97.41,18.0,17.15,32.58,62.64,351.04,False
2022-12-21 06:00:00,0.0,62.84,82.17,96.67,17.64,18.51,34.14,60.88,351.99,False
2022-12-21 07:00:00,1.71,61.84,81.51,95.9,18.8,18.11,32.69,68.19,351.11,False
2022-12-21 08:00:00,0.0,57.73,80.84,95.1,19.58,19.37,31.57,68.14,350.43,False
2022-12-21 09:00:00,0.0,54.23,80.0,94.12,20.34,19.2,31.5,65.32,350.39,False
2022-12-21 10:00:00,0.0,50.59,79.29,93.28,20.86,20.86,31.38,71.31,350.32,False
2022-12-21 11:00:00,9.26,64.31,78.66,92.54,20.9,21.69,29.16,74.18,348.97,False
2022-12-21 12:00:00,0.0,60.22,78.03,91.8,21.71,22.54,28.14,77.45,348.35,False
2022-12-21 13:00:00,18.62,90.17,77.87,91.61,21.66,21.89,27.69,80.81,348.08,False
2022-12-21 14:00:00,0.0,84.71,77.69,91.4,22.17,22.02,26.25,85.76,347.21,False
2022-12-21 15:00:00,0.0,79.82,77.43,91.09,22.43,22.98,25.67,89.54,346.86,False
2022-12-21 16:00:00,0.0,75.13,77.08,90.69,22.55,23.39,24.75,90.93,346.3,False
2022-12-21 17:00:00,0.0,70.5,76.52,90.03,23.69,23.38,24.44,91.28,346.11,False
2022-12-21 18:00:00,0.0,65.86,75.97,89.37,23.84,23.25,23.74,91.69,345.69,False
2022-12-21 19:00:00,0.0,61.95,75.49,88.81,24.37,24.09,24.29,93.4,346.02,False
2022-12-21 20:00:00,0.0,57.71,74.78,87.98,24.59,25.18,24.05,91.05,345.87,False
2022-12-21 21:00:00,0.0,54.63,74.14,87.22,25.89,25.3,26.09,88.04,347.11,False
2022-12-21 22:00:00,0.0,51.51,73.35,86.3,26.61,26.94,25.87,84.93,346.98,False
2022-12-21 23:00:00,0.0,48.67,72.5,85.29,27.26,27.19,28.01,82.31,348.28,False
2022-12-22 00:00:00,0.0,45.46,71.63,84.27,28.52,28.34,28.36,77.06,348.49,False
2022-12-22 01:00:00,0.0,42.84,71.28,83.86,28.77,29.16,29.79,76.02,349.35,False
2022-12-22 02:00:00,0.0,40.07,71.02,83.55,29.21,29.13,30.45,68.85,349.75,False
2022-12-22 03:00:00,0.0,37.71,70.58,83.04,29.67,30.2,31.07,67.28,350.13,False
2022-12-22 04:00:00,0.0,35.15,70.21,82.6,30.08,30.35,31.35,67.1,350.3,False
2022-12-22 05:00:00,21.52,71.75,70.49,82.93,30.17,29.09,32.21,62.21,350.82,False
2022-12-22 06:00:00,4.55,75.23,70.78,83.27,29.27,29.46,32.81,60.85,351.18,False
2022-12-22 07:00:00,0.0,70.67,70.91,83.43,28.71,29.15,32.97,64.6,351.28,False
2022-12-22 08:00:00,0.0,65.94,71.03,83.56,28.8,29.45,33.0,62.48,351.3,False
2022-12-22 09:00:00,0.0,62.5,71.01,83.54,28.83,29.2,31.41,65.5,350.34,False
2022-12-22 10:00:00,0.0,58.8,70.97,83.5,28.66,28.83,30.22,72.51,349.61,False
2022-12-22 11:00:00,0.0,55.28,70.85,83.36,28.14,29.34,28.8,73.97,348.75,False
2022-12-22 12:00:00,0.0,52.16,70.66,83.13,29.43,29.19,28.79,80.57,348.75,False
2022-12-22 13:00:00,0.0,48.64,70.52,82.97,29.49,29.22,28.17,79.21,348.37,False
2022-12-22 14:00:00,0.0,45.49,70.36,82.78,30.41,29.6,27.01,84.81,347.67,False
2022-12-22 15:00:00,0.0,42.92,70.16,82.54,30.58,29.94,25.74,88.7,346.9,False
2022-12-22 16:00:00,0.0,40.39,69.85,82.18,30.42,30.67,24.99,87.78,346.44,False
2022-12-22 17:00:00,0.0,37.75,69.6,81.88,30.63,30.2,25.17,93.59,346.55,False
2022-12-22 18:00:00,8.17,50.39,69.38,81.63,30.28,29.85,24.2,93.02,345.96,False
2022-12-22 19:00:00,0.0,47.46,69.28,81.5,30.8,30.64,24.54,88.3,346.17,False
2022-12-22 20:00:00,0.0,44.76,69.1,81.29,30.86,31.01,24.41,90.05,346.09,False
2022-12-22 21:00:00,0.0,42.19,68.8,80.94,31.26,31.27,24.5,88.67,346.15,False
2022-12-22 22:00:00,0.0,39.46,68.48,80.56,31.21,31.42,25.84,83.82,346.96,False
2022-12-22 23:00:00,0.0,37.07,68.18,80.21,31.99,32.2,27.33,78.66,347.86,False
2022-12-23 00:00:00,0.0,34.29,67.8,79.77,31.65,32.32,28.54,78.56,348.59,False
2022-12-23 01:00:00,0.0,32.08,67.36,79.25,33.86,32.88,30.82,78.8,349.98,False
2022-12-23 02:00:00,0.0,30.08,66.82,78.62,33.75,32.44,30.8,70.23,349.96,False
2022-12-23 03:00:00,11.49,49.14,66.57,78.32,33.96,33.36,32.39,71.24,350.93,False
2022-12-23 04:00:00,0.0,46.34,66.35,78.06,33.14,33.59,32.14,64.37,350.77,False
2022-12-23 05:00:00,0.0,43.34,65.98,77.62,33.37,34.69,32.66,64.91,351.09,False
2022-12-23 06:00:00,0.0,40.5,66.27,77.97,33.84,33.68,32.2,65.54,350.81,False
2022-12-23 07:00:00,0.0,38.47,66.33,78.04,33.54,33.4,32.4,64.46,350.94,False
2022-12-23 08:00:00,0.0,36.07,65.96,77.6,34.78,33.75,32.71,65.28,351.12,False
2022-12-23 09:00:00,0.0,33.94,66.06,77.72,34.19,34.33,31.69,69.55,350.5,False
2022-12-23 10:00:00,0.0,32.14,66.12,77.79,33.86,33.64,31.32,74.78,350.28,False
2022-12-23 11:00:00,0.0,30.19,66.16,77.84,34.43,33.49,29.77,74.98,349.34,False
2022-12-23 12:00:00,0.0,28.33,65.97,77.61,34.11,34.4,28.29,76.97,348.44,False
2022-12-23 13:00:00,0.0,26.54,65.93,77.57,34.16,34.22,28.62,81.24,348.65,False
2022-12-23 14:00:00,0.0,24.79,65.84,77.45,34.58,34.07,26.19,90.04,347.17,False
2022-12-23 15:00:00,2.76,28.31,65.8,77.41,33.93,33.67,26.02,88.17,347.07,False
2022-12-23 16:00:00,0.0,26.06,66.04,77.7,34.36,34.18,24.36,88.94,346.06,False
2022-12-23 17:00:00,0.0,24.39,65.9,77.53,34.33,34.43,24.58,89.23,346.19,False
2022-12-23 18:00:00,0.0,23.09,65.88,77.5,33.76,33.74,24.56,88.35,346.18,False
2022-12-23 19:00:00,0.0,21.83,65.74,77.34,35.05,34.41,24.28,92.25,346.01,False
2022-12-23 20:00:00,0.0,20.95,65.57,77.14,34.24,34.39,23.19,91.43,345.35,False
2022-12-23 21:00:00,0.0,19.94,65.36,76.89,33.99,34.29,25.33,87.11,346.65,False
2022-12-23 22:00:00,0.0,18.87,65.32,76.85,34.37,34.5,26.99,84.97,347.65,False
2022-12-23 23:00:00,0.0,17.74,65.27,76.79,34.31,34.71,27.65,79.28,348.06,False
2022-12-24 00:00:00,0.0,16.54,65.06,76.54,35.02,34.41,28.77,78.27,348.73,False
2022-12-24 01:00:00,0.0,15.7,64.95,76.42,35.69,35.27,28.63,75.34,348.65,False
2022-12-24 02:00:00,0.0,14.85,64.68,76.09,35.42,35.04,30.32,69.93,349.67,False
2022-12-24 03:00:00,0.0,13.85,64.44,75.81,36.2,35.29,31.93,71.48,350.65,False
2022-12-24 04:00:00,0.0,12.76,64.26,75.61,36.16,35.94,32.64,64.2,351.08,False
2022-12-24 05:00:00,0.0,11.98,63.94,75.23,34.99,35.87,33.58,65.04,351.65,False
2022-12-24 06:00:00,0.0,11.61,63.64,74.87,36.72,36.28,32.91,65.7,351.25,False
2022-12-24 07:00:00,0.0,10.94,63.38,74.57,36.38,36.57,33.09,64.32,351.35,False
2022-12-24 08:00:00,0.0,10.3,63.12,74.26,37.09,36.57,32.41,65.5,350.94,False
2022-12-24 09:00:00,0.0,9.8,62.75,73.83,37.22,37.04,31.09,65.24,350.14,False
2022-12-24 10:00:00,0.0,9.36,62.65,73.71,38.47,37.34,29.4,73.71,349.11,False
2022-12-24 11:00:00,0.0,8.87,62.29,73.28,37.88,37.7,29.92,74.04,349.43,False
2022-12-24 12:00:00,0.0,8.33,62.06,73.02,38.17,38.15,28.6,79.07,348.63,False
2022-12-24 13:00:00,0.0,7.68,61.8,72.71,38.63,38.43,26.96,82.97,347.64,False
2022-12-24 14:00:00,0.0,7.52,61.42,72.26,37.98,39.07,25.28,83.74,346.62,False
2022-12-24 15:00:00,0.0,6.94,61.13,71.92,39.3,38.26,25.7,87.5,346.87,False
2022-12-24 16:00:00,0.0,6.99,60.74,71.46,39.17,39.62,24.44,92.79,346.11,False
2022-12-24 17:00:00,0.0,6.62,60.42,71.08,39.3,39.44,24.49,89.29,346.14,False
2022-12-24 18:00:00,0.0,6.24,60.15,70.76,40.18,40.11,25.12,96.26,346.52,False
2022-12-24 19:00:00,0.0,6.09,59.77,70.31,39.64,40.37,22.87,90.03,345.16,False
2022-12-24 20:00:00,0.0,5.53,59.45,69.94,40.92,40.32,24.18,87.77,345.95,False
2022-12-24 21:00:00,0.0,5.37,59.05,69.48,40.88,41.55,25.19,88.16,346.57,False
2022-12-24 22:00:00,0.0,5.08,58.71,69.07,41.25,41.59,27.12,89.42,347.74,False
2022-12-24 23:00:00,0.0,4.9,58.36,68.66,40.74,41.8,26.35,77.8,347.27,False
2022-12-25 00:00:00,0.0,4.4,57.97,68.2,42.39,42.91,29.66,77.72,349.27,False
2022-12-25 01:00:00,8.68,19.56,57.71,67.89,42.39,41.9,29.75,75.33,349.33,False
2022-12-25 02:00:00,0.0,17.84,57.63,67.8,42.19,42.38,30.69,71.07,349.9,False
2022-12-25 03:00:00,0.0,16.63,57.62,67.79,42.01,42.6,31.56,68.86,350.43,False
2022-12-25 04:00:00,0.0,15.48,57.45,67.59,42.86,42.12,32.14,64.44,350.77,False
2022-12-25 05:00:00,10.77,33.74,57.53,67.68,42.61,42.21,33.48,63.28,351.59,False
2022-12-25 06:00:00,4.29,39.41,57.76,67.95,42.24,42.64,32.36,63.7,350.91,False
2022-12-25 07:00:00,12.49,59.55,58.4,68.71,41.2,41.4,33.05,62.22,351.33,False
2022-12-25 08:00:00,0.0,56.13,59.0,69.41,41.12,41.35,32.17,65.79,350.79,False
2022-12-25 09:00:00,0.0,52.93,59.52,70.02,40.58,40.23,31.22,67.32,350.22,False
2022-12-25 10:00:00,26.1,96.92,60.73,71.44,39.8,40.08,32.3,70.06,350.87,False
2022-12-25 11:00:00,0.0,91.31,61.86,72.78,37.66,37.2,29.92,75.02,349.43,False
2022-12-25 12:00:00,13.11,109.52,63.26,74.42,36.46,37.15,28.87,74.36,348.79,False
2022-12-25 13:00:00,0.0,102.96,64.46,75.83,36.32,35.64,28.02,81.17,348.28,False
2022-12-25 14:00:00,0.0,97.06,65.6,77.18,34.47,33.78,25.4,89.63,346.69,False
2022-12-25 15:00:00,0.0,91.45,66.66,78.43,33.44,33.25,26.37,85.73,347.28,False
2022-12-25 16:00:00,0.0,85.51,67.11,78.95,33.27,32.12,23.1,92.7,345.3,False
2022-12-25 17:00:00,0.0,80.33,67.31,79.19,33.42,32.83,23.69,91.63,345.66,False
2022-12-25 18:00:00,0.0,74.97,67.6,79.53,31.94,32.16,23.72,90.79,345.68,False
2022-12-25 19:00:00,0.0,69.93,67.6,79.53,33.27,31.62,24.5,88.88,346.15,False
2022-12-25 20:00:00,0.0,65.58,67.73,79.68,32.25,32.34,24.73,90.4,346.29,False
2022-12-25 21:00:00,0.0,61.6,67.85,79.82,32.26,32.21,25.22,90.81,346.58,False
2022-12-25 22:00:00,2.3,61.91,67.95,79.95,32.07,32.89,26.24,84.22,347.2,False
2022-12-25 23:00:00,0.0,57.67,67.84,79.82,32.76,32.49,26.75,81.46,347.51,False
2022-12-26 00:00:00,0.0,54.44,67.8,79.77,32.58,31.24,27.6,80.02,348.03,False
2022-12-26 01:00:00,0.0,50.96,67.71,79.65,32.24,32.08,30.1,75.06,349.54,False
2022-12-26 02:00:00,0.0,48.05,67.64,79.58,31.91,32.8,31.17,67.86,350.19,False
2022-12-26 03:00:00,0.0,44.96,67.42,79.32,99.0,31.93,32.63,68.3,351.08,True
2022-12-26 04:00:00,0.0,42.12,67.21,79.07,32.26,32.49,31.92,68.9,350.65,False
2022-12-26 05:00:00,0.0,39.72,66.83,78.63,33.52,33.17,33.26,64.4,351.46,False
2022-12-26 06:00:00,0.0,37.23,66.39,78.1,33.34,33.4,32.83,58.52,351.19,False
2022-12-26 07:00:00,0.0,35.05,66.04,77.69,33.92,34.6,33.56,65.25,351.64,False
2022-12-26 08:00:00,0.0,33.03,66.22,77.91,34.25,33.85,33.01,65.48,351.3,False
2022-12-26 09:00:00,0.0,30.62,66.24,77.93,34.08,51.85,31.81,64.44,350.58,True
2022-12-26 10:00:00,0.0,28.93,66.18,77.86,33.97,33.45,30.55,67.64,349.81,False
2022-12-26 11:00:00,0.0,26.91,66.2,77.89,33.48,33.36,30.24,76.33,349.63,False
2022-12-26 12:00:00,0.0,24.96,66.18,77.86,34.01,33.86,28.89,76.54,348.81,False
2022-12-26 13:00:00,0.0,23.24,66.15,77.82,33.53,33.82,26.92,79.81,347.62,False
2022-12-26 14:00:00,0.0,22.09,66.15,77.82,34.05,33.37,25.45,84.93,346.72,False
2022-12-26 15:00:00,0.0,20.29,66.13,77.8,33.35,33.97,25.14,86.61,346.54,False
2022-12-26 16:00:00,0.0,19.27,66.01,77.66,34.47,34.01,25.51,90.32,346.76,False
2022-12-26 17:00:00,0.0,18.21,65.79,77.4,34.29,34.08,24.84,91.12,346.35,False
2022-12-26 18:00:00,0.0,17.14,65.58,77.15,34.41,34.9,23.33,89.6,345.44,False
2022-12-26 19:00:00,0.0,16.19,65.36,76.9,34.79,34.63,23.45,90.5,345.51,False
2022-12-26 20:00:00,8.73,30.85,65.43,76.97,34.53,34.48,25.37,91.01,346.67,False
2022-12-26 21:00:00,0.0,29.2,65.43,76.98,34.59,35.02,24.64,87.98,346.23,False
2022-12-26 22:00:00,0.0,27.32,65.43,76.98,35.09,34.51,26.56,84.84,347.39,False
2022-12-26 23:00:00,3.63,31.72,65.52,77.09,34.9,34.32,26.97,85.5,347.64,False
2022-12-27 00:00:00,0.0,29.8,65.53,77.09,34.76,34.0,29.47,79.46,349.16,False
2022-12-27 01:00:00,0.0,28.25,65.59,77.16,34.52,34.44,29.2,76.08,349.0,False
2022-12-27 02:00:00,0.0,26.7,65.74,77.34,34.14,34.64,31.44,70.67,350.35,False
2022-12-27 03:00:00,0.0,25.64,65.71,77.31,34.72,34.12,31.79,68.54,350.57,False
2022-12-27 04:00:00,0.0,24.03,65.62,77.2,34.02,33.85,32.55,65.01,351.02,False
2022-12-27 05:00:00,0.0,22.54,65.58,77.15,35.14,34.83,31.66,66.03,350.49,False
2022-12-27 06:00:00,0.0,21.12,65.43,76.97,34.86,34.99,31.68,63.78,350.5,False
2022-12-27 07:00:00,0.0,19.62,65.3,76.82,35.17,34.93,32.71,64.92,351.12,False
2022-12-27 08:00:00,0.0,18.3,65.11,76.6,35.08,34.93,32.55,66.2,351.02,False
2022-12-27 09:00:00,0.0,16.89,64.87,76.31,35.08,35.3,31.01,68.06,350.09,False
2022-12-27 10:00:00,0.0,15.19,64.61,76.01,35.77,34.77,30.1,76.88,349.54,False
2022-12-27 11:00:00,0.0,14.1,64.35,75.71,35.08,35.42,30.0,73.04,349.48,False
2022-12-27 12:00:00,0.0,13.26,64.05,75.35,35.71,36.22,28.84,76.65,348.78,False
2022-12-27 13:00:00,0.0,12.66,63.92,75.2,36.0,36.21,27.25,83.01,347.82,False
2022-12-27 14:00:00,0.0,11.72,63.71,74.96,35.73,36.65,26.72,83.81,347.49,False
2022-12-27 15:00:00,0.0,10.85,63.53,74.74,36.73,37.08,24.61,87.32,346.22,False
2022-12-27 16:00:00,31.4,67.04,64.1,75.41,36.41,35.41,24.39,87.95,346.08,False
2022-12-27 17:00:00,0.0,62.62,64.68,76.09,34.64,53.41,25.14,92.51,346.54,True
2022-12-27 18:00:00,0.0,58.81,65.25,76.77,34.58,34.65,24.04,93.01,345.87,False
2022-12-27 19:00:00,8.16,70.25,66.11,77.78,33.82,33.71,24.23,90.89,345.98,False
2022-12-27 20:00:00,0.0,65.82,66.71,78.48,33.42,34.28,25.99,91.55,347.05,False
2022-12-27 21:00:00,0.0,61.41,66.63,78.39,33.71,32.74,24.48,84.18,346.13,False
2022-12-27 22:00:00,5.39,67.94,66.78,78.56,33.11,33.15,26.73,83.59,347.5,False
2022-12-27 23:00:00,0.0,64.11,66.79,78.58,33.58,33.11,28.33,81.28,348.47,False
2022-12-28 00:00:00,0.0,60.51,66.94,78.75,33.1,33.08,28.31,75.66,348.45,False
2022-12-28 01:00:00,2.93,62.13,67.02,78.84,32.74,32.19,30.18,70.88,349.59,False
2022-12-28 02:00:00,0.0,58.6,66.97,78.79,33.12,32.64,30.16,70.38,349.58,False
2022-12-28 03:00:00,0.0,54.33,66.85,78.65,32.64,33.16,31.27,69.49,350.25,False
2022-12-28 04:00:00,0.0,50.94,66.69,78.46,33.2,32.75,32.63,68.44,351.07,False
2022-12-28 05:00:00,0.0,48.17,66.35,78.06,33.58,34.03,33.33,63.38,351.5,False
2022-12-28 06:00:00,0.0,44.86,66.1,77.77,33.66,34.13,33.67,65.47,351.71,False
2022-12-28 07:00:00,0.0,42.07,66.32,78.03,34.69,33.04,33.79,65.75,351.78,False
2022-12-28 08:00:00,0.0,39.64,66.04,77.69,34.49,33.87,32.36,68.31,350.91,False
2022-12-28 09:00:00,0.0,37.03,66.14,77.81,33.94,34.01,32.4,67.4,350.93,False
2022-12-28 10:00:00,11.35,55.24,66.68,78.44,33.5,32.77,30.54,67.4,349.81,False
2022-12-28 11:00:00,0.0,52.04,66.59,78.34,33.62,32.78,30.21,74.52,349.6,False
2022-12-28 12:00:00,0.0,49.01,66.42,78.14,33.83,33.2,28.62,75.97,348.65,False
2022-12-28 13:00:00,0.0,45.94,66.28,77.98,34.34,34.79,27.6,80.18,348.03,False
2022-12-28 14:00:00,0.0,42.94,66.41,78.13,33.96,34.03,26.5,84.4,347.36,False
2022-12-28 15:00:00,0.0,40.48,66.12,77.78,33.09,33.64,24.36,87.22,346.06,False
2022-12-28 16:00:00,0.0,38.15,66.31,78.01,34.02,33.16,23.93,90.41,345.8,False
2022-12-28 17:00:00,0.0,35.95,65.9,77.53,33.76,33.77,24.21,92.93,345.97,False
2022-12-28 18:00:00,0.0,33.83,65.95,77.59,33.83,34.66,22.99,91.26,345.23,False
2022-12-28 19:00:00,8.87,47.86,66.19,77.87,34.2,34.62,24.65,92.31,346.24,False
2022-12-28 20:00:00,0.0,45.25,66.58,78.33,32.68,33.1,25.13,90.15,346.53,False
2022-12-28 21:00:00,0.0,42.63,66.35,78.06,34.33,33.77,25.51,89.77,346.76,False
2022-12-28 22:00:00,0.0,40.1,66.16,77.84,34.16,33.73,25.58,84.62,346.8,False
2022-12-28 23:00:00,0.0,37.54,66.51,78.24,33.63,34.0,28.16,81.47,348.37,False
2022-12-29 00:00:00,0.0,35.7,65.98,77.62,34.36,33.59,29.72,77.25,349.31,False
2022-12-29 01:00:00,24.43,77.19,66.81,78.6,33.65,33.58,29.75,74.05,349.33,False
2022-12-29 02:00:00,0.0,72.5,67.04,78.87,33.05,32.42,31.06,69.43,350.12,False
2022-12-29 03:00:00,0.0,68.0,67.25,79.12,33.06,33.13,31.8,66.34,350.57,False
2022-12-29 04:00:00,0.0,63.37,67.42,79.32,32.19,32.24,32.72,67.43,351.13,False
2022-12-29 05:00:00,0.0,59.67,67.33,79.22,32.99,32.54,32.77,62.31,351.16,False
2022-12-29 06:00:00,46.41,139.58,68.62,80.72,31.63,31.13,32.98,63.36,351.29,False
2022-12-29 07:00:00,0.0,131.21,69.91,82.25,30.66,30.87,33.39,66.51,351.53,False
2022-12-29 08:00:00,0.0,123.29,70.83,83.33,29.24,29.56,33.8,65.17,351.79,False
2022-12-29 09:00:00,0.0,116.12,71.68,84.33,28.44,28.15,30.84,69.76,349.99,False
2022-12-29 10:00:00,0.0,109.41,72.54,85.34,27.09,27.13,30.69,69.82,349.9,False
2022-12-29 11:00:00,0.0,102.52,72.77,85.62,27.23,27.75,28.96,72.27,348.85,False
2022-12-29 12:00:00,0.0,96.9,72.61,85.43,27.63,26.03,29.46,74.81,349.15,False
2022-12-29 13:00:00,0.0,91.01,72.5,85.29,27.79,27.7,26.98,84.25,347.65,False
2022-12-29 14:00:00,0.0,85.73,72.33,85.09,28.36,27.29,25.38,82.73,346.68,False
2022-12-29 15:00:00,0.0,80.64,72.15,84.88,28.03,28.75,25.7,89.39,346.87,False
2022-12-29 16:00:00,0.0,75.83,72.45,85.24,27.51,28.64,25.65,88.12,346.84,False
2022-12-29 17:00:00,0.0,71.45,71.85,84.53,28.37,28.16,24.55,94.16,346.18,False
2022-12-29 18:00:00,0.0,67.56,71.88,84.56,27.9,27.98,24.12,96.41,345.92,False
2022-12-29 19:00:00,0.0,63.74,72.05,84.76,28.48,27.98,24.4,88.15,346.09,False
2022-12-29 20:00:00,0.0,59.84,72.08,84.8,27.64,27.67,25.45,87.95,346.72,False
2022-12-29 21:00:00,0.0,56.22,71.93,84.62,27.91,27.75,24.79,89.45,346.32,False
2022-12-29 22:00:00,0.0,52.68,71.85,84.53,27.72,28.25,26.18,86.03,347.17,False
2022-12-29 23:00:00,0.0,49.73,71.7,84.35,28.33,28.55,27.06,83.18,347.7,False
2022-12-30 00:00:00,0.0,46.93,71.28,83.86,28.98,28.77,27.8,76.85,348.15,False
2022-12-30 01:00:00,0.0,44.01,70.85,83.35,29.81,29.27,29.47,78.35,349.16,False
2022-12-30 02:00:00,0.0,41.77,70.57,83.02,29.41,29.18,31.41,71.24,350.34,False
2022-12-30 03:00:00,0.0,39.58,70.39,82.81,29.52,29.24,32.02,65.67,350.71,False
2022-12-30 04:00:00,0.0,37.75,70.04,82.4,28.89,29.58,32.78,65.37,351.17,False
2022-12-30 05:00:00,0.0,35.25,69.43,81.69,30.66,30.88,32.93,62.07,351.26,False
2022-12-30 06:00:00,0.0,33.11,68.86,81.01,31.15,31.18,33.31,67.18,351.49,False
2022-12-30 07:00:00,0.0,31.06,68.42,80.5,31.58,31.66,32.37,63.16,350.91,False
2022-12-30 08:00:00,0.0,29.98,67.98,79.98,32.62,32.15,32.21,66.86,350.82,False
2022-12-30 09:00:00,0.0,28.18,67.44,79.34,32.78,32.54,31.8,67.16,350.57,False
2022-12-30 10:00:00,0.0,26.87,66.85,78.64,32.99,33.2,30.92,69.77,350.04,False
2022-12-30 11:00:00,0.0,25.57,66.34,78.04,33.3,34.18,29.86,70.56,349.39,False
2022-12-30 12:00:00,0.0,24.01,65.82,77.44,33.71,34.49,28.42,79.2,348.52,False
2022-12-30 13:00:00,0.0,22.59,65.82,77.43,34.01,34.12,27.11,84.22,347.73,False
2022-12-30 14:00:00,0.0,21.39,65.66,77.24,34.49,34.16,28.14,83.17,348.36,False
2022-12-30 15:00:00,0.0,20.48,65.63,77.21,33.53,34.78,25.86,84.81,346.97,False
2022-12-30 16:00:00,0.0,19.2,65.48,77.04,34.46,34.65,24.85,91.73,346.36,False
2022-12-30 17:00:00,0.0,17.9,65.29,76.81,35.03,34.59,24.01,88.23,345.85,False
2022-12-30 18:00:00,10.23,35.51,65.39,76.93,34.19,34.09,23.73,94.44,345.68,False
2022-12-30 19:00:00,0.0,33.03,65.5,77.06,34.42,35.17,24.07,89.71,345.89,False
2022-12-30 20:00:00,0.0,31.13,65.63,77.21,33.97,33.92,24.78,87.92,346.32,False
2022-12-30 21:00:00,0.0,29.58,65.52,77.08,33.4,34.59,24.19,88.4,345.96,False
2022-12-30 22:00:00,0.0,27.93,65.49,77.04,34.19,35.24,25.31,82.92,346.64,False
2022-12-30 23:00:00,0.0,26.09,65.44,76.99,34.13,34.42,26.95,80.21,347.63,False
2022-12-31 00:00:00,0.0,24.22,65.49,77.05,99.0,34.49,28.62,78.71,348.65,True
2022-12-31 01:00:00,0.0,23.12,65.37,76.9,34.82,34.97,29.52,69.52,349.19,False
2022-12-31 02:00:00,0.0,21.68,65.26,76.78,34.32,34.26,31.64,74.28,350.47,False
2022-12-31 03:00:00,8.43,35.29,65.48,77.03,35.04,33.86,30.79,68.19,349.96,False
2022-12-31 04:00:00,0.0,33.51,65.6,77.17,34.69,34.26,31.95,63.29,350.66,False
2022-12-31 05:00:00,0.0,31.74,65.81,77.42,34.09,34.22,33.76,62.44,351.76,False
2022-12-31 06:00:00,0.0,29.52,65.85,77.47,34.28,34.18,33.08,65.98,351.35,False
2022-12-31 07:00:00,0.0,28.51,66.03,77.69,33.59,34.53,33.38,65.68,351.53,False
2022-12-31 08:00:00,0.0,26.63,66.2,77.89,32.81,33.42,33.63,68.65,351.68,False
2022-12-31 09:00:00,0.0,25.27,66.22,77.91,33.82,33.72,31.27,66.74,350.25,False
2022-12-31 10:00:00,9.39,41.26,66.5,78.24,32.95,34.1,30.69,71.59,349.9,False
2022-12-31 11:00:00,0.0,39.05,66.2,77.88,33.71,33.69,29.5,75.23,349.18,False
2022-12-31 12:00:00,0.0,36.78,66.44,78.16,33.73,34.36,27.33,79.39,347.86,False
2022-12-31 13:00:00,0.0,34.15,66.02,77.67,33.21,33.89,27.15,83.88,347.75,False
2022-12-31 14:00:00,0.0,32.71,66.21,77.9,33.87,33.51,26.78,83.57,347.53,False
2022-12-31 15:00:00,0.0,31.01,66.33,78.04,34.0,33.65,25.64,87.67,346.84,False
2022-12-31 16:00:00,0.0,28.72,65.92,77.55,33.25,34.18,24.97,88.9,346.43,False
2022-12-31 17:00:00,32.54,86.03,66.8,78.59,33.48,33.04,23.93,91.42,345.8,False
2022-12-31 18:00:00,0.0,80.89,67.16,79.02,33.6,33.0,23.61,93.4,345.61,False
2022-12-31 19:00:00,0.0,75.95,67.51,79.42,32.39,32.43,24.91,88.21,346.4,False
2022-12-31 20:00:00,0.0,71.22,67.61,79.54,32.69,32.9,24.3,92.34,346.03,False
2022-12-31 21:00:00,0.0,67.0,67.76,79.71,31.84,32.45,25.49,85.62,346.75,False
2022-12-31 22:00:00,5.95,73.94,68.04,80.05,32.33,31.97,26.35,84.39,347.27,False
2022-12-31 23:00:00,0.0,69.35,68.33,80.39,31.87,31.54,28.21,84.11,348.4,False
2023-01-01 00:00:00,0.0,65.23,68.39,80.46,31.69,31.93,29.08,78.66,348.92,False
2023-01-01 01:00:00,0.0,62.33,68.45,80.53,31.62,31.56,28.89,75.06,348.81,False
2023-01-01 02:00:00,0.0,58.73,68.38,80.45,31.78,31.44,30.04,68.64,349.5,False
2023-01-01 03:00:00,0.0,55.5,68.3,80.35,31.68,31.41,32.03,66.01,350.71,False
2023-01-01 04:00:00,41.31,126.24,69.53,81.8,30.08,30.75,32.36,67.76,350.91,False
2023-01-01 05:00:00,6.29,129.59,70.69,83.16,29.25,29.12,32.57,63.3,351.04,False
2023-01-01 06:00:00,0.0,122.25,71.67,84.32,28.31,28.21,33.61,63.01,351.67,False
2023-01-01 07:00:00,0.0,115.27,72.57,85.38,26.96,27.65,32.96,66.4,351.27,False
2023-01-01 08:00:00,0.0,108.87,72.71,85.54,27.25,27.72,32.43,63.78,350.95,False
2023-01-01 09:00:00,0.0,102.31,72.74,85.57,27.24,27.5,32.15,68.64,350.78,False
2023-01-01 10:00:00,0.0,96.55,72.66,85.49,27.13,27.68,30.52,71.09,349.8,False
2023-01-01 11:00:00,5.39,99.69,72.64,85.46,27.5,27.64,30.61,74.37,349.85,False
2023-01-01 12:00:00,0.0,93.87,72.47,85.26,27.76,27.53,28.03,76.96,348.28,False
2023-01-01 13:00:00,0.0,88.55,72.32,85.08,27.42,27.84,27.73,80.46,348.1,False
2023-01-01 14:00:00,0.0,83.03,71.98,84.68,28.08,28.75,27.11,82.84,347.73,False
2023-01-01 15:00:00,0.0,78.37,72.38,85.15,27.98,27.54,24.49,88.86,346.14,False
2023-01-01 16:00:00,0.0,73.61,71.94,84.64,27.66,27.62,24.4,88.79,346.08,False
2023-01-01 17:00:00,0.0,69.17,72.13,84.85,27.21,26.86,24.84,93.46,346.35,False
2023-01-01 18:00:00,0.0,64.94,72.24,84.99,27.38,28.53,24.69,91.55,346.26,False
2023-01-01 19:00:00,0.0,61.52,72.12,84.85,28.09,28.67,24.05,89.41,345.87,False
2023-01-01 20:00:00,0.0,57.69,72.06,84.78,27.76,27.54,24.16,89.65,345.94,False
2023-01-01 21:00:00,0.0,54.06,72.1,84.82,27.41,28.42,25.89,87.08,346.99,False
2023-01-01 22:00:00,0.0,50.56,71.88,84.56,28.63,28.53,26.96,87.02,347.64,False
2023-01-01 23:00:00,0.0,47.41,71.85,84.53,27.68,28.41,26.64,80.89,347.44,False
2023-01-02 00:00:00,17.44,76.01,72.16,84.9,27.77,28.04,27.78,77.45,348.13,False
2023-01-02 01:00:00,0.0,71.64,72.4,85.17,27.9,27.31,29.8,77.2,349.36,False
2023-01-02 02:00:00,0.0,67.12,71.89,84.58,28.37,28.16,31.13,72.02,350.16,False
2023-01-02 03:00:00,0.0,63.2,72.03,84.74,28.14,40.11,31.5,71.43,350.39,True
2023-01-02 04:00:00,0.0,59.59,72.11,84.84,27.62,27.92,32.8,68.39,351.18,False
2023-01-02 05:00:00,0.0,55.74,72.04,84.75,28.18,27.94,32.42,62.7,350.95,False
2023-01-02 06:00:00,2.92,57.67,71.97,84.67,28.04,28.55,31.73,65.98,350.53,False
2023-01-02 07:00:00,0.0,54.19,71.76,84.42,28.41,28.65,32.59,67.53,351.05,False
2023-01-02 08:00:00,0.0,50.96,71.67,84.32,28.88,28.68,32.44,68.94,350.96,False
2023-01-02 09:00:00,0.0,47.74,71.47,84.08,28.05,28.9,31.52,70.08,350.4,False
2023-01-02 10:00:00,0.0,44.84,71.15,83.71,29.0,28.94,30.05,72.94,349.51,False
2023-01-02 11:00:00,0.0,42.16,70.81,83.3,29.25,29.66,28.58,73.77,348.62,False
2023-01-02 12:00:00,7.65,53.96,70.7,83.18,29.68,28.82,28.19,76.33,348.38,False
2023-01-02 13:00:00,0.0,50.74,70.47,82.9,30.24,29.56,27.87,80.92,348.19,False
2023-01-02 14:00:00,0.0,48.09,70.27,82.68,30.43,30.01,27.0,81.67,347.66,False
2023-01-02 15:00:00,0.0,45.63,69.9,82.24,30.43,30.31,26.03,90.59,347.07,False
2023-01-02 16:00:00,0.0,42.5,69.57,81.85,30.19,30.58,24.11,89.56,345.91,False
2023-01-02 17:00:00,0.0,39.86,69.14,81.34,30.69,31.23,23.46,94.11,345.52,False
2023-01-02 18:00:00,0.0,37.9,68.79,80.93,31.5,31.79,24.3,89.54,346.02,False
2023-01-02 19:00:00,0.0,35.68,68.31,80.36,31.18,31.27,24.53,93.69,346.17,False
2023-01-02 20:00:00,2.66,38.29,67.9,79.88,32.01,32.22,24.84,89.13,346.35,False
2023-01-02 21:00:00,0.0,36.21,67.68,79.63,32.02,32.03,24.11,85.33,345.91,False
2023-01-02 22:00:00,17.47,65.8,67.85,79.82,31.68,32.58,25.73,88.25,346.89,False
2023-01-02 23:00:00,0.0,61.85,67.93,79.92,32.17,32.36,27.32,83.84,347.85,False
2023-01-03 00:00:00,0.0,58.05,68.0,80.0,32.32,31.61,28.79,78.42,348.75,False
2023-01-03 01:00:00,0.0,53.86,67.94,79.93,32.3,32.06,30.13,74.44,349.56,False
2023-01-03 02:00:00,0.0,50.64,67.67,79.61,32.38,31.73,30.84,71.88,349.99,False
2023-01-03 03:00:00,0.0,47.49,67.36,79.24,32.5,33.02,31.88,68.49,350.62,False
2023-01-03 04:00:00,0.0,44.34,66.88,78.68,32.91,32.91,32.45,64.29,350.96,False
2023-01-03 05:00:00,0.0,41.62,66.59,78.34,33.76,32.96,33.26,63.65,351.45,False
2023-01-03 06:00:00,1.95,42.51,66.21,77.9,33.58,33.65,33.19,67.92,351.41,False
2023-01-03 07:00:00,0.0,40.01,66.39,78.11,33.39,33.84,32.89,69.82,351.23,False
2023-01-03 08:00:00,0.0,37.52,65.99,77.64,34.17,34.12,32.24,69.0,350.84,False
2023-01-03 09:00:00,0.0,35.41,66.09,77.76,33.51,33.71,31.73,69.06,350.53,False
2023-01-03 10:00:00,3.52,39.68,66.31,78.02,33.72,33.65,31.04,70.32,350.11,False
2023-01-03 11:00:00,0.0,37.68,65.92,77.55,33.87,33.97,29.83,72.78,349.37,False
2023-01-03 12:00:00,25.54,81.23,66.8,78.59,32.93,32.82,28.73,76.54,348.71,False
2023-01-03 13:00:00,0.0,76.89,66.96,78.78,32.94,32.29,28.14,80.52,348.35,False
2023-01-03 14:00:00,0.0,72.6,67.19,79.05,33.11,32.81,26.41,89.3,347.3,False
2023-01-03 15:00:00,0.0,68.69,67.51,79.42,32.56,32.73,24.93,91.51,346.41,False
2023-01-03 16:00:00,0.0,64.65,67.61,79.54,32.51,32.39,25.13,91.62,346.53,False
2023-01-03 17:00:00,8.68,76.3,68.06,80.07,32.24,32.76,23.33,89.6,345.44,False
2023-01-03 18:00:00,0.0,71.56,68.21,80.24,32.04,31.55,23.35,93.79,345.45,False
2023-01-03 19:00:00,0.0,67.79,68.32,80.37,31.61,31.67,24.35,91.05,346.06,False
2023-01-03 20:00:00,0.0,64.06,68.38,80.45,31.84,31.81,24.91,85.82,346.4,False
2023-01-03 21:00:00,0.0,59.91,68.37,80.43,31.56,31.81,24.57,88.47,346.19,False
2023-01-03 22:00:00,0.0,56.61,68.4,80.48,31.77,31.49,26.02,83.32,347.07,False
2023-01-03 23:00:00,0.0,52.96,68.11,80.13,32.3,31.87,26.97,80.01,347.64,False
2023-01-04 00:00:00,0.0,49.88,67.91,79.89,32.3,32.06,28.21,77.5,348.39,False
2023-01-04 01:00:00,0.0,47.14,67.83,79.8,31.68,32.45,30.23,73.38,349.62,False
2023-01-04 02:00:00,0.0,44.75,67.53,79.45,32.27,32.19,31.17,70.93,350.19,False
2023-01-04 03:00:00,70.36,168.78,69.42,81.67,30.84,29.61,31.67,67.94,350.49,False
2023-01-04 04:00:00,0.0,158.62,71.11,83.66,28.03,28.75,32.07,62.12,350.73,False
2023-01-04 05:00:00,5.15,158.39,72.75,85.58,27.38,27.93,32.04,67.52,350.71,False
2023-01-04 06:00:00,0.0,149.21,73.62,86.61,26.49,26.7,33.85,62.03,351.81,False
2023-01-04 07:00:00,0.0,140.49,74.31,87.43,26.78,25.06,33.2,62.57,351.42,False
2023-01-04 08:00:00,0.0,132.06,74.7,87.89,25.47,25.57,31.97,65.22,350.68,False
2023-01-04 09:00:00,0.0,123.57,75.16,88.42,24.8,24.92,32.11,67.88,350.76,False
2023-01-04 10:00:00,0.0,115.43,75.39,88.7,25.07,24.46,30.71,73.92,349.91,False
2023-01-04 11:00:00,12.86,131.72,75.84,89.22,24.02,23.73,29.49,74.92,349.17,False
2023-01-04 12:00:00,0.0,123.47,76.29,89.75,23.73,23.39,28.76,79.13,348.73,False
2023-01-04 13:00:00,0.0,115.9,76.61,90.12,23.43,23.17,26.89,82.17,347.6,False
2023-01-04 14:00:00,0.0,108.88,76.86,90.42,23.38,23.88,26.04,85.46,347.08,False
2023-01-04 15:00:00,0.0,102.97,76.91,90.49,22.72,23.34,25.39,88.52,346.69,False
2023-01-04 16:00:00,0.0,96.83,76.96,90.54,23.38,41.34,24.3,86.26,346.03,True
2023-01-04 17:00:00,2.69,96.07,76.92,90.49,22.87,22.86,24.55,91.02,346.18,False
2023-01-04 18:00:00,0.0,90.46,76.81,90.37,24.01,23.17,25.12,94.32,346.52,False
2023-01-04 19:00:00,0.0,84.3,76.61,90.13,22.78,23.21,23.7,99.0,345.66,False
2023-01-04 20:00:00,0.0,79.13,76.19,89.63,23.51,23.82,23.6,87.72,345.6,False
2023-01-04 21:00:00,0.0,74.01,75.81,89.19,23.38,24.13,24.12,88.75,345.91,False
2023-01-04 22:00:00,0.0,70.09,75.35,88.64,25.84,24.69,26.16,83.86,347.15,False
2023-01-04 23:00:00,0.0,65.34,74.77,87.97,24.74,24.43,26.94,85.72,347.62,False
2023-01-05 00:00:00,0.0,61.29,74.16,87.25,26.14,26.16,28.62,75.29,348.65,False
2023-01-05 01:00:00,0.0,57.54,73.69,86.69,26.6,26.09,29.74,75.63,349.33,False
2023-01-05 02:00:00,0.0,53.79,72.79,85.63,26.85,27.57,29.79,68.19,349.35,False
2023-01-05 03:00:00,0.0,50.59,71.98,84.68,28.33,28.9,30.59,67.46,349.84,False
2023-01-05 04:00:00,0.0,47.54,71.84,84.52,27.73,27.58,32.57,65.81,351.04,False
2023-01-05 05:00:00,0.0,44.74,71.49,84.1,28.19,28.55,32.93,66.62,351.25,False
2023-01-05 06:00:00,0.0,42.21,71.22,83.79,28.16,28.61,32.74,61.85,351.14,False
2023-01-05 07:00:00,0.0,39.74,70.91,83.42,29.36,29.25,31.85,65.8,350.6,False
2023-01-05 08:00:00,0.0,37.47,70.4,82.83,28.81,28.75,32.68,65.91,351.1,False
2023-01-05 09:00:00,0.0,35.56,69.95,82.29,30.21,29.91,32.45,68.65,350.96,False
2023-01-05 10:00:00,0.0,32.93,69.64,81.93,30.31,30.03,30.92,72.92,350.04,False
2023-01-05 11:00:00,0.0,31.16,69.03,81.21,31.66,31.62,29.16,71.81,348.97,False
2023-01-05 12:00:00,0.0,28.98,68.48,80.56,31.53,32.26,28.53,79.62,348.59,False
2023-01-05 13:00:00,0.0,27.05,67.92,79.9,32.42,31.97,26.52,80.49,347.37,False
2023-01-05 14:00:00,0.0,25.46,67.34,79.23,32.86,32.2,26.88,87.19,347.59,False
2023-01-05 15:00:00,0.83,25.55,66.74,78.51,33.22,32.93,25.37,88.57,346.67,False
2023-01-05 16:00:00,0.0,24.17,66.14,77.82,34.3,33.87,23.54,89.71,345.57,False
2023-01-05 17:00:00,0.0,22.44,66.08,77.74,34.08,33.36,23.97,90.34,345.83,False
2023-01-05 18:00:00,0.0,21.58,66.05,77.71,34.31,34.16,24.28,93.65,346.01,False
2023-01-05 19:00:00,0.0,20.16,66.02,77.67,33.61,33.91,23.95,94.04,345.82,False
2023-01-05 20:00:00,0.0,18.73,65.92,77.56,34.29,34.22,24.44,89.06,346.11,False
2023-01-05 21:00:00,0.0,17.23,65.79,77.4,34.53,34.37,24.58,85.63,346.2,False
2023-01-05 22:00:00,0.0,15.78,65.49,77.04,34.08,35.06,26.59,86.39,347.41,False
2023-01-05 23:00:00,12.07,36.14,65.66,77.25,34.31,34.6,26.95,78.73,347.63,False
2023-01-06 00:00:00,0.0,34.07,65.88,77.5,33.43,34.24,27.21,75.39,347.79,False
2023-01-06 01:00:00,0.0,32.21,65.84,77.46,33.52,34.26,29.44,72.25,349.14,False
2023-01-06 02:00:00,0.0,30.01,65.8,77.41,34.18,33.41,31.34,70.17,350.29,False
2023-01-06 03:00:00,0.0,27.87,65.94,77.58,34.78,34.13,31.45,65.43,350.36,False
2023-01-06 04:00:00,0.0,26.13,65.82,77.43,34.93,34.43,33.44,62.0,351.56,False
2023-01-06 05:00:00,0.0,24.6,65.78,77.39,34.1,34.17,33.1,62.21,351.36,False
2023-01-06 06:00:00,0.0,23.2,65.68,77.27,33.94,34.98,33.2,65.28,351.42,False
2023-01-06 07:00:00,4.14,28.98,65.84,77.46,34.53,33.57,32.77,61.93,351.16,False
2023-01-06 08:00:00,0.0,27.19,65.88,77.5,33.32,33.83,32.36,65.2,350.91,False
2023-01-06 09:00:00,0.0,26.03,65.93,77.57,33.9,33.81,31.52,71.99,350.4,False
2023-01-06 10:00:00,0.3,24.64,65.91,77.54,33.79,34.09,30.57,70.9,349.82,False
2023-01-06 11:00:00,18.56,56.56,66.57,78.32,33.39,45.17,29.98,75.06,349.47,True
2023-01-06 12:00:00,0.0,53.32,66.4,78.12,34.15,33.1,27.94,76.11,348.23,False
2023-01-06 13:00:00,0.0,49.83,66.26,77.95,32.71,33.6,26.69,85.95,347.47,False
2023-01-06 14:00:00,0.0,47.02,66.7,78.47,33.42,33.7,25.58,83.92,346.8,False
2023-01-06 15:00:00,0.0,43.8,66.55,78.3,33.59,33.75,26.55,87.44,347.39,False
2023-01-06 16:00:00,9.2,57.92,66.5,78.23,33.48,33.23,24.92,92.76,346.4,False
2023-01-06 17:00:00,0.0,54.46,66.24,77.93,33.88,33.61,24.34,91.16,346.05,False
2023-01-06 18:00:00,0.0,50.76,66.62,78.37,33.59,33.07,23.37,92.1,345.46,False
2023-01-06 19:00:00,0.0,47.92,66.55,78.3,33.51,32.94,24.53,90.96,346.16,False
2023-01-06 20:00:00,0.0,44.78,66.24,77.93,32.95,33.93,24.53,89.57,346.17,False
2023-01-06 21:00:00,7.24,55.07,66.74,78.52,32.9,32.75,25.45,88.64,346.72,False
2023-01-06 22:00:00,0.0,51.96,66.58,78.33,34.06,33.68,25.66,86.11,346.85,False
2023-01-06 23:00:00,0.0,48.55,66.39,78.1,33.15,34.34,27.43,80.34,347.92,False
2023-01-07 00:00:00,0.0,45.48,66.25,77.94,33.78,33.9,28.25,76.47,348.42,False
2023-01-07 01:00:00,0.0,43.09,66.55,78.29,33.16,33.7,29.21,73.16,349.0,False
2023-01-07 02:00:00,0.0,39.88,66.38,78.09,33.86,33.86,31.19,68.2,350.2,False
2023-01-07 03:00:00,14.85,64.64,66.53,78.27,33.39,33.27,30.76,64.92,349.94,False
2023-01-07 04:00:00,0.0,60.32,66.55,78.29,33.71,33.6,32.74,66.47,351.14,False
2023-01-07 05:00:00,0.0,56.49,66.48,78.21,33.67,33.64,33.26,66.35,351.45,False
2023-01-07 06:00:00,0.0,53.19,66.39,78.11,33.45,33.36,32.47,65.74,350.98,False
2023-01-07 07:00:00,0.0,50.18,66.13,77.8,32.98,32.86,32.35,59.71,350.91,False
2023-01-07 08:00:00,0.0,47.26,66.39,78.11,33.26,33.19,32.26,65.39,350.85,False
2023-01-07 09:00:00,21.61,83.33,66.84,78.64,32.67,32.78,31.85,65.9,350.6,False
2023-01-07 10:00:00,0.0,78.2,67.22,79.08,32.29,32.98,30.66,71.29,349.88,False
2023-01-07 11:00:00,0.0,73.98,67.35,79.23,32.85,32.06,29.92,73.54,349.43,False
2023-01-07 12:00:00,0.0,69.77,67.58,79.51,33.23,33.17,29.56,79.18,349.21,False
2023-01-07 13:00:00,0.0,65.94,67.66,79.61,31.35,32.99,27.03,81.59,347.68,False
2023-01-07 14:00:00,0.0,61.85,67.63,79.56,31.77,32.79,25.22,81.21,346.58,False
2023-01-07 15:00:00,0.0,57.44,67.56,79.48,32.53,32.23,25.81,85.97,346.94,False
2023-01-07 16:00:00,0.0,54.3,67.54,79.46,32.36,31.63,25.61,90.14,346.82,False
2023-01-07 17:00:00,0.0,51.15,67.44,79.34,32.74,32.89,24.39,91.7,346.08,False
2023-01-07 18:00:00,0.0,48.14,67.26,79.13,32.72,32.44,23.35,89.19,345.45,False
2023-01-07 19:00:00,0.0,45.08,67.05,78.88,33.48,33.27,24.08,88.45,345.89,False
2023-01-07 20:00:00,0.0,42.27,66.66,78.42,33.57,33.58,23.93,90.24,345.8,False
2023-01-07 21:00:00,0.0,39.55,66.36,78.07,33.99,33.46,25.7,85.09,346.88,False
2023-01-07 22:00:00,0.0,37.19,65.95,77.58,34.46,33.57,25.44,81.66,346.72,False
2023-01-07 23:00:00,0.0,34.62,66.24,77.93,33.28,33.83,27.16,80.73,347.76,False
2023-01-08 00:00:00,0.86,34.32,66.35,78.05,33.89,33.03,27.9,77.02,348.21,False
2023-01-08 01:00:00,0.0,32.87,66.07,77.73,34.19,34.04,29.74,72.62,349.32,False
2023-01-08 02:00:00,0.0,30.72,66.13,77.8,33.73,34.06,30.53,69.59,349.8,False
2023-01-08 03:00:00,0.0,28.4,66.16,77.83,33.7,33.58,31.79,68.13,350.56,False
2023-01-08 04:00:00,0.0,26.66,66.14,77.81,33.73,33.26,32.41,64.44,350.94,False
2023-01-08 05:00:00,0.0,25.16,66.02,77.67,33.63,34.64,32.25,64.62,350.85,False
2023-01-08 06:00:00,12.34,46.0,66.45,78.18,33.0,33.34,33.38,63.24,351.53,False
2023-01-08 07:00:00,0.0,43.72,66.19,77.87,34.67,51.34,32.82,64.81,351.19,True
2023-01-08 08:00:00,10.93,61.02,66.81,78.6,33.62,33.62,31.8,67.63,350.57,False
2023-01-08 09:00:00,0.0,56.81,66.89,78.69,33.12,32.88,33.03,69.78,351.31,False
2023-01-08 10:00:00,12.01,74.64,67.12,78.97,32.29,32.57,31.04,73.58,350.11,False
2023-01-08 11:00:00,0.0,70.29,67.29,79.16,32.93,33.52,29.57,76.05,349.22,False
2023-01-08 12:00:00,0.0,65.93,67.4,79.29,32.46,32.31,29.35,78.48,349.09,False
2023-01-08 13:00:00,0.0,62.43,67.33,79.22,32.6,33.15,28.44,80.76,348.53,False
2023-01-08 14:00:00,0.0,58.41,67.16,79.01,33.74,32.9,26.16,84.22,347.15,False
2023-01-08 15:00:00,28.31,106.15,67.81,79.78,32.95,32.24,25.53,86.14,346.77,False
2023-01-08 16:00:00,0.0,99.59,68.57,80.67,30.48,31.23,24.01,90.13,345.85,False
2023-01-08 17:00:00,0.0,93.69,69.11,81.3,31.04,30.82,24.07,92.92,345.88,False
2023-01-08 18:00:00,0.0,87.82,69.63,81.92,30.43,31.08,23.88,90.55,345.77,False
2023-01-08 19:00:00,20.77,120.1,70.61,83.07,29.53,29.73,24.26,91.45,346.0,False
2023-01-08 20:00:00,0.0,113.22,71.37,83.97,28.4,28.08,24.8,88.77,346.33,False
2023-01-08 21:00:00,0.0,106.5,72.22,84.96,12.78,27.39,25.65,88.32,346.85,True
2023-01-08 22:00:00,0.0,100.68,72.82,85.68,26.74,27.33,26.39,83.9,347.29,False
2023-01-08 23:00:00,0.0,94.43,72.8,85.65,27.61,27.45,26.61,80.14,347.42,False
2023-01-09 00:00:00,0.0,88.79,72.72,85.55,27.68,27.59,27.94,76.64,348.23,False
2023-01-09 01:00:00,0.0,83.72,72.47,85.26,28.19,27.5,29.34,75.38,349.08,False
2023-01-09 02:00:00,0.0,78.41,72.17,84.91,27.52,27.49,30.58,70.81,349.83,False
2023-01-09 03:00:00,0.0,73.72,72.29,85.05,27.82,27.39,32.31,67.24,350.88,False
2023-01-09 04:00:00,0.0,69.5,72.04,84.76,28.78,27.04,31.7,66.4,350.51,False
2023-01-09 05:00:00,11.74,86.75,72.52,85.32,27.21,28.13,32.63,63.65,351.08,False
2023-01-09 06:00:00,0.0,81.89,72.31,85.07,27.29,26.64,33.57,66.25,351.64,False
2023-01-09 07:00:00,0.0,76.71,72.02,84.73,28.1,27.88,32.67,62.53,351.1,False
2023-01-09 08:00:00,0.0,72.2,72.22,84.96,28.25,27.08,32.67,65.5,351.1,False
2023-01-09 09:00:00,0.0,67.47,72.35,85.11,27.39,27.42,31.6,65.29,350.45,False
2023-01-09 10:00:00,0.0,63.2,71.85,84.53,28.93,28.38,30.9,70.31,350.03,False
2023-01-09 11:00:00,0.0,59.36,71.81,84.48,27.83,27.28,29.53,71.02,349.19,False
2023-01-09 12:00:00,0.0,56.14,71.77,84.44,28.49,28.37,28.9,79.49,348.81,False
2023-01-09 13:00:00,0.0,52.93,71.69,84.34,28.04,28.66,26.41,83.16,347.3,False
2023-01-09 14:00:00,4.48,57.83,71.6,84.23,28.22,28.24,26.03,86.57,347.08,False
2023-01-09 15:00:00,0.0,54.5,71.54,84.17,28.79,29.55,25.5,87.96,346.75,False
2023-01-09 16:00:00,0.0,51.38,71.26,83.84,28.65,27.84,24.92,88.36,346.4,False
2023-01-09 17:00:00,0.0,48.41,71.14,83.7,28.25,28.17,25.05,89.92,346.48,False
2023-01-09 18:00:00,0.0,45.33,71.02,83.56,28.66,28.85,23.77,95.06,345.7,False
2023-01-09 19:00:00,0.0,42.33,70.8,83.3,29.49,29.08,25.04,94.39,346.47,False
2023-01-09 20:00:00,0.0,39.72,70.58,83.04,29.58,29.46,24.21,90.37,345.97,False
2023-01-09 21:00:00,0.0,37.1,70.14,82.52,30.15,30.23,26.12,86.87,347.13,False
2023-01-09 22:00:00,0.0,35.06,69.71,82.01,30.05,29.79,26.74,87.74,347.5,False
2023-01-09 23:00:00,0.0,33.41,69.27,81.5,30.3,30.18,26.79,80.23,347.53,False
2023-01-10 00:00:00,0.0,31.58,68.81,80.95,30.86,30.91,28.68,78.46,348.68,False
2023-01-10 01:00:00,0.0,29.14,68.26,80.31,31.44,32.15,29.63,77.08,349.26,False
2023-01-10 02:00:00,0.0,27.2,67.64,79.58,32.34,32.68,31.13,69.33,350.16,False
2023-01-10 03:00:00,24.98,70.55,67.96,79.95,31.57,32.02,31.55,69.76,350.42,False
2023-01-10 04:00:00,0.0,65.88,67.99,79.99,32.44,31.81,32.21,66.92,350.82,False
2023-01-10 05:00:00,0.0,61.94,68.15,80.18,32.05,31.79,33.67,64.4,351.7,False
2023-01-10 06:00:00,0.0,58.37,68.16,80.19,31.49,31.98,32.94,62.01,351.26,False
2023-01-10 07:00:00,0.0,55.29,68.1,80.12,31.82,31.94,33.34,63.03,351.51,False
2023-01-10 08:00:00,0.0,52.51,68.02,80.02,31.62,31.42,32.26,66.45,350.85,False
2023-01-10 09:00:00,0.0,49.01,67.96,79.95,31.98,31.45,32.68,65.25,351.11,False
2023-01-10 10:00:00,35.89,110.64,68.59,80.7,31.07,31.3,30.34,71.26,349.69,False
2023-01-10 11:00:00,0.0,103.97,69.36,81.59,31.5,30.93,29.3,75.46,349.05,False
2023-01-10 12:00:00,9.77,115.1,70.29,82.69,29.08,29.29,29.41,79.97,349.13,False
2023-01-10 13:00:00,0.0,108.22,71.1,83.65,28.39,29.06,27.07,78.83,347.7,False
2023-01-10 14:00:00,0.0,101.71,71.87,84.56,28.03,27.41,27.21,87.63,347.79,False
2023-01-10 15:00:00,0.0,95.79,72.42,85.2,27.62,27.61,25.85,91.29,346.97,False
2023-01-10 16:00:00,0.0,90.45,72.2,84.94,27.84,45.61,24.51,90.94,346.15,True
2023-01-10 17:00:00,25.19,130.41,73.26,86.19,27.11,25.9,23.07,89.45,345.28,False
2023-01-10 18:00:00,0.0,122.44,73.59,86.57,26.59,26.19,23.99,91.34,345.84,False
2023-01-10 19:00:00,0.0,114.78,73.92,86.96,25.71,25.58,24.21,91.43,345.97,False
2023-01-10 20:00:00,0.0,108.51,74.13,87.21,26.3,25.76,25.3,90.67,346.63,False
2023-01-10 21:00:00,0.0,102.27,74.26,87.37,25.99,25.9,26.27,87.94,347.22,False
2023-01-10 22:00:00,0.0,96.26,74.19,87.28,26.37,25.99,25.84,85.56,346.96,False
2023-01-10 23:00:00,0.0,90.43,74.02,87.08,26.0,25.19,27.82,81.44,348.16,False
2023-01-11 00:00:00,19.9,121.3,74.54,87.69,25.9,25.69,28.96,78.53,348.85,False
2023-01-11 01:00:00,0.0,113.98,74.88,88.09,24.03,25.29,30.31,73.46,349.67,False
2023-01-11 02:00:00,0.66,107.82,75.09,88.35,24.71,24.74,31.05,70.32,350.12,False
2023-01-11 03:00:00,2.38,105.71,75.07,88.32,24.56,24.42,30.52,66.95,349.79,False
2023-01-11 04:00:00,19.15,133.47,75.81,89.19,99.0,24.03,32.3,69.71,350.88,True
2023-01-11 05:00:00,0.0,125.54,76.26,89.71,23.45,24.39,32.15,67.4,350.78,False
2023-01-11 06:00:00,0.0,118.41,76.6,90.12,23.79,23.64,32.88,65.11,351.22,False
2023-01-11 07:00:00,0.0,110.8,76.85,90.41,23.47,23.54,33.43,67.13,351.56,False
2023-01-11 08:00:00,0.0,103.89,76.95,90.53,22.81,34.65,32.58,67.47,351.04,True
2023-01-11 09:00:00,0.0,97.91,76.93,90.5,23.17,22.86,32.37,68.46,350.92,False
2023-01-11 10:00:00,0.0,91.89,76.83,90.39,23.08,22.65,30.96,67.99,350.06,False
2023-01-11 11:00:00,0.0,86.5,76.68,90.22,23.36,23.05,28.89,73.85,348.8,False
2023-01-11 12:00:00,0.0,81.43,76.47,89.96,23.83,24.07,26.99,77.33,347.65,False
2023-01-11 13:00:00,18.14,109.46,76.75,90.3,23.12,23.07,27.42,79.36,347.92,False
2023-01-11 14:00:00,0.0,102.7,76.74,90.28,22.6,22.99,26.12,82.03,347.13,False
2023-01-11 15:00:00,0.0,95.77,76.65,90.17,23.59,35.45,24.73,88.88,346.29,True
2023-01-11 16:00:00,0.0,90.14,76.58,90.09,23.85,23.19,23.58,90.77,345.59,False
2023-01-11 17:00:00,0.0,84.26,76.22,89.67,23.1,23.82,23.71,89.19,345.67,False
2023-01-11 18:00:00,4.51,87.61,76.05,89.47,23.94,23.72,23.88,90.51,345.77,False
2023-01-11 19:00:00,0.0,82.35,75.72,89.08,23.91,24.36,24.55,93.85,346.18,False
2023-01-11 20:00:00,0.0,77.32,75.41,88.72,25.04,24.44,24.72,88.37,346.28,False
2023-01-11 21:00:00,0.0,72.88,74.92,88.14,25.55,24.63,26.28,88.24,347.23,False
2023-01-11 22:00:00,0.0,67.99,74.38,87.51,25.29,26.04,25.63,84.62,346.83,False
2023-01-11 23:00:00,0.0,63.85,73.79,86.81,45.69,26.94,27.86,82.64,348.19,True
2023-01-12 00:00:00,15.21,87.54,73.62,86.62,26.47,26.58,28.53,76.29,348.59,False
2023-01-12 01:00:00,0.0,82.36,73.43,86.39,26.12,25.97,30.08,74.56,349.53,False
2023-01-12 02:00:00,3.5,83.56,73.27,86.2,27.07,26.64,30.49,71.34,349.78,False
2023-01-12 03:00:00,8.23,93.22,73.2,86.12,26.75,26.9,32.32,68.56,350.89,False
2023-01-12 04:00:00,2.38,92.36,73.01,85.89,27.63,26.32,32.57,66.03,351.04,False
2023-01-12 05:00:00,0.0,87.09,73.03,85.91,27.63,26.76,32.44,65.17,350.96,False
2023-01-12 06:00:00,0.0,81.67,72.74,85.58,27.88,26.7,32.99,68.38,351.29,False
2023-01-12 07:00:00,0.0,77.17,72.41,85.19,27.75,27.18,32.7,69.6,351.12,False
2023-01-12 08:00:00,0.0,72.77,72.0,84.71,27.62,28.13,32.69,64.6,351.11,False
2023-01-12 09:00:00,0.0,68.55,72.17,84.91,27.23,27.81,30.97,63.46,350.07,False
2023-01-12 10:00:00,0.66,65.78,72.2,84.94,28.04,27.36,30.73,72.19,349.92,False
2023-01-12 11:00:00,56.85,163.82,73.97,87.02,26.3,26.01,29.9,74.75,349.42,False
2023-01-12 12:00:00,0.0,154.45,75.05,88.29,25.06,24.81,28.52,80.12,348.58,False
2023-01-12 13:00:00,0.0,145.47,75.67,89.02,23.8,24.68,28.14,82.19,348.35,False
2023-01-12 14:00:00,50.99,228.58,77.84,91.58,21.84,21.33,26.71,85.12,347.49,False
2023-01-12 15:00:00,0.0,214.94,79.69,93.76,20.34,20.01,25.31,90.16,346.64,False
2023-01-12 16:00:00,0.0,202.02,81.5,95.88,18.25,19.11,24.73,92.66,346.29,False
2023-01-12 17:00:00,0.0,189.73,83.11,97.78,16.58,16.42,24.33,88.75,346.04,False
2023-01-12 18:00:00,0.0,178.5,84.44,99.34,15.17,15.13,24.24,90.37,345.99,False
2023-01-12 19:00:00,0.0,167.56,85.0,100.0,14.95,14.79,23.06,91.31,345.27,False
2023-01-12 20:00:00,0.0,157.55,85.0,100.0,14.92,15.51,24.42,90.32,346.1,False
2023-01-12 21:00:00,0.0,148.12,85.0,100.0,14.67,15.16,24.43,87.45,346.1,False
2023-01-12 22:00:00,0.0,139.35,85.0,100.0,15.0,14.58,27.02,85.87,347.67,False
2023-01-12 23:00:00,0.0,131.27,85.0,100.0,15.1,14.97,27.3,83.62,347.84,False
2023-01-13 00:00:00,0.0,123.52,85.0,100.0,15.14,14.86,28.38,81.45,348.5,False
2023-01-13 01:00:00,0.0,116.31,85.0,100.0,14.62,15.18,30.2,75.53,349.6,False
2023-01-13 02:00:00,0.0,108.75,85.0,100.0,14.88,14.98,31.0,69.3,350.09,False
2023-01-13 03:00:00,0.0,102.37,84.95,99.94,15.06,15.13,31.0,67.81,350.09,False
2023-01-13 04:00:00,0.0,96.25,84.92,99.9,15.13,14.95,32.35,65.72,350.91,False
2023-01-13 05:00:00,0.0,90.58,84.83,99.81,14.63,15.69,32.65,65.51,351.08,False
2023-01-13 06:00:00,0.0,84.99,84.52,99.43,15.35,15.46,31.95,64.78,350.66,False
2023-01-13 07:00:00,7.48,93.69,84.42,99.32,15.82,15.33,32.43,68.58,350.95,False
2023-01-13 08:00:00,4.04,95.42,84.32,99.2,15.44,16.1,32.29,64.95,350.87,False
2023-01-13 09:00:00,0.0,89.47,84.34,99.22,15.81,15.9,31.61,68.87,350.46,False
2023-01-13 10:00:00,0.0,83.93,84.06,98.9,15.94,15.57,29.86,75.71,349.4,False
2023-01-13 11:00:00,0.0,79.16,83.71,98.48,16.11,14.72,30.36,73.21,349.7,False
2023-01-13 12:00:00,0.0,74.39,83.24,97.93,17.26,16.97,28.44,78.29,348.53,False
2023-01-13 13:00:00,0.0,69.92,82.62,97.2,17.26,17.21,27.36,79.73,347.88,False
2023-01-13 14:00:00,25.2,111.04,82.88,97.5,17.04,17.14,26.49,85.16,347.35,False
2023-01-13 15:00:00,0.0,104.68,82.96,97.6,16.84,17.51,24.85,86.34,346.36,False
2023-01-13 16:00:00,0.0,98.54,82.93,97.57,17.66,16.69,24.88,92.22,346.38,False
2023-01-13 17:00:00,0.0,92.27,82.85,97.47,17.71,16.7,23.93,91.82,345.8,False
2023-01-13 18:00:00,11.6,107.33,82.87,97.49,17.59,16.57,23.46,90.13,345.52,False
2023-01-13 19:00:00,0.0,100.89,83.05,97.71,17.3,17.83,24.5,93.2,346.15,False
2023-01-13 20:00:00,0.0,94.64,82.84,97.46,16.8,17.63,25.5,90.48,346.75,False
2023-01-13 21:00:00,0.0,88.32,82.82,97.43,17.0,17.45,25.75,89.81,346.91,False
2023-01-13 22:00:00,0.0,82.79,82.56,97.12,17.14,16.67,26.8,82.7,347.54,False
2023-01-13 23:00:00,0.0,77.74,82.18,96.68,18.23,17.25,27.02,82.36,347.68,False
2023-01-14 00:00:00,0.0,72.96,81.81,96.25,19.12,18.47,27.54,79.55,347.99,False
2023-01-14 01:00:00,0.0,68.8,81.29,95.63,18.98,18.87,30.56,73.53,349.82,False
2023-01-14 02:00:00,49.46,153.02,82.27,96.79,18.4,17.62,31.98,68.48,350.68,False
2023-01-14 03:00:00,0.0,143.61,83.05,97.71,17.13,16.41,32.61,68.02,351.06,False
2023-01-14 04:00:00,0.0,135.23,83.72,98.5,16.4,16.7,32.2,68.33,350.81,False
2023-01-14 05:00:00,24.13,170.35,85.0,100.0,14.77,15.72,32.15,66.73,350.79,False
2023-01-14 06:00:00,0.0,159.77,85.0,100.0,15.25,15.18,32.36,63.14,350.91,False
2023-01-14 07:00:00,10.08,168.12,85.0,100.0,15.37,14.7,31.84,61.91,350.59,False
2023-01-14 08:00:00,30.26,212.63,85.0,100.0,15.42,15.61,32.33,65.01,350.89,False
2023-01-14 09:00:00,0.0,199.8,85.0,100.0,15.04,15.07,32.65,67.16,351.08,False
2023-01-14 10:00:00,0.0,187.59,85.0,100.0,15.08,15.65,30.67,71.89,349.88,False
2023-01-14 11:00:00,0.0,176.48,85.0,100.0,14.98,14.86,29.85,74.17,349.39,False
2023-01-14 12:00:00,0.0,166.01,85.0,100.0,14.77,15.82,29.33,76.49,349.07,False
2023-01-14 13:00:00,12.63,178.41,85.0,100.0,15.35,14.82,27.09,83.83,347.72,False
2023-01-14 14:00:00,10.19,186.07,85.0,100.0,14.24,14.74,27.47,85.28,347.95,False
2023-01-14 15:00:00,0.0,174.52,85.0,100.0,14.33,15.33,26.51,88.77,347.37,False
2023-01-14 16:00:00,0.0,164.4,85.0,100.0,14.78,14.97,24.52,86.67,346.16,False
2023-01-14 17:00:00,0.0,154.9,85.0,100.0,14.49,15.15,23.81,86.67,345.73,False
2023-01-14 18:00:00,0.0,145.52,85.0,100.0,15.43,14.59,24.42,89.12,346.1,False
2023-01-14 19:00:00,0.0,137.11,85.0,100.0,14.82,14.6,23.94,90.56,345.81,False
2023-01-14 20:00:00,0.0,128.66,85.0,100.0,15.35,14.85,23.91,91.28,345.79,False
2023-01-14 21:00:00,0.0,120.9,85.0,100.0,15.52,15.14,26.09,83.22,347.11,False
2023-01-14 22:00:00,0.0,113.47,85.0,100.0,15.02,14.69,26.98,88.19,347.65,False
2023-01-14 23:00:00,0.0,106.65,85.0,100.0,15.13,15.43,27.43,81.96,347.92,False
2023-01-15 00:00:00,0.0,100.27,84.91,99.89,15.58,15.05,27.74,80.72,348.11,False
2023-01-15 01:00:00,0.0,94.25,84.89,99.88,15.51,15.79,28.93,72.6,348.83,False
2023-01-15 02:00:00,0.0,88.57,84.79,99.75,14.38,14.79,30.81,72.01,349.97,False
2023-01-15 03:00:00,0.0,83.3,84.61,99.55,15.22,15.52,31.38,68.27,350.32,False
2023-01-15 04:00:00,0.0,78.67,84.35,99.24,15.85,15.83,32.19,67.51,350.81,False
2023-01-15 05:00:00,0.0,73.35,83.97,98.79,16.11,16.14,33.46,64.01,351.58,False
2023-01-15 06:00:00,0.0,69.53,83.52,98.26,16.08,16.46,33.44,64.95,351.56,False
2023-01-15 07:00:00,7.46,78.67,83.29,97.99,16.03,17.05,33.67,66.68,351.71,False
2023-01-15 08:00:00,0.0,73.93,82.83,97.45,17.41,16.67,31.8,64.57,350.57,False
2023-01-15 09:00:00,0.0,69.89,82.39,96.92,17.28,17.73,31.48,68.58,350.37,False
2023-01-15 10:00:00,1.69,68.92,81.85,96.29,18.1,17.75,31.21,67.22,350.21,False
2023-01-15 11:00:00,0.0,64.95,81.28,95.62,18.78,18.49,29.93,75.78,349.44,False
2023-01-15 12:00:00,0.0,61.42,80.45,94.65,19.48,19.66,29.42,81.91,349.13,False
2023-01-15 13:00:00,0.0,57.69,79.7,93.77,19.92,20.68,27.59,79.13,348.02,False
2023-01-15 14:00:00,0.0,54.5,78.94,92.87,21.03,20.51,27.36,84.82,347.88,False
2023-01-15 15:00:00,0.0,50.86,78.11,91.89,21.67,38.51,25.64,89.66,346.84,True
2023-01-15 16:00:00,0.0,47.93,77.24,90.87,23.42,23.16,25.24,90.19,346.6,False
2023-01-15 17:00:00,0.0,45.22,76.26,89.72,23.82,23.76,23.96,91.85,345.82,False
2023-01-15 18:00:00,72.58,173.5,77.49,91.16,23.54,22.09,24.01,91.22,345.85,False
2023-01-15 19:00:00,0.0,163.3,78.65,92.53,20.82,21.96,24.7,90.67,346.27,False
2023-01-15 20:00:00,0.0,153.56,79.55,93.59,20.33,20.63,25.57,89.95,346.8,False
2023-01-15 21:00:00,0.0,144.25,80.42,94.61,19.46,19.77,25.76,87.98,346.91,False
2023-01-15 22:00:00,3.06,141.01,81.23,95.56,18.46,18.5,26.2,82.64,347.18,False
2023-01-15 23:00:00,3.45,138.67,81.85,96.3,18.01,18.23,28.16,81.49,348.37,False
2023-01-16 00:00:00,0.0,129.96,82.42,96.97,17.39,17.33,27.18,81.14,347.77,False
2023-01-16 01:00:00,0.0,122.68,82.72,97.32,16.89,17.76,28.81,73.54,348.76,False
2023-01-16 02:00:00,0.0,115.62,82.92,97.56,17.79,17.57,31.16,68.53,350.18,False
2023-01-16 03:00:00,0.0,108.76,83.11,97.77,16.86,16.83,31.69,67.8,350.5,False
2023-01-16 04:00:00,0.0,102.48,83.22,97.9,99.0,16.55,32.76,64.45,351.15,True
2023-01-16 05:00:00,3.99,103.73,83.43,98.16,16.96,16.88,32.89,61.8,351.23,False
2023-01-16 06:00:00,0.0,97.21,83.4,98.12,17.17,16.86,33.34,64.28,351.51,False
2023-01-16 07:00:00,0.0,91.57,83.3,98.0,16.31,16.23,32.36,63.06,350.91,False
2023-01-16 08:00:00,0.0,86.46,83.11,97.78,17.4,16.77,32.74,64.63,351.14,False
2023-01-16 09:00:00,0.0,81.06,82.96,97.6,17.01,17.91,32.28,68.41,350.86,False
2023-01-16 10:00:00,0.0,75.74,82.69,97.29,18.12,17.3,31.48,67.93,350.38,False
2023-01-16 11:00:00,0.0,70.85,82.27,96.78,17.94,17.83,30.87,70.89,350.01,False
2023-01-16 12:00:00,0.0,66.57,81.8,96.23,17.74,18.42,28.65,79.34,348.66,False
2023-01-16 13:00:00,0.0,62.21,81.22,95.56,19.28,18.55,27.5,77.76,347.96,False
2023-01-16 14:00:00,0.0,58.42,80.64,94.87,19.82,19.66,25.34,83.05,346.65,False
2023-01-16 15:00:00,0.0,54.72,79.98,94.1,19.5,20.17,25.0,84.3,346.45,False
2023-01-16 16:00:00,0.0,51.44,79.18,93.15,21.12,21.27,24.49,89.15,346.14,False
2023-01-16 17:00:00,0.0,48.2,78.35,92.17,22.29,20.98,24.78,92.38,346.32,False
2023-01-16 18:00:00,0.0,45.3,77.48,91.15,22.72,22.67,23.63,92.22,345.62,False
2023-01-16 19:00:00,0.0,42.76,76.56,90.07,23.05,23.52,24.63,96.31,346.23,False
2023-01-16 20:00:00,0.0,39.91,75.55,88.88,24.86,23.89,24.6,92.3,346.21,False
2023-01-16 21:00:00,0.0,37.6,74.56,87.72,25.71,25.33,25.21,86.04,346.58,False
2023-01-16 22:00:00,0.0,35.09,73.46,86.43,26.44,26.69,26.4,82.61,347.3,False
2023-01-16 23:00:00,0.0,32.98,72.33,85.09,27.49,27.69,27.1,87.04,347.72,False
2023-01-17 00:00:00,0.0,30.98,71.19,83.76,29.07,28.8,28.24,80.13,348.42,False
2023-01-17 01:00:00,3.34,35.24,70.8,83.3,28.83,29.19,28.64,75.56,348.66,False
2023-01-17 02:00:00,16.33,62.57,70.94,83.46,29.14,28.87,30.6,71.15,349.84,False
2023-01-17 03:00:00,0.0,59.19,70.99,83.51,29.49,29.82,31.39,68.65,350.32,False
2023-01-17 04:00:00,0.0,55.63,71.0,83.53,29.61,29.13,32.09,62.91,350.75,False
2023-01-17 05:00:00,0.0,52.1,71.01,83.54,28.78,29.11,33.1,64.79,351.36,False
2023-01-17 06:00:00,0.0,49.25,70.79,83.28,28.58,28.68,33.4,64.14,351.54,False
2023-01-17 07:00:00,0.0,46.4,70.62,83.08,29.1,29.26,32.99,62.67,351.29,False
2023-01-17 08:00:00,0.0,43.88,70.41,82.83,29.92,29.38,32.99,64.8,351.29,False
2023-01-17 09:00:00,0.0,41.21,70.11,82.49,29.59,29.87,32.03,71.13,350.71,False
2023-01-17 10:00:00,0.0,38.35,69.82,82.15,30.61,30.05,30.57,70.75,349.83,False
2023-01-17 11:00:00,0.0,36.72,69.44,81.7,30.26,30.31,29.39,78.52,349.11,False
2023-01-17 12:00:00,0.0,34.33,69.07,81.26,30.71,30.84,28.69,74.52,348.68,False
2023-01-17 13:00:00,0.0,31.93,68.49,80.57,31.44,31.08,27.68,80.58,348.07,False
2023-01-17 14:00:00,10.95,49.93,68.32,80.38,32.06,31.92,27.09,81.91,347.72,False
2023-01-17 15:00:00,0.0,46.65,68.16,80.18,31.21,32.17,26.03,85.48,347.08,False
2023-01-17 16:00:00,17.78,75.75,68.5,80.59,31.61,31.7,24.28,88.47,346.01,False
2023-01-17 17:00:00,0.0,71.24,68.62,80.73,31.49,31.72,24.09,92.15,345.9,False
2023-01-17 18:00:00,18.94,101.02,69.3,81.52,30.31,31.02,24.4,92.53,346.09,False
2023-01-17 19:00:00,0.0,94.85,69.79,82.11,30.35,29.69,24.79,90.16,346.33,False
2023-01-17 20:00:00,0.0,89.63,70.25,82.65,29.67,30.34,25.17,85.67,346.55,False
2023-01-17 21:00:00,0.0,84.22,70.68,83.16,28.86,29.66,25.28,90.85,346.62,False
2023-01-17 22:00:00,0.0,78.9,71.08,83.62,28.89,28.16,25.5,84.43,346.75,False
2023-01-17 23:00:00,0.0,74.46,71.39,83.99,28.19,28.3,26.74,79.39,347.5,False
2023-01-18 00:00:00,0.0,69.77,71.57,84.21,28.17,27.93,28.66,78.55,348.67,False
2023-01-18 01:00:00,16.62,95.48,72.11,84.84,28.24,28.06,29.87,74.79,349.4,False
2023-01-18 02:00:00,0.0,89.48,72.59,85.41,27.28,27.19,30.09,70.35,349.54,False
2023-01-18 03:00:00,0.0,84.17,72.56,85.36,27.78,27.45,31.71,68.4,350.52,False
2023-01-18 04:00:00,0.0,79.13,72.13,84.86,27.81,28.57,32.78,63.57,351.16,False
2023-01-18 05:00:00,0.0,74.38,72.27,85.02,27.34,28.31,32.16,66.0,350.79,False
2023-01-18 06:00:00,4.31,77.72,71.94,84.63,28.25,27.68,33.66,62.01,351.7,False
2023-01-18 07:00:00,13.97,98.45,72.64,85.45,27.59,27.55,32.62,63.27,351.07,False
2023-01-18 08:00:00,7.44,106.14,72.83,85.69,26.67,27.9,33.15,67.17,351.39,False
2023-01-18 09:00:00,0.0,99.46,72.88,85.74,27.58,26.76,31.36,70.51,350.31,False
2023-01-18 10:00:00,0.0,93.29,72.67,85.49,27.94,27.72,30.13,74.17,349.56,False
2023-01-18 11:00:00,0.0,87.97,72.48,85.27,27.77,27.46,29.39,76.49,349.11,False
2023-01-18 12:00:00,0.0,82.46,72.07,84.79,27.96,27.55,28.44,77.35,348.54,False
2023-01-18 13:00:00,19.88,113.44,72.99,85.87,27.81,27.61,27.1,78.54,347.72,False
2023-01-18 14:00:00,0.0,106.88,73.17,86.08,27.05,26.66,26.12,87.81,347.13,False
2023-01-18 15:00:00,0.0,99.98,73.19,86.1,26.89,26.75,25.52,90.64,346.76,False
2023-01-18 16:00:00,0.0,93.86,73.02,85.9,27.66,26.84,24.5,88.78,346.15,False
2023-01-18 17:00:00,0.0,88.47,72.79,85.63,27.86,27.64,24.11,93.37,345.91,False
2023-01-18 18:00:00,0.0,83.12,72.4,85.18,27.02,27.99,22.97,91.34,345.22,False
2023-01-18 19:00:00,0.0,78.01,72.06,84.77,27.74,27.65,24.39,94.53,346.08,False
2023-01-18 20:00:00,0.0,73.58,72.54,85.34,27.7,27.51,24.55,89.09,346.18,False
2023-01-18 21:00:00,0.0,69.5,72.05,84.76,28.44,28.1,26.28,91.86,347.23,False
2023-01-18 22:00:00,0.0,65.12,72.1,84.82,27.44,28.29,25.69,86.57,346.87,False
2023-01-18 23:00:00,0.0,61.74,72.14,84.88,28.22,27.61,26.25,85.22,347.21,False
2023-01-19 00:00:00,0.0,57.5,72.01,84.72,27.83,28.54,28.87,77.07,348.8,False
2023-01-19 01:00:00,0.0,53.6,71.82,84.49,28.47,28.51,29.87,75.19,349.4,False
2023-01-19 02:00:00,0.0,50.25,71.6,84.24,28.17,28.02,30.14,69.06,349.57,False
2023-01-19 03:00:00,0.0,47.13,71.46,84.07,27.61,28.73,30.76,69.79,349.94,False
2023-01-19 04:00:00,0.0,44.22,71.22,83.79,28.07,28.97,33.32,67.67,351.49,False
2023-01-19 05:00:00,3.4,47.53,71.0,83.53,28.55,28.71,33.7,69.27,351.72,False
2023-01-19 06:00:00,0.0,44.46,70.8,83.3,28.96,29.37,31.51,64.96,350.39,False
2023-01-19 07:00:00,0.0,41.72,70.64,83.1,29.36,29.37,32.57,65.93,351.04,False
2023-01-19 08:00:00,0.0,39.04,70.35,82.76,29.45,29.04,33.4,64.93,351.54,False
2023-01-19 09:00:00,0.0,36.91,69.88,82.21,30.1,28.84,31.4,69.18,350.33,False
2023-01-19 10:00:00,0.0,34.7,69.31,81.54,30.49,31.51,30.46,70.24,349.76,False
2023-01-19 11:00:00,0.0,32.55,68.71,80.83,31.29,31.24,29.5,74.61,349.17,False
2023-01-19 12:00:00,0.0,30.58,68.29,80.34,32.08,31.75,27.83,78.35,348.16,False
2023-01-19 13:00:00,0.0,29.08,67.71,79.66,32.28,31.88,26.31,80.92,347.25,False
2023-01-19 14:00:00,0.0,27.19,67.23,79.1,32.98,32.53,26.88,85.13,347.59,False
2023-01-19 15:00:00,39.4,96.1,67.8,79.76,32.49,33.07,24.21,87.15,345.97,False
2023-01-19 16:00:00,0.0,90.04,68.33,80.39,31.61,32.64,24.75,89.36,346.3,False
2023-01-19 17:00:00,0.0,84.57,68.79,80.93,30.49,30.46,24.69,93.68,346.26,False
2023-01-19 18:00:00,5.85,90.17,69.23,81.45,30.87,30.79,23.13,92.35,345.32,False
2023-01-19 19:00:00,1.79,88.25,69.77,82.08,29.96,30.98,23.6,92.22,345.6,False
2023-01-19 20:00:00,0.0,83.45,70.11,82.48,30.24,29.97,25.33,87.21,346.65,False
2023-01-19 21:00:00,0.0,78.66,70.36,82.78,30.18,29.91,25.64,88.75,346.84,False
2023-01-19 22:00:00,0.0,73.68,70.66,83.13,29.24,29.27,25.88,86.06,346.98,False
2023-01-19 23:00:00,0.0,69.2,70.86,83.37,29.2,29.34,28.06,80.83,348.3,False
2023-01-20 00:00:00,4.02,71.64,71.09,83.64,29.18,29.49,29.22,82.17,349.01,False
2023-01-20 01:00:00,0.0,67.25,71.12,83.68,28.55,29.08,29.83,69.8,349.37,False
2023-01-20 02:00:00,0.0,63.03,71.14,83.7,28.86,28.37,30.21,72.57,349.61,False
2023-01-20 03:00:00,0.0,58.56,71.18,83.74,28.21,28.57,31.43,69.53,350.35,False
2023-01-20 04:00:00,0.0,55.67,71.29,83.87,29.13,29.02,32.57,66.96,351.04,False
2023-01-20 05:00:00,0.0,52.22,71.3,83.88,29.37,28.67,32.73,64.83,351.14,False
2023-01-20 06:00:00,0.0,48.45,71.07,83.61,28.97,28.71,33.56,65.1,351.64,False
2023-01-20 07:00:00,0.0,45.47,70.78,83.27,28.92,28.79,31.93,66.21,350.65,False
2023-01-20 08:00:00,0.0,43.23,70.64,83.1,29.47,28.97,31.5,64.42,350.39,False
2023-01-20 09:00:00,0.0,41.21,70.37,82.79,29.12,29.34,31.79,68.7,350.57,False
2023-01-20 10:00:00,0.0,38.76,69.98,82.33,29.85,30.2,30.46,70.63,349.76,False
2023-01-20 11:00:00,0.0,36.46,69.6,81.88,30.24,30.2,29.29,72.19,349.05,False
2023-01-20 12:00:00,3.89,41.64,69.19,81.4,30.6,30.88,27.44,79.43,347.93,False
2023-01-20 13:00:00,0.0,39.09,68.92,81.09,31.16,31.14,27.35,80.49,347.87,False
2023-01-20 14:00:00,13.24,60.72,69.05,81.23,31.13,31.26,26.22,82.0,347.19,False
2023-01-20 15:00:00,0.0,57.33,69.13,81.32,30.88,30.55,25.71,86.82,346.88,False
2023-01-20 16:00:00,0.0,53.56,69.11,81.3,31.25,31.54,24.64,88.53,346.23,False
2023-01-20 17:00:00,0.0,50.81,68.93,81.09,31.23,30.37,24.07,93.58,345.89,False
2023-01-20 18:00:00,0.0,47.5,68.79,80.93,31.01,31.08,24.71,92.31,346.27,False
2023-01-20 19:00:00,0.0,44.46,68.65,80.77,31.31,31.18,23.37,94.29,345.46,False
2023-01-20 20:00:00,0.0,41.82,68.42,80.5,31.54,31.26,24.92,88.79,346.4,False
2023-01-20 21:00:00,0.0,39.59,68.15,80.18,31.7,30.97,24.32,89.65,346.04,False
2023-01-20 22:00:00,0.0,37.42,67.79,79.75,32.41,32.7,25.75,90.68,346.9,False
2023-01-20 23:00:00,0.0,35.16,67.3,79.18,31.84,33.03,26.61,82.34,347.42,False
2023-01-21 00:00:00,0.0,33.14,67.0,78.83,33.01,33.2,28.97,79.72,348.86,False
2023-01-21 01:00:00,0.0,31.47,66.53,78.27,33.6,33.18,29.63,75.76,349.25,False
2023-01-21 02:00:00,0.0,29.58,66.12,77.78,34.12,33.68,30.74,68.16,349.93,False
2023-01-21 03:00:00,0.0,27.57,66.33,78.04,34.11,33.53,31.02,69.27,350.1,False
2023-01-21 04:00:00,0.0,25.73,65.84,77.45,34.11,34.07,32.22,66.49,350.82,False
2023-01-21 05:00:00,0.0,24.46,65.9,77.53,34.44,34.42,32.39,63.96,350.93,False
2023-01-21 06:00:00,0.0,22.75,65.76,77.37,34.48,34.04,33.23,62.23,351.44,False
2023-01-21 07:00:00,0.0,20.91,65.61,77.19,34.49,34.05,32.25,65.87,350.84,False
2023-01-21 08:00:00,0.0,19.57,65.6,77.18,33.84,34.46,33.19,63.93,351.42,False
2023-01-21 09:00:00,0.0,18.37,65.42,76.97,35.01,34.6,30.68,72.37,349.89,False
2023-01-21 10:00:00,0.0,17.53,65.17,76.67,34.87,35.04,30.27,71.23,349.64,False
2023-01-21 11:00:00,0.17,16.35,64.87,76.31,35.03,35.69,30.67,71.93,349.89,False
2023-01-21 12:00:00,0.0,15.47,64.67,76.08,34.87,35.17,28.24,76.97,348.41,False
2023-01-21 13:00:00,0.0,14.89,64.46,75.83,34.57,35.92,26.55,81.07,347.39,False
2023-01-21 14:00:00,0.0,13.75,64.33,75.68,36.44,35.73,26.38,89.82,347.29,False
2023-01-21 15:00:00,0.0,12.95,64.02,75.32,36.1,36.39,25.03,86.13,346.47,False
2023-01-21 16:00:00,110.55,210.51,67.2,79.06,32.36,33.29,24.1,89.89,345.91,False
2023-01-21 17:00:00,0.0,198.15,69.41,81.65,30.09,30.29,23.5,90.45,345.54,False
2023-01-21 18:00:00,0.0,186.5,71.42,84.02,28.47,29.37,25.66,93.0,346.85,False
2023-01-21 19:00:00,0.0,175.3,73.35,86.3,26.97,26.72,24.0,90.48,345.85,False
2023-01-21 20:00:00,0.0,164.38,74.46,87.6,25.8,25.09,23.45,87.85,345.51,False
2023-01-21 21:00:00,0.0,154.72,75.44,88.75,24.83,24.1,26.21,87.51,347.19,False
2023-01-21 22:00:00,0.0,145.36,76.13,89.56,23.52,24.46,26.62,84.4,347.43,False
2023-01-21 23:00:00,0.0,135.81,76.78,90.33,23.15,23.74,26.88,80.44,347.59,False
2023-01-22 00:00:00,40.73,201.21,78.36,92.19,21.69,22.08,27.94,76.92,348.23,False
2023-01-22 01:00:00,0.0,189.48,79.7,93.77,20.27,20.08,30.07,76.75,349.52,False
2023-01-22 02:00:00,0.0,178.52,81.18,95.51,19.03,18.67,30.6,70.36,349.84,False
2023-01-22 03:00:00,0.0,167.42,82.42,96.96,18.21,16.95,30.53,65.83,349.8,False
2023-01-22 04:00:00,0.0,156.8,83.39,98.11,16.69,16.49,33.47,64.95,351.58,False
2023-01-22 05:00:00,0.0,147.27,84.04,98.88,15.72,16.02,32.59,64.59,351.05,False
2023-01-22 06:00:00,0.0,138.59,84.68,99.62,14.74,15.92,33.9,61.33,351.84,False
2023-01-22 07:00:00,0.0,129.99,85.0,100.0,15.07,14.89,33.61,67.73,351.67,False
2023-01-22 08:00:00,0.0,121.72,85.0,100.0,14.74,14.87,31.8,67.61,350.57,False
2023-01-22 09:00:00,0.0,114.63,85.0,100.0,15.17,15.12,32.3,70.96,350.87,False
2023-01-22 10:00:00,0.0,107.65,85.0,100.0,15.15,15.34,30.36,71.78,349.7,False
2023-01-22 11:00:00,6.8,113.61,85.0,100.0,15.63,15.62,28.54,70.19,348.6,False
2023-01-22 12:00:00,34.66,169.19,85.0,100.0,15.09,14.72,28.25,81.07,348.42,False
2023-01-22 13:00:00,0.0,158.99,85.0,100.0,15.18,14.93,27.57,79.9,348.01,False
2023-01-22 14:00:00,31.5,206.14,85.0,100.0,14.74,15.05,25.97,83.44,347.04,False
2023-01-22 15:00:00,4.01,200.88,85.0,100.0,14.43,14.89,25.13,88.21,346.53,False
2023-01-22 16:00:00,0.0,188.69,85.0,100.0,15.43,14.75,25.29,92.88,346.63,False
2023-01-22 17:00:00,0.0,177.04,85.0,100.0,15.48,14.9,24.22,93.63,345.98,False
2023-01-22 18:00:00,0.0,166.56,85.0,100.0,14.87,14.51,23.49,93.81,345.54,False
2023-01-22 19:00:00,0.0,156.94,85.0,100.0,14.23,14.76,24.57,90.9,346.19,False
2023-01-22 20:00:00,0.0,147.37,85.0,100.0,15.54,14.51,24.72,89.47,346.28,False
2023-01-22 21:00:00,0.0,139.09,85.0,100.0,15.48,15.0,23.81,88.59,345.73,False
2023-01-22 22:00:00,0.0,130.86,85.0,100.0,14.95,14.84,26.51,84.74,347.36,False
2023-01-22 23:00:00,15.05,150.18,85.0,100.0,15.43,14.78,27.57,83.4,348.01,False
2023-01-23 00:00:00,0.0,141.37,85.0,100.0,14.98,15.01,28.51,79.66,348.58,False
2023-01-23 01:00:00,0.0,133.18,85.0,100.0,15.09,14.01,30.2,75.56,349.6,False
2023-01-23 02:00:00,42.13,200.87,85.0,100.0,14.35,14.87,30.35,65.95,349.69,False
2023-01-23 03:00:00,0.0,188.99,85.0,100.0,15.49,15.08,31.88,68.36,350.62,False
2023-01-23 04:00:00,0.0,177.96,85.0,100.0,14.3,15.39,31.46,65.66,350.36,False
2023-01-23 05:00:00,0.0,167.17,85.0,100.0,15.69,15.24,33.09,64.81,351.35,False
2023-01-23 06:00:00,0.0,157.14,85.0,100.0,15.73,15.51,34.17,62.49,352.01,False
2023-01-23 07:00:00,0.0,147.48,85.0,100.0,13.98,14.43,32.25,61.83,350.84,False
2023-01-23 08:00:00,9.19,155.04,85.0,100.0,15.62,15.42,31.94,66.8,350.66,False
2023-01-23 09:00:00,6.57,157.45,85.0,100.0,14.9,15.12,31.26,67.39,350.24,False
2023-01-23 10:00:00,0.0,147.74,85.0,100.0,15.17,14.79,30.83,72.15,349.98,False
2023-01-23 11:00:00,35.36,202.49,85.0,100.0,14.44,15.04,29.03,73.03,348.89,False
2023-01-23 12:00:00,0.0,190.44,85.0,100.0,14.87,16.25,28.75,80.83,348.72,False
2023-01-23 13:00:00,0.0,179.14,85.0,100.0,14.53,15.06,27.84,83.63,348.17,False
2023-01-23 14:00:00,0.0,168.15,85.0,100.0,14.68,15.03,26.57,85.59,347.4,False
2023-01-23 15:00:00,0.0,157.88,85.0,100.0,15.49,15.34,24.26,87.47,346.0,False
2023-01-23 16:00:00,0.0,148.66,85.0,100.0,15.4,14.91,25.2,91.83,346.57,False
2023-01-23 17:00:00,0.0,139.56,85.0,100.0,15.33,14.68,24.72,92.31,346.28,False
2023-01-23 18:00:00,8.66,147.03,85.0,100.0,14.78,15.56,24.5,92.48,346.15,False
2023-01-23 19:00:00,6.76,150.16,85.0,100.0,14.72,14.42,24.38,93.61,346.07,False
2023-01-23 20:00:00,0.0,141.26,85.0,100.0,14.34,15.02,24.73,92.98,346.29,False
2023-01-23 21:00:00,0.88,134.59,85.0,100.0,15.27,14.97,25.94,85.39,347.02,False
2023-01-23 22:00:00,0.0,125.72,85.0,100.0,15.77,14.67,27.4,82.9,347.91,False
2023-01-23 23:00:00,0.0,118.43,85.0,100.0,15.58,14.47,26.76,80.06,347.52,False
2023-01-24 00:00:00,2.84,116.84,85.0,100.0,15.01,14.95,29.15,75.0,348.96,False
2023-01-24 01:00:00,0.0,109.73,85.0,100.0,15.2,15.15,29.61,74.25,349.25,False
2023-01-24 02:00:00,0.0,103.25,85.0,100.0,15.1,15.42,30.67,72.2,349.89,False
2023-01-24 03:00:00,8.23,111.61,85.0,100.0,15.36,14.69,30.76,68.06,349.94,False
2023-01-24 04:00:00,6.67,117.03,85.0,100.0,15.7,14.69,32.23,64.81,350.83,False
2023-01-24 05:00:00,0.0,110.75,85.0,100.0,14.77,15.61,32.25,66.73,350.84,False
2023-01-24 06:00:00,0.0,103.45,84.96,99.95,14.83,14.86,32.72,64.28,351.13,False
2023-01-24 07:00:00,0.0,97.09,84.73,99.68,15.16,15.14,32.19,65.16,350.81,False
2023-01-24 08:00:00,0.0,91.5,84.67,99.62,15.31,15.81,32.13,68.18,350.77,False
2023-01-24 09:00:00,0.0,86.39,84.45,99.35,15.84,14.89,31.44,67.85,350.35,False
2023-01-24 10:00:00,29.13,133.23,85.0,100.0,14.97,14.52,30.81,75.12,349.97,False
2023-01-24 11:00:00,0.0,125.04,85.0,100.0,14.66,15.56,28.7,73.48,348.69,False
2023-01-24 12:00:00,0.0,117.37,85.0,100.0,14.66,14.76,27.63,82.0,348.05,False
2023-01-24 13:00:00,0.0,110.13,85.0,100.0,14.53,14.79,27.55,79.67,348.0,False
2023-01-24 14:00:00,21.28,141.78,85.0,100.0,14.96,14.82,25.77,86.03,346.92,False
2023-01-24 15:00:00,0.0,132.85,85.0,100.0,15.41,14.87,25.96,86.61,347.03,False
2023-01-24 16:00:00,0.0,124.8,85.0,100.0,15.17,14.82,24.74,92.36,346.29,False
2023-01-24 17:00:00,0.0,117.03,85.0,100.0,15.23,15.06,24.52,90.57,346.16,False
2023-01-24 18:00:00,4.38,117.87,85.0,100.0,14.57,15.5,24.85,92.58,346.36,False
2023-01-24 19:00:00,0.0,110.59,85.0,100.0,14.53,14.68,23.97,90.22,345.82,False
2023-01-24 20:00:00,0.0,103.9,85.0,100.0,15.07,14.76,24.26,92.0,346.0,False
2023-01-24 21:00:00,3.16,103.05,85.0,100.0,15.5,15.01,25.84,86.59,346.96,False
2023-01-24 22:00:00,0.0,97.15,84.94,99.93,15.4,15.69,26.56,88.37,347.39,False
2023-01-24 23:00:00,7.93,105.5,85.0,100.0,14.73,14.88,27.22,79.63,347.8,False
2023-01-25 00:00:00,0.0,99.18,84.91,99.9,16.01,14.73,29.33,75.31,349.08,False
2023-01-25 01:00:00,0.0,93.18,84.67,99.61,14.52,14.52,29.54,76.28,349.2,False
2023-01-25 02:00:00,0.0,87.59,84.56,99.49,15.45,15.13,30.77,69.82,349.95,False
2023-01-25 03:00:00,0.0,82.34,84.27,99.14,15.77,15.39,31.69,68.09,350.51,False
2023-01-25 04:00:00,16.16,106.74,84.31,99.19,15.61,15.22,31.84,65.23,350.59,False
2023-01-25 05:00:00,0.0,100.25,84.37,99.26,15.84,15.65,32.89,61.85,351.23,False
2023-01-25 06:00:00,0.0,94.01,84.24,99.11,15.68,15.65,33.84,63.85,351.81,False
2023-01-25 07:00:00,0.0,88.39,84.07,98.91,15.33,16.5,33.11,67.01,351.37,False
2023-01-25 08:00:00,0.0,82.9,83.71,98.48,16.26,16.38,32.42,67.88,350.94,False
2023-01-25 09:00:00,0.0,77.9,83.42,98.14,16.65,16.98,31.58,68.56,350.44,False
2023-01-25 10:00:00,0.0,72.91,83.0,97.65,17.36,16.93,30.95,73.22,350.05,False
2023-01-25 11:00:00,7.77,82.83,82.78,97.39,17.78,16.87,30.11,72.26,349.55,False
2023-01-25 12:00:00,0.0,77.63,82.4,96.94,17.26,17.85,28.87,77.35,348.79,False
2023-01-25 13:00:00,0.0,73.33,82.0,96.48,18.66,17.54,27.14,82.42,347.74,False
2023-01-25 14:00:00,0.0,68.91,81.4,95.76,18.43,19.07,26.44,84.74,347.33,False
2023-01-25 15:00:00,0.0,65.03,81.02,95.32,18.77,18.68,25.61,87.41,346.82,False
2023-01-25 16:00:00,12.67,83.7,80.81,95.07,19.03,19.49,24.0,87.72,345.84,False
2023-01-25 17:00:00,0.0,78.09,80.61,94.83,18.61,19.54,24.25,87.36,346.0,False
2023-01-25 18:00:00,0.0,72.91,80.16,94.31,19.67,19.45,22.7,93.64,345.06,False
2023-01-25 19:00:00,10.06,87.4,79.89,93.99,20.63,20.59,24.44,92.01,346.11,False
2023-01-25 20:00:00,0.0,81.98,79.58,93.63,20.61,21.19,25.0,91.93,346.45,False
2023-01-25 21:00:00,0.0,77.39,79.23,93.21,20.86,20.47,25.77,87.03,346.91,False
2023-01-25 22:00:00,0.0,72.36,78.78,92.69,21.36,20.95,26.01,83.57,347.06,False
2023-01-25 23:00:00,0.0,68.07,78.43,92.27,22.08,21.6,27.52,81.64,347.98,False
2023-01-26 00:00:00,0.0,64.09,77.79,91.52,21.86,22.56,29.35,79.71,349.09,False
2023-01-26 01:00:00,0.0,61.09,77.12,90.73,23.24,23.37,30.51,73.91,349.79,False
2023-01-26 02:00:00,11.95,78.84,76.85,90.41,23.18,23.01,30.73,72.6,349.92,False
2023-01-26 03:00:00,1.35,76.32,76.35,89.83,23.33,23.7,31.77,66.09,350.55,False
2023-01-26 04:00:00,0.0,71.85,75.91,89.3,24.28,23.95,33.06,65.55,351.34,False
2023-01-26 05:00:00,0.0,67.26,75.4,88.71,24.63,24.43,31.95,64.34,350.66,False
2023-01-26 06:00:00,0.0,63.35,74.85,88.06,24.83,24.94,32.81,66.45,351.18,False
2023-01-26 07:00:00,0.0,59.53,74.23,87.33,25.34,25.22,33.65,64.89,351.69,False
2023-01-26 08:00:00,0.0,55.73,73.68,86.68,26.15,26.67,32.98,69.37,351.29,False
2023-01-26 09:00:00,0.0,52.54,72.84,85.7,26.95,27.2,31.9,65.41,350.63,False
2023-01-26 10:00:00,0.0,49.42,71.98,84.68,28.51,28.63,29.85,71.26,349.39,False
2023-01-26 11:00:00,0.0,46.68,71.8,84.47,28.11,28.53,29.63,74.74,349.26,False
2023-01-26 12:00:00,0.0,44.37,71.56,84.19,28.29,28.28,28.15,79.24,348.36,False
2023-01-26 13:00:00,0.0,41.56,71.28,83.86,29.17,28.26,27.53,80.0,347.99,False
2023-01-26 14:00:00,0.0,38.94,70.82,83.31,29.72,29.93,25.76,88.37,346.91,False
2023-01-26 15:00:00,0.0,36.2,70.6,83.05,29.07,28.73,24.7,87.93,346.27,False
2023-01-26 16:00:00,0.0,34.19,70.2,82.59,29.3,29.66,23.36,87.95,345.46,False
2023-01-26 17:00:00,0.0,31.94,69.61,81.89,30.6,30.26,24.89,91.49,346.38,False
2023-01-26 18:00:00,8.2,44.9,69.4,81.65,30.51,30.34,23.76,91.37,345.7,False
2023-01-26 19:00:00,0.0,42.55,69.03,81.21,30.76,30.63,24.25,97.09,345.99,False
2023-01-26 20:00:00,0.0,39.79,68.76,80.9,31.65,30.75,24.6,92.22,346.21,False
2023-01-26 21:00:00,0.0,37.26,68.28,80.33,31.62,31.43,24.68,88.0,346.25,False
2023-01-26 22:00:00,0.0,35.33,67.95,79.94,32.82,32.03,25.49,84.78,346.75,False
2023-01-26 23:00:00,0.0,33.42,67.41,79.3,32.61,32.72,26.73,83.53,347.5,False
2023-01-27 00:00:00,0.0,31.6,66.86,78.65,33.21,32.93,28.07,80.0,348.31,False
2023-01-27 01:00:00,0.0,29.59,66.36,78.07,34.54,33.43,29.88,68.55,349.41,False
2023-01-27 02:00:00,0.0,27.38,65.77,77.37,34.36,33.82,30.27,72.29,349.65,False
2023-01-27 03:00:00,0.0,25.52,65.71,77.3,34.01,34.36,32.73,68.16,351.13,False
2023-01-27 04:00:00,31.49,80.37,66.49,78.22,33.11,33.53,33.01,63.25,351.31,False
2023-01-27 05:00:00,4.11,83.13,66.84,78.64,32.97,33.31,33.33,66.24,351.5,False
2023-01-27 06:00:00,20.35,114.86,67.83,79.8,32.26,31.95,32.93,68.49,351.25,False
2023-01-27 07:00:00,0.0,107.79,68.78,80.91,31.59,30.86,33.76,65.59,351.76,False
2023-01-27 08:00:00,2.38,105.48,69.6,81.88,29.8,30.39,32.27,68.08,350.85,False
2023-01-27 09:00:00,0.0,99.29,70.31,82.72,29.69,29.9,31.66,71.71,350.49,False
2023-01-27 10:00:00,0.0,93.24,70.73,83.21,29.78,28.92,30.85,69.34,350.0,False
2023-01-27 11:00:00,0.0,87.47,71.18,83.75,28.92,28.56,30.09,70.66,349.53,False
2023-01-27 12:00:00,2.51,87.34,71.59,84.22,28.95,27.92,28.88,79.31,348.8,False
2023-01-27 13:00:00,0.0,81.94,71.83,84.51,27.56,27.7,27.05,81.13,347.69,False
2023-01-27 14:00:00,0.0,77.22,72.02,84.73,27.89,27.76,25.93,82.25,347.01,False
2023-01-27 15:00:00,0.0,72.7,72.28,85.04,27.76,27.38,25.7,87.74,346.88,False
2023-01-27 16:00:00,14.05,93.18,72.15,84.88,28.07,28.17,25.03,91.58,346.47,False
2023-01-27 17:00:00,0.0,87.38,72.49,85.28,27.17,27.52,23.92,91.23,345.79,False
2023-01-27 18:00:00,0.0,82.38,72.17,84.91,27.99,28.33,23.05,90.43,345.27,False
2023-01-27 19:00:00,0.0,77.4,72.49,85.28,27.71,28.02,24.03,91.08,345.86,False
2023-01-27 20:00:00,0.0,72.32,72.0,84.7,27.97,28.01,24.98,90.09,346.44,False
2023-01-27 21:00:00,0.0,68.1,72.03,84.75,28.15,27.16,26.4,84.04,347.3,False
2023-01-27 22:00:00,0.0,63.84,72.03,84.74,28.1,28.13,25.53,84.71,346.77,False
2023-01-27 23:00:00,0.0,60.14,72.1,84.82,27.64,28.36,27.08,78.93,347.71,False
2023-01-28 00:00:00,0.0,57.34,71.89,84.57,28.05,28.37,28.27,79.32,348.43,False
2023-01-28 01:00:00,84.36,205.85,74.3,87.41,25.2,25.84,30.48,71.25,349.77,False
2023-01-28 02:00:00,0.0,193.69,75.88,89.27,23.53,24.02,30.73,73.03,349.92,False
2023-01-28 03:00:00,0.0,181.99,77.21,90.83,22.89,22.32,31.14,67.28,350.17,False
2023-01-28 04:00:00,16.62,200.64,78.84,92.75,20.41,21.41,32.73,64.79,351.14,False
2023-01-28 05:00:00,0.0,188.91,80.42,94.62,19.48,19.5,32.6,65.07,351.06,False
2023-01-28 06:00:00,0.0,177.39,81.82,96.26,18.35,18.31,32.27,62.27,350.85,False
2023-01-28 07:00:00,1.75,169.83,83.02,97.67,16.99,16.75,32.31,65.03,350.88,False
2023-01-28 08:00:00,0.0,160.18,84.0,98.83,16.87,16.8,33.44,64.41,351.56,False
2023-01-28 09:00:00,0.0,150.46,84.88,99.86,15.29,34.8,31.91,66.99,350.64,True
2023-01-28 10:00:00,0.0,141.8,85.0,100.0,14.89,14.85,30.81,71.81,349.97,False
2023-01-28 11:00:00,18.26,166.28,85.0,100.0,15.24,14.55,29.51,72.1,349.19,False
2023-01-28 12:00:00,0.0,156.14,85.0,100.0,14.48,14.44,28.68,75.47,348.68,False
2023-01-28 13:00:00,11.69,167.91,85.0,100.0,15.4,15.25,27.5,82.12,347.97,False
2023-01-28 14:00:00,0.0,157.62,85.0,100.0,14.8,14.77,26.43,84.95,347.31,False
2023-01-28 15:00:00,0.0,148.44,85.0,100.0,15.44,14.82,25.39,88.24,346.68,False
2023-01-28 16:00:00,0.0,139.9,85.0,100.0,15.16,14.78,25.12,90.78,346.53,False
2023-01-28 17:00:00,8.31,146.48,85.0,100.0,15.25,14.56,24.17,91.64,345.95,False
2023-01-28 18:00:00,62.27,250.17,85.0,100.0,14.78,14.88,23.41,93.22,345.49,False
2023-01-28 19:00:00,0.0,235.21,85.0,100.0,14.54,15.02,23.79,91.72,345.71,False
2023-01-28 20:00:00,0.0,221.37,85.0,100.0,14.54,14.6,23.42,86.11,345.49,False
2023-01-28 21:00:00,0.0,208.98,85.0,100.0,14.31,15.13,26.53,84.4,347.38,False
2023-01-28 22:00:00,0.0,197.18,85.0,100.0,14.85,14.51,26.77,88.86,347.52,False
2023-01-28 23:00:00,0.0,185.29,85.0,100.0,14.77,14.82,26.84,81.62,347.56,False
2023-01-29 00:00:00,0.0,174.26,85.0,100.0,15.4,15.15,28.33,79.9,348.47,False
2023-01-29 01:00:00,0.0,163.49,85.0,100.0,14.59,14.99,29.28,73.69,349.05,False
2023-01-29 02:00:00,0.0,153.92,85.0,100.0,15.88,14.34,31.68,70.88,350.5,False
2023-01-29 03:00:00,38.15,213.48,85.0,100.0,14.6,13.89,30.83,67.19,349.98,False
2023-01-29 04:00:00,0.0,200.44,85.0,100.0,14.64,15.23,32.47,70.81,350.97,False
2023-01-29 05:00:00,0.0,188.77,85.0,100.0,14.41,15.28,32.78,64.98,351.17,False
2023-01-29 06:00:00,0.0,177.36,85.0,100.0,15.0,15.17,33.5,62.93,351.6,False
2023-01-29 07:00:00,0.0,166.56,85.0,100.0,14.87,14.91,32.78,61.17,351.17,False
2023-01-29 08:00:00,0.0,156.69,85.0,100.0,14.96,14.9,31.34,69.82,350.29,False
2023-01-29 09:00:00,0.0,147.15,85.0,100.0,15.16,14.96,31.53,67.77,350.41,False
2023-01-29 10:00:00,0.0,138.31,85.0,100.0,15.39,15.23,30.17,72.49,349.58,False
2023-01-29 11:00:00,0.0,130.54,85.0,100.0,14.53,14.95,29.71,76.09,349.31,False
2023-01-29 12:00:00,0.0,122.52,85.0,100.0,15.01,15.15,29.36,77.07,349.09,False
2023-01-29 13:00:00,0.0,115.37,85.0,100.0,15.34,15.53,26.29,82.97,347.23,False
2023-01-29 14:00:00,0.0,108.27,85.0,100.0,14.56,14.61,25.77,83.79,346.92,False
2023-01-29 15:00:00,0.0,101.48,85.0,100.0,16.11,14.93,24.99,85.92,346.44,False
2023-01-29 16:00:00,0.0,95.37,84.85,99.82,16.09,14.81,24.37,92.45,346.07,False
2023-01-29 17:00:00,0.0,90.45,84.74,99.69,15.23,15.11,24.6,91.21,346.21,False
2023-01-29 18:00:00,3.73,91.98,84.55,99.47,15.01,15.41,23.9,93.04,345.78,False
2023-01-29 19:00:00,0.0,86.6,84.39,99.28,15.22,15.26,24.4,92.34,346.09,False
2023-01-29 20:00:00,0.0,81.24,83.99,98.81,16.1,15.36,24.23,91.4,345.98,False
2023-01-29 21:00:00,0.0,76.25,83.56,98.3,16.7,15.92,25.46,84.79,346.73,False
2023-01-29 22:00:00,0.0,71.23,83.02,97.68,16.24,17.15,26.72,83.83,347.49,False
2023-01-29 23:00:00,0.0,67.5,82.56,97.12,17.07,17.18,26.9,80.97,347.6,False
2023-01-30 00:00:00,0.0,63.53,81.94,96.4,18.12,17.98,28.97,76.34,348.86,False
2023-01-30 01:00:00,0.0,59.77,81.33,95.68,18.11,18.69,29.7,75.23,349.3,False
2023-01-30 02:00:00,0.0,56.25,80.72,94.96,19.17,19.65,31.38,73.37,350.31,False
2023-01-30 03:00:00,0.0,53.5,80.11,94.25,20.06,19.78,31.56,70.79,350.43,False
2023-01-30 04:00:00,17.23,81.39,79.85,93.94,20.09,20.25,32.63,65.2,351.07,False
2023-01-30 05:00:00,0.0,76.45,79.39,93.4,20.32,20.16,32.82,65.06,351.19,False
2023-01-30 06:00:00,0.0,72.41,79.06,93.01,20.98,20.88,32.94,64.89,351.26,False
2023-01-30 07:00:00,0.0,68.02,78.67,92.56,21.53,20.94,33.0,65.72,351.3,False
2023-01-30 08:00:00,0.0,63.43,78.09,91.86,21.55,21.86,32.72,64.12,351.13,False
2023-01-30 09:00:00,0.0,59.17,77.54,91.22,22.6,22.51,30.93,71.74,350.04,False
2023-01-30 10:00:00,0.0,55.56,76.85,90.41,23.28,23.06,31.61,72.85,350.46,False
2023-01-30 11:00:00,0.0,52.32,75.95,89.35,24.26,23.88,28.55,76.28,348.6,False
2023-01-30 12:00:00,0.0,49.42,75.08,88.33,25.02,25.03,28.09,80.41,348.32,False
2023-01-30 13:00:00,0.0,46.18,74.17,87.26,25.88,25.67,27.28,82.69,347.83,False
2023-01-30 14:00:00,0.0,43.34,73.22,86.15,26.71,26.61,26.5,82.95,347.36,False
2023-01-30 15:00:00,0.0,40.5,72.18,84.92,27.7,27.39,26.26,87.62,347.22,False
2023-01-30 16:00:00,0.0,38.4,71.75,84.41,28.54,28.45,23.49,86.82,345.53,False
2023-01-30 17:00:00,0.0,36.48,71.46,84.07,28.5,28.52,23.85,92.35,345.75,False
2023-01-30 18:00:00,0.0,34.88,70.91,83.42,29.31,28.9,22.72,91.66,345.07,False
2023-01-30 19:00:00,0.0,32.9,70.4,82.82,29.81,29.19,24.17,91.44,345.95,False
2023-01-30 20:00:00,0.0,31.48,69.97,82.32,29.65,30.96,24.77,92.53,346.31,False
2023-01-30 21:00:00,0.0,29.38,69.42,81.67,30.46,29.38,26.27,86.99,347.22,False
2023-01-30 22:00:00,0.0,27.69,68.91,81.07,31.07,30.79,26.32,84.5,347.25,False
2023-01-30 23:00:00,0.0,25.71,68.31,80.36,31.73,31.5,27.96,81.67,348.24,False
2023-01-31 00:00:00,4.83,33.02,67.89,79.87,32.28,32.48,28.85,74.32,348.78,False
2023-01-31 01:00:00,0.0,31.13,67.33,79.21,32.74,32.55,29.4,73.84,349.12,False
2023-01-31 02:00:00,0.0,28.52,66.65,78.42,33.36,33.42,29.9,66.03,349.42,False
2023-01-31 03:00:00,0.0,27.14,66.07,77.73,33.75,33.75,31.85,66.93,350.6,False
2023-01-31 04:00:00,0.0,25.77,65.92,77.55,34.5,34.82,31.5,67.59,350.39,False
2023-01-31 05:00:00,0.0,24.06,65.88,77.5,34.26,34.28,33.62,65.37,351.68,False
2023-01-31 06:00:00,0.0,22.7,65.72,77.32,34.23,34.02,32.9,62.81,351.24,False
2023-01-31 07:00:00,0.0,20.89,65.54,77.11,34.3,34.74,33.56,64.56,351.64,False
2023-01-31 08:00:00,0.0,19.41,65.54,77.11,34.57,34.36,32.11,63.73,350.76,False
2023-01-31 09:00:00,0.0,18.74,65.44,76.98,34.58,35.29,31.84,68.1,350.6,False
2023-01-31 10:00:00,0.0,17.27,65.16,76.66,34.23,35.38,30.88,76.86,350.01,False
2023-01-31 11:00:00,68.39,139.34,67.04,78.87,32.56,33.08,29.64,78.07,349.26,False
2023-01-31 12:00:00,0.0,130.57,68.2,80.24,32.32,31.7,28.24,78.11,348.41,False
2023-01-31 13:00:00,0.0,122.83,69.09,81.28,31.06,30.66,27.57,81.94,348.01,False
2023-01-31 14:00:00,0.0,115.63,70.04,82.4,29.7,30.31,25.69,83.04,346.87,False
2023-01-31 15:00:00,0.0,108.91,70.93,83.45,28.92,29.65,24.59,86.3,346.2,False
2023-01-31 16:00:00,0.0,102.52,71.61,84.24,28.05,28.28,25.35,90.85,346.66,False
2023-01-31 17:00:00,1.74,99.92,72.25,85.0,27.54,27.93,24.59,90.47,346.2,False
2023-01-31 18:00:00,0.0,93.76,72.77,85.61,27.64,27.43,24.04,93.81,345.87,False
2023-01-31 19:00:00,0.0,87.82,72.62,85.44,27.31,27.73,25.15,94.66,346.54,False
2023-01-31 20:00:00,0.0,82.37,72.34,85.1,28.0,27.35,24.44,90.79,346.11,False
2023-01-31 21:00:00,0.0,77.02,71.96,84.66,28.69,28.22,26.11,88.1,347.12,False
2023-01-31 22:00:00,31.89,129.83,73.06,85.95,26.78,27.84,26.36,81.64,347.27,False
2023-01-31 23:00:00,10.61,141.1,73.94,86.98,25.55,26.1,26.72,83.12,347.49,False
2023-02-01 00:00:00,0.0,132.78,74.49,87.63,25.68,25.69,29.61,75.71,349.24,False
2023-02-01 01:00:00,0.0,124.33,74.98,88.21,24.7,25.18,30.26,73.54,349.64,False
2023-02-01 02:00:00,0.0,116.86,75.31,88.59,24.69,24.92,30.68,72.92,349.89,False
2023-02-01 03:00:00,0.0,110.21,75.3,88.59,24.77,24.24,32.12,70.16,350.76,False
2023-02-01 04:00:00,0.0,103.77,75.36,88.66,25.39,25.46,32.15,64.94,350.79,False
2023-02-01 05:00:00,0.0,96.98,75.24,88.52,24.89,24.8,33.34,63.66,351.51,False
2023-02-01 06:00:00,0.0,91.16,75.2,88.47,24.62,25.02,31.57,62.6,350.43,False
2023-02-01 07:00:00,0.0,85.47,74.88,88.1,25.37,25.15,32.23,62.08,350.83,False
2023-02-01 08:00:00,0.0,80.34,74.62,87.79,25.71,25.76,32.98,64.61,351.29,False
2023-02-01 09:00:00,0.0,75.41,74.32,87.43,26.16,25.48,31.53,64.87,350.41,False
2023-02-01 10:00:00,11.03,91.25,74.22,87.32,25.41,25.26,30.87,72.37,350.01,False
2023-02-01 11:00:00,1.98,89.36,74.07,87.14,26.45,25.88,28.86,75.17,348.79,False
2023-02-01 12:00:00,0.0,84.1,73.8,86.82,27.11,26.39,29.61,79.12,349.24,False
2023-02-01 13:00:00,0.0,79.04,73.47,86.43,27.04,26.39,28.05,79.71,348.3,False
2023-02-01 14:00:00,0.0,74.44,72.96,85.84,27.62,26.77,26.13,82.61,347.13,False
2023-02-01 15:00:00,0.0,69.91,72.5,85.29,27.33,27.64,25.08,88.01,346.5,False
2023-02-01 16:00:00,0.0,65.94,72.04,84.76,28.63,27.59,25.22,90.25,346.58,False
2023-02-01 17:00:00,7.81,75.93,72.24,84.99,27.57,28.15,25.34,91.23,346.66,False
2023-02-01 18:00:00,0.0,71.79,72.44,85.22,27.55,27.44,24.57,91.42,346.19,False
2023-02-01 19:00:00,0.0,67.63,71.92,84.61,27.9,28.28,25.46,94.94,346.73,False
2023-02-01 20:00:00,0.0,63.53,72.0,84.71,27.77,27.54,24.05,90.98,345.87,False
2023-02-01 21:00:00,0.0,59.97,71.96,84.65,28.04,28.59,24.83,91.84,346.34,False
2023-02-01 22:00:00,0.0,56.52,71.78,84.44,27.76,28.41,25.54,87.54,346.78,False
2023-02-01 23:00:00,0.0,53.37,71.58,84.21,28.15,28.67,27.6,85.03,348.03,False
2023-02-02 00:00:00,0.0,50.2,71.23,83.8,28.38,28.26,28.61,75.85,348.63,False
2023-02-02 01:00:00,0.0,47.11,71.08,83.62,29.54,28.62,29.57,75.56,349.22,False
2023-02-02 02:00:00,0.0,44.33,70.85,83.35,29.8,29.23,31.24,70.14,350.23,False
2023-02-02 03:00:00,0.0,41.52,70.54,82.98,30.48,29.03,32.42,64.77,350.95,False
2023-02-02 04:00:00,0.0,39.32,70.14,82.51,29.84,29.61,31.48,68.87,350.38,False
2023-02-02 05:00:00,8.17,52.1,69.99,82.34,30.02,30.31,32.49,63.89,350.99,False
2023-02-02 06:00:00,0.0,49.15,69.81,82.13,30.5,29.95,33.49,61.89,351.6,False
2023-02-02 07:00:00,4.71,55.11,69.69,81.98,29.8,30.46,32.57,63.65,351.04,False
2023-02-02 08:00:00,0.0,52.14,69.52,81.78,30.09,30.15,31.92,64.28,350.64,False
2023-02-02 09:00:00,0.0,48.93,69.44,81.69,29.92,30.8,32.29,66.71,350.87,False
2023-02-02 10:00:00,0.0,46.24,69.11,81.3,31.23,30.44,29.98,70.56,349.47,False
2023-02-02 11:00:00,0.0,43.08,68.9,81.06,30.75,31.33,29.48,77.84,349.17,False
2023-02-02 12:00:00,0.0,40.55,68.45,80.53,31.95,32.41,28.7,76.67,348.69,False
2023-02-02 13:00:00,0.0,37.77,68.21,80.25,31.61,31.58,26.99,84.94,347.66,False
2023-02-02 14:00:00,0.0,35.47,67.61,79.54,32.39,32.13,26.72,86.7,347.49,False
2023-02-02 15:00:00,0.0,32.91,67.19,79.05,32.74,33.26,24.98,88.69,346.44,False
2023-02-02 16:00:00,0.0,31.26,66.66,78.43,33.41,33.36,25.45,91.62,346.72,False
2023-02-02 17:00:00,0.0,29.27,66.14,77.81,33.67,33.39,24.08,91.55,345.89,False
2023-02-02 18:00:00,0.0,27.78,66.15,77.82,34.27,33.99,24.4,94.57,346.09,False
2023-02-02 19:00:00,0.0,26.09,66.19,77.87,33.74,33.89,24.6,92.66,346.21,False
2023-02-02 20:00:00,0.0,23.97,66.0,77.64,34.15,33.75,24.23,86.8,345.98,False
2023-02-02 21:00:00,5.19,31.73,66.08,77.74,33.96,33.65,24.09,88.49,345.9,False
2023-02-02 22:00:00,0.0,29.67,66.15,77.83,33.44,34.2,26.47,86.57,347.34,False
2023-02-02 23:00:00,0.0,27.88,66.12,77.79,34.42,33.48,27.38,81.05,347.89,False
2023-02-03 00:00:00,0.0,26.66,66.12,77.79,33.62,33.33,28.83,78.25,348.77,False
2023-02-03 01:00:00,0.0,25.56,66.05,77.71,34.27,33.64,29.53,73.15,349.19,False
2023-02-03 02:00:00,0.0,23.96,66.06,77.71,34.24,34.29,30.49,68.24,349.78,False
2023-02-03 03:00:00,0.0,22.14,66.01,77.66,33.39,33.88,32.89,65.0,351.23,False
2023-02-03 04:00:00,0.0,20.59,65.93,77.57,33.99,33.84,31.51,62.8,350.4,False
2023-02-03 05:00:00,0.0,19.5,65.87,77.5,34.36,34.1,33.29,65.82,351.47,False
2023-02-03 06:00:00,0.0,18.3,65.84,77.45,34.05,34.36,32.66,59.02,351.09,False
2023-02-03 07:00:00,0.0,16.73,65.6,77.17,34.35,35.02,32.65,63.14,351.08,False
2023-02-03 08:00:00,0.0,15.57,65.59,77.17,34.49,34.55,32.21,64.34,350.82,False
2023-02-03 09:00:00,0.0,15.03,65.44,76.98,34.41,35.35,31.2,67.54,350.21,False
2023-02-03 10:00:00,0.0,14.22,65.19,76.7,34.95,35.1,31.09,67.29,350.14,False
2023-02-03 11:00:00,0.0,13.38,65.16,76.66,34.86,34.72,30.5,75.18,349.78,False
2023-02-03 12:00:00,0.0,12.46,64.89,76.35,35.03,35.46,28.78,75.45,348.74,False
2023-02-03 13:00:00,0.0,11.57,64.55,75.94,35.06,35.71,27.4,83.89,347.9,False
2023-02-03 14:00:00,0.0,11.04,64.25,75.59,35.91,36.21,25.66,83.76,346.85,False
2023-02-03 15:00:00,0.0,10.42,63.94,75.23,35.09,36.35,25.63,87.71,346.83,False
2023-02-03 16:00:00,0.0,10.03,63.76,75.01,36.35,36.29,25.9,90.13,346.99,False
2023-02-03 17:00:00,0.0,9.59,63.47,74.67,36.54,36.34,23.92,92.01,345.8,False
2023-02-03 18:00:00,0.0,9.02,63.19,74.34,36.49,36.87,23.77,92.07,345.71,False
2023-02-03 19:00:00,0.0,8.6,62.89,73.99,36.55,36.51,23.82,90.67,345.73,False
2023-02-03 20:00:00,0.0,7.9,62.68,73.74,37.49,37.26,24.31,90.81,346.03,False
2023-02-03 21:00:00,0.0,7.41,62.34,73.34,37.56,37.19,23.67,88.83,345.64,False
2023-02-03 22:00:00,0.0,7.37,62.0,72.94,38.05,38.18,26.49,83.47,347.35,False
2023-02-03 23:00:00,0.0,6.93,61.62,72.5,37.64,38.71,26.83,82.48,347.56,False
2023-02-04 00:00:00,55.59,106.51,62.92,74.03,37.27,37.2,27.53,80.38,347.99,False
2023-02-04 01:00:00,0.0,100.18,64.2,75.53,36.18,35.74,30.12,75.79,349.55,False
2023-02-04 02:00:00,0.0,93.82,65.38,76.92,34.56,34.51,30.1,72.86,349.54,False
2023-02-04 03:00:00,0.0,88.26,66.55,78.29,33.1,33.94,31.48,68.44,350.38,False
2023-02-04 04:00:00,0.0,83.47,66.93,78.74,33.25,33.47,33.28,64.0,351.47,False
2023-02-04 05:00:00,0.0,78.22,67.21,79.07,32.68,32.36,32.0,62.86,350.69,False
2023-02-04 06:00:00,6.74,85.74,67.67,79.61,32.67,32.43,32.08,64.64,350.74,False
2023-02-04 07:00:00,0.0,80.59,67.98,79.97,32.03,32.15,33.01,66.36,351.3,False
2023-02-04 08:00:00,0.0,75.74,68.19,80.22,30.95,31.73,33.09,71.45,351.35,False
2023-02-04 09:00:00,0.0,71.17,68.4,80.47,30.66,31.05,30.74,70.06,349.93,False
2023-02-04 10:00:00,6.01,77.94,68.67,80.79,31.05,30.51,30.99,68.66,350.08,False
2023-02-04 11:00:00,0.0,72.93,68.86,81.01,31.32,31.21,30.01,72.84,349.49,False
2023-02-04 12:00:00,0.0,68.76,69.05,81.24,30.75,30.27,27.26,82.56,347.82,False
2023-02-04 13:00:00,0.0,64.66,69.16,81.36,31.04,30.63,27.81,81.19,348.16,False
2023-02-04 14:00:00,0.0,60.25,69.32,81.55,30.41,30.95,26.78,85.1,347.53,False
2023-02-04 15:00:00,0.0,56.75,69.34,81.58,31.48,30.83,25.13,85.98,346.53,False
2023-02-04 16:00:00,0.0,53.38,69.17,81.38,30.76,30.59,25.35,93.25,346.66,False
2023-02-04 17:00:00,0.0,49.91,68.97,81.14,31.14,31.39,24.84,92.52,346.35,False
2023-02-04 18:00:00,0.0,46.97,68.64,80.76,30.97,31.57,24.06,90.45,345.88,False
2023-02-04 19:00:00,0.0,43.75,68.29,80.35,31.54,31.51,23.88,89.54,345.77,False
2023-02-04 20:00:00,0.0,40.92,68.08,80.09,32.12,32.53,24.02,90.74,345.86,False
2023-02-04 21:00:00,0.0,38.48,67.7,79.64,32.29,32.5,25.3,87.99,346.63,False
2023-02-04 22:00:00,0.0,35.66,67.18,79.03,31.71,32.51,26.59,86.66,347.41,False
2023-02-04 23:00:00,0.0,33.18,66.58,78.32,33.62,32.6,27.14,82.72,347.75,False
2023-02-05 00:00:00,0.0,30.89,65.97,77.62,34.27,34.12,27.18,77.47,347.77,False
2023-02-05 01:00:00,0.0,29.06,65.95,77.59,34.34,33.84,30.43,73.29,349.74,False
2023-02-05 02:00:00,0.0,27.45,65.97,77.61,34.47,34.04,30.86,70.68,350.0,False
2023-02-05 03:00:00,0.0,25.53,65.92,77.56,34.15,33.98,31.45,67.0,350.36,False
2023-02-05 04:00:00,0.0,23.72,65.94,77.57,35.02,33.18,32.91,65.62,351.24,False
2023-02-05 05:00:00,0.0,22.33,65.79,77.4,34.3,34.09,33.76,64.51,351.76,False
2023-02-05 06:00:00,0.0,21.03,65.8,77.41,33.28,33.76,31.32,62.2,350.28,False
2023-02-05 07:00:00,0.0,19.56,65.68,77.27,34.41,34.12,33.11,65.74,351.36,False
2023-02-05 08:00:00,0.0,18.93,65.59,77.16,34.86,34.18,31.54,65.13,350.41,False
2023-02-05 09:00:00,20.29,54.37,66.01,77.66,33.44,34.01,31.98,66.42,350.68,False
2023-02-05 10:00:00,0.0,51.06,66.51,78.24,33.39,33.61,30.83,70.3,349.98,False
2023-02-05 11:00:00,0.0,47.88,66.2,77.88,34.29,33.99,30.05,74.86,349.51,False
2023-02-05 12:00:00,67.85,167.45,68.45,80.53,31.32,30.59,28.2,78.17,348.39,False
2023-02-05 13:00:00,0.0,157.56,70.0,82.35,29.91,30.57,26.21,82.47,347.18,False
2023-02-05 14:00:00,0.0,147.59,71.55,84.18,28.76,27.8,25.98,86.8,347.04,False
2023-02-05 15:00:00,0.0,138.52,72.84,85.7,26.65,27.15,25.56,90.51,346.79,False
2023-02-05 16:00:00,9.88,147.86,73.59,86.58,26.4,26.08,25.21,90.7,346.58,False
2023-02-05 17:00:00,0.0,138.98,74.25,87.35,25.36,25.87,23.45,89.38,345.51,False
2023-02-05 18:00:00,0.0,130.83,74.81,88.01,25.09,24.46,24.62,91.46,346.22,False
2023-02-05 19:00:00,0.0,122.66,75.12,88.38,24.97,25.5,23.76,89.51,345.7,False
2023-02-05 20:00:00,0.0,115.28,75.42,88.73,25.01,24.44,24.82,93.52,346.34,False
2023-02-05 21:00:00,0.0,108.87,75.58,88.92,24.54,24.62,25.01,91.87,346.46,False
2023-02-05 22:00:00,0.0,102.35,75.61,88.95,24.17,24.07,26.36,86.3,347.27,False
2023-02-05 23:00:00,0.0,96.0,75.47,88.78,25.01,25.2,27.87,83.34,348.19,False
2023-02-06 00:00:00,0.0,89.84,75.39,88.7,24.85,24.06,27.76,78.5,348.12,False
2023-02-06 01:00:00,0.0,84.3,75.12,88.38,24.1,23.83,29.26,75.11,349.03,False
2023-02-06 02:00:00,0.0,78.92,74.56,87.72,99.0,25.98,30.86,67.81,350.0,True
2023-02-06 03:00:00,30.54,129.04,75.1,88.35,24.93,24.43,33.12,67.95,351.37,False
2023-02-06 04:00:00,0.0,121.46,75.52,88.84,24.47,24.46,31.88,64.11,350.62,False
2023-02-06 05:00:00,33.07,173.72,76.85,90.41,23.63,23.78,34.07,65.04,351.95,False
2023-02-06 06:00:00,0.0,163.15,77.96,91.72,21.96,21.88,34.2,63.88,352.03,False
2023-02-06 07:00:00,0.0,152.82,78.88,92.8,21.48,21.23,32.79,68.37,351.17,False
2023-02-06 08:00:00,0.0,143.9,79.6,93.64,20.92,20.73,32.22,67.71,350.82,False
2023-02-06 09:00:00,0.0,135.16,80.17,94.32,19.86,19.84,31.27,68.67,350.25,False
2023-02-06 10:00:00,0.0,127.09,80.7,94.94,19.48,19.82,30.71,70.47,349.91,False
2023-02-06 11:00:00,0.0,119.19,81.04,95.34,19.24,19.25,28.82,77.73,348.77,False
2023-02-06 12:00:00,0.0,111.91,81.15,95.47,19.04,37.25,28.45,77.94,348.54,True
2023-02-06 13:00:00,25.78,151.43,82.0,96.47,18.35,18.29,28.23,82.29,348.41,False
2023-02-06 14:00:00,0.0,141.94,82.72,97.32,16.86,17.26,25.88,85.08,346.99,False
2023-02-06 15:00:00,0.0,133.16,83.14,97.82,16.6,16.84,25.17,87.09,346.56,False
2023-02-06 16:00:00,7.64,138.91,83.88,98.68,15.62,16.25,23.58,90.2,345.59,False
2023-02-06 17:00:00,0.0,130.66,84.42,99.31,16.26,15.95,24.38,87.6,346.07,False
2023-02-06 18:00:00,0.0,122.62,84.71,99.66,14.62,14.9,24.16,88.9,345.94,False
2023-02-06 19:00:00,6.67,126.91,85.0,100.0,15.53,15.52,24.19,92.22,345.96,False
2023-02-06 20:00:00,0.0,119.19,85.0,100.0,15.19,15.5,24.47,93.26,346.13,False
2023-02-06 21:00:00,0.0,112.27,85.0,100.0,14.65,14.75,25.14,88.6,346.54,False
2023-02-06 22:00:00,0.0,105.26,85.0,100.0,14.49,15.7,26.55,83.56,347.39,False
2023-02-06 23:00:00,0.0,98.94,85.0,100.0,14.98,14.93,27.32,78.74,347.85,False
2023-02-07 00:00:00,3.03,98.26,85.0,100.0,14.91,15.23,28.69,79.57,348.69,False
2023-02-07 01:00:00,0.0,92.71,84.85,99.83,15.31,14.96,29.79,73.24,349.35,False
2023-02-07 02:00:00,0.0,86.99,84.59,99.52,14.53,15.74,31.42,72.29,350.34,False
2023-02-07 03:00:00,0.0,81.97,84.26,99.13,15.66,15.56,32.09,68.88,350.75,False
2023-02-07 04:00:00,1.33,79.76,83.94,98.76,15.71,16.12,32.51,66.83,351.0,False
2023-02-07 05:00:00,0.0,75.44,83.56,98.31,16.95,15.39,33.76,64.54,351.76,False
2023-02-07 06:00:00,0.0,70.5,83.18,97.86,16.99,16.63,33.25,64.77,351.45,False
2023-02-07 07:00:00,0.0,65.85,82.61,97.19,17.18,17.16,33.63,64.24,351.68,False
2023-02-07 08:00:00,0.0,62.25,81.85,96.29,18.72,17.39,32.76,64.61,351.15,False
2023-02-07 09:00:00,53.77,155.61,82.71,97.3,17.12,17.6,30.58,66.17,349.83,False
2023-02-07 10:00:00,0.0,146.09,83.42,98.15,16.53,16.42,31.53,66.23,350.41,False
2023-02-07 11:00:00,0.0,136.35,83.98,98.8,16.13,15.29,29.75,74.01,349.33,False
2023-02-07 12:00:00,0.0,128.2,84.25,99.12,36.11,15.99,28.47,81.04,348.55,True
2023-02-07 13:00:00,16.51,149.76,85.0,100.0,15.0,15.44,27.5,83.08,347.97,False
2023-02-07 14:00:00,4.77,149.11,85.0,100.0,15.57,14.95,26.04,85.46,347.08,False
2023-02-07 15:00:00,0.0,140.22,85.0,100.0,14.84,14.4,25.45,86.43,346.73,False
2023-02-07 16:00:00,18.59,165.37,85.0,100.0,14.61,14.25,24.25,92.12,345.99,False
2023-02-07 17:00:00,0.0,155.92,85.0,100.0,15.64,14.51,24.92,91.28,346.4,False
2023-02-07 18:00:00,0.0,146.45,85.0,100.0,14.87,14.67,23.93,95.15,345.8,False
2023-02-07 19:00:00,0.0,137.37,85.0,100.0,15.24,15.68,23.92,89.56,345.8,False
2023-02-07 20:00:00,0.0,129.41,85.0,100.0,15.31,14.92,24.05,88.62,345.87,False
2023-02-07 21:00:00,0.0,121.75,85.0,100.0,15.83,14.49,25.48,86.2,346.74,False
2023-02-07 22:00:00,56.66,216.34,85.0,100.0,14.88,14.75,26.36,82.04,347.28,False
2023-02-07 23:00:00,0.0,203.36,85.0,100.0,15.21,15.43,27.57,79.75,348.01,False
2023-02-08 00:00:00,0.0,191.05,85.0,100.0,14.69,15.22,27.88,78.21,348.2,False
2023-02-08 01:00:00,49.13,268.23,85.0,100.0,14.81,15.02,28.7,72.95,348.69,False
2023-02-08 02:00:00,13.04,276.11,85.0,100.0,14.7,14.93,31.13,63.29,350.16,False
2023-02-08 03:00:00,0.0,259.32,85.0,100.0,15.34,15.0,32.57,70.25,351.04,False
2023-02-08 04:00:00,0.0,243.89,85.0,100.0,15.37,15.06,31.78,62.51,350.56,False
2023-02-08 05:00:00,0.0,228.8,85.0,100.0,15.15,14.92,33.8,65.66,351.78,False
2023-02-08 06:00:00,0.0,214.75,85.0,100.0,14.69,15.04,33.17,64.06,351.4,False
2023-02-08 07:00:00,10.87,221.6,85.0,100.0,14.74,14.88,32.84,68.71,351.2,False
2023-02-08 08:00:00,3.37,214.34,85.0,100.0,14.72,14.66,32.16,67.87,350.79,False
2023-02-08 09:00:00,0.0,201.15,85.0,100.0,15.14,14.89,30.85,67.09,350.0,False
2023-02-08 10:00:00,0.0,189.08,85.0,100.0,14.37,15.13,31.34,69.6,350.29,False
2023-02-08 11:00:00,6.94,190.5,85.0,100.0,14.84,14.71,29.2,77.38,348.99,False
2023-02-08 12:00:00,0.0,178.63,85.0,100.0,14.46,15.17,28.03,75.05,348.29,False
2023-02-08 13:00:00,0.0,168.44,85.0,100.0,15.2,15.33,27.93,82.01,348.23,False
2023-02-08 14:00:00,0.0,158.5,85.0,100.0,14.6,15.14,25.12,84.74,346.52,False
2023-02-08 15:00:00,0.0,149.17,85.0,100.0,15.78,14.78,24.4,87.21,346.09,False
2023-02-08 16:00:00,0.0,140.22,85.0,100.0,15.42,15.04,24.59,90.83,346.2,False
2023-02-08 17:00:00,0.0,132.33,85.0,100.0,14.96,15.06,24.33,91.9,346.04,False
2023-02-08 18:00:00,40.79,198.1,85.0,100.0,15.17,15.08,24.29,92.91,346.02,False
2023-02-08 19:00:00,0.0,186.1,85.0,100.0,15.19,15.6,23.97,91.8,345.83,False
2023-02-08 20:00:00,0.0,175.16,85.0,100.0,14.62,14.54,26.12,90.96,347.13,False
2023-02-08 21:00:00,0.0,164.43,85.0,100.0,15.5,15.08,25.18,88.09,346.56,False
2023-02-08 22:00:00,0.0,154.48,85.0,100.0,14.96,14.84,26.11,83.68,347.12,False
2023-02-08 23:00:00,0.0,145.65,85.0,100.0,14.69,14.5,26.86,81.63,347.58,False
2023-02-09 00:00:00,0.0,137.03,85.0,100.0,15.22,14.5,28.57,76.57,348.62,False
2023-02-09 01:00:00,0.0,129.01,85.0,100.0,14.55,15.35,30.03,72.82,349.5,False
2023-02-09 02:00:00,0.0,121.62,85.0,100.0,15.26,14.44,31.47,70.33,350.37,False
2023-02-09 03:00:00,0.0,114.49,85.0,100.0,15.14,15.12,30.79,67.86,349.96,False
2023-02-09 04:00:00,0.0,107.37,85.0,100.0,14.74,15.05,32.25,65.95,350.84,False
2023-02-09 05:00:00,1.91,104.87,85.0,100.0,15.38,14.66,33.11,66.31,351.37,False
2023-02-09 06:00:00,26.8,146.98,85.0,100.0,15.28,15.33,33.35,63.0,351.51,False
2023-02-09 07:00:00,0.0,138.34,85.0,100.0,14.87,14.53,32.85,64.87,351.21,False
2023-02-09 08:00:00,0.0,130.06,85.0,100.0,15.22,14.78,32.72,66.11,351.13,False
2023-02-09 09:00:00,0.0,122.59,85.0,100.0,14.47,14.56,31.2,66.88,350.21,False
2023-02-09 10:00:00,0.0,115.8,85.0,100.0,15.2,15.31,31.68,71.15,350.5,False
2023-02-09 11:00:00,0.98,110.5,85.0,100.0,14.42,15.47,30.26,76.38,349.64,False
2023-02-09 12:00:00,0.0,104.19,85.0,100.0,15.05,15.1,27.69,78.37,348.08,False
2023-02-09 13:00:00,0.0,97.95,84.91,99.89,15.37,16.11,26.69,82.08,347.47,False
2023-02-09 14:00:00,14.47,117.52,85.0,100.0,15.14,15.18,25.62,83.59,346.83,False
2023-02-09 15:00:00,0.0,110.05,85.0,100.0,15.62,15.25,25.72,91.84,346.89,False
2023-02-09 16:00:00,0.0,103.58,85.0,100.0,14.68,15.4,23.83,88.83,345.74,False
2023-02-09 17:00:00,37.01,164.28,85.0,100.0,15.16,14.73,23.95,88.19,345.82,False
2023-02-09 18:00:00,0.0,154.61,85.0,100.0,14.15,15.16,24.27,93.72,346.01,False
2023-02-09 19:00:00,0.0,145.56,85.0,100.0,14.8,14.61,24.11,91.29,345.91,False
2023-02-09 20:00:00,0.0,137.6,85.0,100.0,14.88,14.47,24.76,89.52,346.3,False
2023-02-09 21:00:00,5.81,139.96,85.0,100.0,15.63,15.44,24.68,86.81,346.26,False
2023-02-09 22:00:00,0.0,131.48,85.0,100.0,14.99,14.66,26.61,88.74,347.42,False
2023-02-09 23:00:00,0.0,123.55,85.0,100.0,15.37,15.07,26.97,82.33,347.64,False
2023-02-10 00:00:00,0.0,116.63,85.0,100.0,14.64,15.65,28.31,79.1,348.45,False
2023-02-10 01:00:00,0.0,109.25,85.0,100.0,14.87,14.28,29.81,74.7,349.36,False
2023-02-10 02:00:00,0.0,103.07,85.0,100.0,14.67,15.26,30.81,71.54,349.97,False
2023-02-10 03:00:00,0.0,96.89,84.99,99.99,14.62,15.0,31.7,70.9,350.51,False
2023-02-10 04:00:00,39.65,162.2,85.0,100.0,14.63,14.97,31.95,65.37,350.66,False
2023-02-10 05:00:00,29.98,206.0,85.0,100.0,14.75,15.02,32.67,61.56,351.1,False
2023-02-10 06:00:00,0.0,194.08,85.0,100.0,15.82,15.01,33.0,65.74,351.3,False
2023-02-10 07:00:00,91.74,347.32,85.0,100.0,14.98,15.21,32.02,65.47,350.71,False
2023-02-10 08:00:00,0.0,326.5,85.0,100.0,14.46,14.58,32.12,66.09,350.76,False
2023-02-10 09:00:00,0.0,306.62,85.0,100.0,14.79,15.2,31.91,69.04,350.64,False
2023-02-10 10:00:00,0.0,288.81,85.0,100.0,15.41,14.55,29.98,70.26,349.47,False
2023-02-10 11:00:00,0.0,271.51,85.0,100.0,14.72,15.84,30.36,74.42,349.7,False
2023-02-10 12:00:00,0.0,254.82,85.0,100.0,15.6,14.96,29.26,77.74,349.03,False
2023-02-10 13:00:00,0.0,239.4,85.0,100.0,15.41,15.07,26.59,80.44,347.41,False
2023-02-10 14:00:00,0.0,225.45,85.0,100.0,14.92,15.71,27.06,87.38,347.7,False
2023-02-10 15:00:00,3.46,217.86,85.0,100.0,14.74,33.71,25.23,85.07,346.59,True
2023-02-10 16:00:00,0.0,204.68,85.0,100.0,14.62,15.0,24.85,94.85,346.36,False
2023-02-10 17:00:00,2.87,197.92,85.0,100.0,15.08,14.44,23.86,93.28,345.76,False
2023-02-10 18:00:00,0.0,186.15,85.0,100.0,15.17,14.61,24.55,88.44,346.18,False
2023-02-10 19:00:00,0.0,174.61,85.0,100.0,15.54,14.43,24.4,91.07,346.08,False
2023-02-10 20:00:00,45.76,246.57,85.0,100.0,15.14,15.32,24.11,89.79,345.91,False
2023-02-10 21:00:00,59.94,339.63,85.0,100.0,14.86,15.23,24.62,88.68,346.22,False
2023-02-10 22:00:00,0.0,319.26,85.0,100.0,15.55,14.83,25.37,83.02,346.68,False
2023-02-10 23:00:00,0.0,300.39,85.0,100.0,15.33,14.8,27.45,81.69,347.93,False
2023-02-11 00:00:00,0.0,282.44,85.0,100.0,14.72,15.39,28.84,77.76,348.78,False
2023-02-11 01:00:00,19.36,300.32,85.0,100.0,14.97,15.0,30.06,72.9,349.51,False
2023-02-11 02:00:00,0.0,282.26,85.0,100.0,15.26,14.65,30.68,69.25,349.89,False
2023-02-11 03:00:00,0.0,265.64,85.0,100.0,15.12,15.43,30.99,69.94,350.08,False
2023-02-11 04:00:00,0.0,249.49,85.0,100.0,14.6,14.94,31.99,62.48,350.68,False
2023-02-11 05:00:00,0.0,233.87,85.0,100.0,15.07,27.27,33.54,65.43,351.62,True
2023-02-11 06:00:00,0.0,219.77,85.0,100.0,14.73,15.03,32.71,65.6,351.12,False
2023-02-11 07:00:00,0.0,206.7,85.0,100.0,15.03,15.83,32.93,64.04,351.26,False
2023-02-11 08:00:00,0.0,194.17,85.0,100.0,14.48,14.92,31.75,65.98,350.54,False
2023-02-11 09:00:00,0.0,182.36,85.0,100.0,14.64,14.2,31.88,70.43,350.62,False
2023-02-11 10:00:00,0.0,171.31,85.0,100.0,15.84,14.91,30.48,69.59,349.77,False
2023-02-11 11:00:00,12.93,184.3,85.0,100.0,14.83,15.11,30.29,73.17,349.66,False
2023-02-11 12:00:00,0.0,172.85,85.0,100.0,15.45,15.18,28.96,77.01,348.85,False
2023-02-11 13:00:00,0.0,162.68,85.0,100.0,14.95,15.32,27.04,83.95,347.68,False
2023-02-11 14:00:00,0.0,152.12,85.0,100.0,14.52,14.77,26.17,87.58,347.16,False
2023-02-11 15:00:00,0.0,143.15,85.0,100.0,14.57,15.63,24.99,85.11,346.44,False
2023-02-11 16:00:00,41.65,209.63,85.0,100.0,14.68,15.39,23.75,92.14,345.69,False
2023-02-11 17:00:00,0.0,197.2,85.0,100.0,15.86,15.05,23.64,93.16,345.63,False
2023-02-11 18:00:00,0.0,184.79,85.0,100.0,14.91,14.72,24.12,95.11,345.92,False
2023-02-11 19:00:00,0.0,173.79,85.0,100.0,15.07,15.77,24.35,92.29,346.06,False
2023-02-11 20:00:00,12.86,186.35,85.0,100.0,15.27,15.29,24.69,90.04,346.26,False
2023-02-11 21:00:00,0.0,175.65,85.0,100.0,15.2,14.8,25.14,90.19,346.53,False
2023-02-11 22:00:00,4.02,172.45,85.0,100.0,15.35,15.56,26.81,86.4,347.55,False
2023-02-11 23:00:00,0.0,161.75,85.0,100.0,14.79,15.09,27.37,86.11,347.89,False
2023-02-12 00:00:00,11.6,172.42,85.0,100.0,14.53,15.6,28.92,79.92,348.83,False
2023-02-12 01:00:00,0.0,161.89,85.0,100.0,14.62,14.66,28.6,74.68,348.63,False
2023-02-12 02:00:00,0.0,152.42,85.0,100.0,14.39,14.92,28.4,68.65,348.51,False
2023-02-12 03:00:00,3.79,150.44,85.0,100.0,14.79,15.55,31.85,66.94,350.6,False
2023-02-12 04:00:00,0.0,141.47,85.0,100.0,13.51,14.73,31.54,63.0,350.41,False
2023-02-12 05:00:00,0.0,133.0,85.0,100.0,15.29,14.9,32.72,64.05,351.13,False
2023-02-12 06:00:00,0.0,124.92,85.0,100.0,15.23,13.9,32.82,65.85,351.19,False
2023-02-12 07:00:00,0.0,117.42,85.0,100.0,14.61,15.16,33.8,64.47,351.78,False
2023-02-12 08:00:00,0.0,110.74,85.0,100.0,14.45,15.46,32.64,67.92,351.08,False
2023-02-12 09:00:00,0.0,103.99,85.0,100.0,15.61,14.63,31.78,68.78,350.56,False
2023-02-12 10:00:00,0.0,97.95,85.0,100.0,15.39,15.18,31.25,70.19,350.24,False
2023-02-12 11:00:00,0.0,91.91,84.95,99.94,14.95,14.83,29.89,74.55,349.41,False
2023-02-12 12:00:00,0.0,86.7,84.73,99.68,15.0,14.67,28.23,78.94,348.4,False
2023-02-12 13:00:00,0.0,81.67,84.52,99.43,15.5,15.35,27.98,81.9,348.25,False
2023-02-12 14:00:00,0.0,77.07,84.24,99.1,15.19,15.53,25.58,85.3,346.8,False
2023-02-12 15:00:00,0.0,73.01,83.73,98.5,16.39,16.32,25.51,86.36,346.76,False
2023-02-12 16:00:00,0.0,67.85,83.29,97.99,16.22,16.58,23.67,89.26,345.65,False
2023-02-12 17:00:00,0.0,64.01,82.71,97.31,16.33,17.82,24.28,96.04,346.01,False
2023-02-12 18:00:00,0.0,60.31,82.06,96.54,17.62,17.72,24.12,94.46,345.91,False
2023-02-12 19:00:00,0.0,56.82,81.36,95.71,18.24,18.59,25.16,88.58,346.55,False
2023-02-12 20:00:00,0.0,53.49,80.71,94.95,20.02,19.39,23.66,85.39,345.64,False
2023-02-12 21:00:00,0.0,50.35,80.0,94.12,20.67,19.98,24.96,88.05,346.42,False
2023-02-12 22:00:00,0.0,47.43,79.19,93.17,20.36,20.59,26.74,86.79,347.51,False
2023-02-12 23:00:00,0.0,44.85,78.32,92.14,21.64,21.7,27.54,80.58,347.99,False
2023-02-13 00:00:00,0.0,42.41,77.38,91.04,22.36,22.83,28.61,80.04,348.64,False
2023-02-13 01:00:00,0.0,39.86,76.62,90.14,24.11,23.74,29.09,74.5,348.93,False
2023-02-13 02:00:00,0.0,37.41,75.55,88.88,23.72,23.6,30.4,70.67,349.72,False
2023-02-13 03:00:00,0.0,35.17,74.46,87.6,25.73,25.74,32.43,69.61,350.95,False
2023-02-13 04:00:00,10.39,51.64,73.7,86.71,26.81,26.03,32.37,64.81,350.91,False
2023-02-13 05:00:00,0.0,49.08,72.81,85.66,26.97,27.65,33.07,63.9,351.34,False
2023-02-13 06:00:00,0.0,45.75,72.02,84.73,27.99,28.36,32.93,65.34,351.26,False
2023-02-13 07:00:00,0.0,43.23,71.62,84.26,28.8,28.75,32.14,64.41,350.77,False
2023-02-13 08:00:00,0.0,40.86,71.24,83.82,28.31,28.52,32.96,69.69,351.27,False
2023-02-13 09:00:00,0.0,38.25,70.85,83.35,29.41,28.59,31.98,69.49,350.68,False
2023-02-13 10:00:00,0.0,36.04,70.37,82.79,29.01,30.14,32.13,72.26,350.77,False
2023-02-13 11:00:00,0.0,34.26,70.02,82.38,29.34,30.44,29.06,74.28,348.91,False
2023-02-13 12:00:00,0.0,32.11,69.45,81.71,30.89,29.75,28.99,79.75,348.87,False
2023-02-13 13:00:00,0.0,30.57,68.89,81.04,30.73,31.66,26.55,80.98,347.39,False
2023-02-13 14:00:00,0.0,29.07,68.32,80.37,31.76,31.83,26.34,85.56,347.26,False
2023-02-13 15:00:00,0.0,27.12,67.84,79.81,31.69,32.22,25.9,86.07,347.0,False
2023-02-13 16:00:00,0.0,25.16,67.37,79.26,32.74,32.3,23.36,92.2,345.46,False
2023-02-13 17:00:00,0.0,23.7,66.81,78.6,32.53,33.6,24.03,92.1,345.86,False
2023-02-13 18:00:00,0.0,21.9,66.07,77.73,34.45,33.75,23.66,95.97,345.64,False
2023-02-13 19:00:00,0.0,19.72,65.91,77.54,34.42,33.91,23.73,96.31,345.68,False
2023-02-13 20:00:00,6.2,29.55,66.08,77.75,33.67,33.06,24.83,91.65,346.35,False
2023-02-13 21:00:00,0.0,28.43,66.12,77.79,33.13,33.58,25.99,88.04,347.05,False
2023-02-13 22:00:00,0.0,26.59,66.01,77.66,33.91,33.59,26.17,83.11,347.16,False
2023-02-13 23:00:00,0.0,25.11,66.16,77.84,33.69,33.01,27.46,83.43,347.94,False
2023-02-14 00:00:00,0.0,23.81,66.07,77.73,33.71,34.55,28.57,78.42,348.61,False
2023-02-14 01:00:00,0.0,22.37,66.0,77.65,34.42,33.95,29.67,75.45,349.28,False
2023-02-14 02:00:00,0.0,20.93,65.86,77.48,34.63,33.57,30.1,74.46,349.54,False
2023-02-14 03:00:00,27.78,70.05,66.51,78.24,33.66,33.11,32.35,66.45,350.9,False
2023-02-14 04:00:00,0.0,65.86,66.71,78.48,33.89,33.06,32.57,64.03,351.04,False
2023-02-14 05:00:00,11.87,83.25,67.11,78.95,31.77,32.65,33.08,64.0,351.35,False
2023-02-14 06:00:00,0.0,78.5,67.44,79.35,32.43,32.88,32.52,65.64,351.0,False
2023-02-14 07:00:00,0.0,73.48,67.57,79.49,32.29,32.33,32.57,65.59,351.04,False
2023-02-14 08:00:00,0.0,68.69,67.69,79.63,32.65,32.35,32.29,64.08,350.87,False
2023-02-14 09:00:00,0.0,64.08,67.71,79.65,32.17,32.19,30.76,69.61,349.94,False
2023-02-14 10:00:00,0.0,60.41,67.65,79.58,32.58,32.82,29.74,68.6,349.32,False
2023-02-14 11:00:00,0.0,56.73,67.63,79.56,32.18,32.92,29.3,72.7,349.06,False
2023-02-14 12:00:00,0.0,53.58,67.5,79.41,32.23,32.45,28.81,77.77,348.76,False
2023-02-14 13:00:00,0.0,50.38,67.39,79.28,32.93,32.23,26.94,80.52,347.63,False
2023-02-14 14:00:00,26.64,94.9,68.03,80.04,31.97,31.93,25.64,86.78,346.84,False
2023-02-14 15:00:00,34.49,151.18,69.51,81.78,30.61,29.24,24.83,88.47,346.35,False
2023-02-14 16:00:00,0.0,142.38,70.92,83.44,28.58,29.2,24.33,93.66,346.04,False
2023-02-14 17:00:00,0.0,133.76,72.12,84.84,28.15,27.34,23.94,91.03,345.81,False
2023-02-14 18:00:00,0.0,126.09,73.15,86.06,26.41,26.76,25.3,91.76,346.63,False
2023-02-14 19:00:00,0.0,118.39,73.4,86.36,27.28,26.79,24.79,93.94,346.32,False
2023-02-14 20:00:00,1.78,114.7,73.68,86.68,26.22,26.09,25.22,89.94,346.58,False
2023-02-14 21:00:00,0.0,107.28,73.77,86.79,26.06,26.05,26.02,90.89,347.07,False
2023-02-14 22:00:00,12.72,123.68,74.3,87.41,26.06,25.8,25.65,86.08,346.84,False
2023-02-14 23:00:00,16.79,146.36,75.23,88.51,24.75,24.55,26.6,76.92,347.42,False
2023-02-15 00:00:00,0.0,137.16,75.92,89.31,24.37,24.45,27.84,80.36,348.17,False
2023-02-15 01:00:00,0.0,129.26,76.45,89.94,23.43,23.86,30.47,76.2,349.76,False
2023-02-15 02:00:00,0.0,121.32,76.83,90.39,23.45,23.39,30.42,72.9,349.74,False
2023-02-15 03:00:00,0.0,113.81,77.28,90.92,22.69,22.47,30.93,64.28,350.04,False
2023-02-15 04:00:00,0.0,107.38,77.59,91.28,22.76,22.64,32.14,64.55,350.78,False
2023-02-15 05:00:00,0.0,100.98,77.61,91.31,22.85,22.09,32.7,63.3,351.12,False
2023-02-15 06:00:00,0.0,95.16,77.54,91.23,21.82,22.42,33.16,62.32,351.4,False
2023-02-15 07:00:00,0.0,88.94,77.41,91.07,22.73,21.53,33.0,67.96,351.3,False
2023-02-15 08:00:00,0.0,83.36,77.07,90.67,23.67,23.4,31.9,65.85,350.63,False
2023-02-15 09:00:00,0.0,78.99,76.6,90.12,23.65,24.09,32.09,68.03,350.75,False
2023-02-15 10:00:00,0.0,74.5,76.09,89.52,24.88,24.0,30.37,72.1,349.7,False
2023-02-15 11:00:00,0.0,69.71,75.59,88.93,24.04,23.78,29.57,75.52,349.22,False
2023-02-15 12:00:00,0.0,65.59,74.97,88.2,25.13,24.94,28.91,71.33,348.82,False
2023-02-15 13:00:00,0.0,61.36,74.47,87.61,25.73,25.56,26.95,80.33,347.63,False
2023-02-15 14:00:00,0.0,58.1,73.68,86.68,26.11,26.33,25.91,82.17,347.0,False
2023-02-15 15:00:00,0.0,53.93,72.83,85.68,26.68,28.19,25.67,88.7,346.86,False
2023-02-15 16:00:00,0.0,50.78,71.89,84.58,28.98,28.01,24.09,89.55,345.9,False
2023-02-15 17:00:00,20.57,84.83,72.25,85.0,28.2,27.52,23.92,91.55,345.8,False
2023-02-15 18:00:00,0.0,79.41,71.9,84.59,28.32,28.16,24.33,87.84,346.05,False
2023-02-15 19:00:00,0.0,74.56,72.14,84.87,27.88,27.8,25.39,90.9,346.68,False
2023-02-15 20:00:00,2.9,75.42,72.39,85.17,27.66,27.31,24.97,92.35,346.43,False
2023-02-15 21:00:00,0.0,70.37,71.88,84.56,28.37,27.42,25.6,90.72,346.81,False
2023-02-15 22:00:00,0.0,65.76,71.89,84.58,28.69,28.4,26.57,86.44,347.4,False
2023-02-15 23:00:00,11.5,82.46,72.3,85.06,27.42,27.36,26.69,78.95,347.47,False
2023-02-16 00:00:00,4.86,86.01,72.02,84.73,28.02,27.58,28.57,80.52,348.61,False
2023-02-16 01:00:00,0.0,80.71,72.43,85.21,99.0,27.25,29.65,75.82,349.27,True
2023-02-16 02:00:00,0.0,75.86,71.93,84.63,27.65,27.48,30.94,70.77,350.05,False
2023-02-16 03:00:00,2.92,76.29,72.14,84.87,27.61,28.12,31.75,64.05,350.54,False
2023-02-16 04:00:00,0.0,71.7,72.5,85.3,27.58,27.71,32.62,67.78,351.07,False
2023-02-16 05:00:00,0.0,67.49,72.16,84.9,27.72,27.91,32.66,63.29,351.09,False
2023-02-16 06:00:00,0.0,63.67,72.11,84.84,27.9,28.17,33.04,64.69,351.32,False
2023-02-16 07:00:00,0.0,59.48,72.2,84.94,28.09,27.97,32.11,64.61,350.76,False
2023-02-16 08:00:00,6.25,66.97,72.45,85.23,28.02,27.79,32.21,68.95,350.82,False
2023-02-16 09:00:00,0.0,63.13,71.94,84.64,29.12,28.79,32.52,67.85,351.0,False
2023-02-16 10:00:00,0.0,58.89,71.92,84.61,28.39,28.47,30.94,70.97,350.05,False
2023-02-16 11:00:00,0.0,55.39,71.69,84.34,28.06,28.38,29.65,77.53,349.27,False
2023-02-16 12:00:00,0.0,52.08,71.56,84.19,28.88,28.06,29.64,76.68,349.26,False
2023-02-16 13:00:00,37.86,116.32,72.54,85.34,27.34,26.83,26.52,83.25,347.37,False
2023-02-16 14:00:00,28.41,160.33,73.59,86.57,26.13,25.71,25.58,84.6,346.8,False
2023-02-16 15:00:00,2.41,155.16,74.57,87.73,25.68,25.81,26.35,85.89,347.27,False
2023-02-16 16:00:00,26.73,193.89,76.1,89.53,24.47,23.68,24.63,90.13,346.23,False
2023-02-16 17:00:00,0.0,182.12,77.45,91.12,22.3,22.58,24.01,92.91,345.85,False
2023-02-16 18:00:00,0.0,171.24,78.48,92.32,21.65,21.14,23.28,94.71,345.41,False
2023-02-16 19:00:00,0.0,161.26,79.59,93.64,20.59,21.29,24.42,94.47,346.1,False
2023-02-16 20:00:00,0.15,152.01,80.42,94.61,19.2,18.87,24.93,89.53,346.41,False
2023-02-16 21:00:00,1.26,144.93,81.17,95.5,18.26,18.88,24.66,85.92,346.24,False
2023-02-16 22:00:00,0.0,135.8,81.82,96.25,17.62,18.04,26.17,84.36,347.16,False
2023-02-16 23:00:00,0.0,127.81,82.26,96.78,18.25,17.75,27.13,79.26,347.74,False
2023-02-17 00:00:00,0.0,119.79,82.53,97.1,17.28,17.34,28.65,77.57,348.66,False
2023-02-17 01:00:00,0.0,112.44,82.79,97.4,16.96,16.86,28.99,73.69,348.87,False
2023-02-17 02:00:00,0.0,105.75,82.77,97.37,17.36,16.79,31.5,72.45,350.39,False
2023-02-17 03:00:00,53.81,196.61,84.46,99.37,16.06,16.36,32.23,63.69,350.83,False
2023-02-17 04:00:00,0.0,185.2,85.0,100.0,14.53,14.88,32.18,64.41,350.8,False
2023-02-17 05:00:00,0.0,174.11,85.0,100.0,14.24,15.14,32.72,63.03,351.13,False
2023-02-17 06:00:00,0.0,163.51,85.0,100.0,15.59,14.36,32.92,66.37,351.25,False
2023-02-17 07:00:00,0.0,153.34,85.0,100.0,35.21,14.15,32.38,62.25,350.92,True
2023-02-17 08:00:00,0.0,144.72,85.0,100.0,14.57,14.73,32.13,66.33,350.77,False
2023-02-17 09:00:00,0.0,135.95,85.0,100.0,14.82,15.35,31.52,67.84,350.4,False
2023-02-17 10:00:00,0.0,128.0,85.0,100.0,14.6,15.01,31.72,73.09,350.52,False
2023-02-17 11:00:00,0.0,120.38,85.0,100.0,15.26,14.78,30.23,75.57,349.62,False
2023-02-17 12:00:00,20.66,150.19,85.0,100.0,15.41,15.17,29.06,78.24,348.91,False
2023-02-17 13:00:00,48.15,227.69,85.0,100.0,15.27,14.78,27.56,80.51,348.0,False
2023-02-17 14:00:00,0.0,213.61,85.0,100.0,15.07,15.55,25.58,81.3,346.8,False
2023-02-17 15:00:00,0.0,201.13,85.0,100.0,15.15,15.57,25.29,88.39,346.63,False
2023-02-17 16:00:00,0.0,189.03,85.0,100.0,14.7,14.77,25.19,91.19,346.56,False
2023-02-17 17:00:00,22.09,217.88,85.0,100.0,14.82,14.69,23.4,88.37,345.48,False
2023-02-17 18:00:00,26.44,252.26,85.0,100.0,15.0,14.97,24.38,89.53,346.08,False
2023-02-17 19:00:00,0.0,237.04,85.0,100.0,14.89,15.17,25.55,92.03,346.78,False
2023-02-17 20:00:00,0.0,222.48,85.0,100.0,15.0,14.89,25.24,90.8,346.6,False
2023-02-17 21:00:00,0.0,209.03,85.0,100.0,-0.65,15.42,26.17,85.92,347.16,True
2023-02-17 22:00:00,0.0,196.12,85.0,100.0,15.35,15.11,26.38,83.85,347.29,False
2023-02-17 23:00:00,0.0,184.47,85.0,100.0,14.57,15.44,27.92,77.95,348.22,False
2023-02-18 00:00:00,30.07,227.56,85.0,100.0,14.16,14.55,28.07,80.75,348.31,False
2023-02-18 01:00:00,7.7,228.2,85.0,100.0,14.71,14.76,30.14,71.78,349.57,False
2023-02-18 02:00:00,6.74,226.2,85.0,100.0,14.91,15.21,31.14,72.08,350.17,False
2023-02-18 03:00:00,0.0,213.0,85.0,100.0,15.81,15.02,31.86,68.03,350.6,False
2023-02-18 04:00:00,37.18,266.84,85.0,100.0,14.8,14.92,33.19,68.45,351.41,False
2023-02-18 05:00:00,0.0,250.94,85.0,100.0,15.08,14.79,32.52,62.89,351.01,False
2023-02-18 06:00:00,0.0,235.54,85.0,100.0,15.13,15.03,32.89,64.12,351.23,False
2023-02-18 07:00:00,3.72,228.15,85.0,100.0,14.39,15.57,32.9,61.08,351.24,False
2023-02-18 08:00:00,0.0,213.71,85.0,100.0,14.96,14.2,31.78,62.0,350.56,False
2023-02-18 09:00:00,0.0,200.69,85.0,100.0,14.89,14.94,31.82,69.29,350.58,False
2023-02-18 10:00:00,0.0,188.68,85.0,100.0,15.03,14.96,29.72,67.43,349.31,False
2023-02-18 11:00:00,0.0,177.88,85.0,100.0,15.17,14.57,30.29,73.92,349.66,False
2023-02-18 12:00:00,6.49,178.26,85.0,100.0,15.34,14.94,28.53,80.02,348.59,False
2023-02-18 13:00:00,0.0,167.56,85.0,100.0,14.66,14.34,27.02,83.12,347.68,False
2023-02-18 14:00:00,7.07,170.07,85.0,100.0,15.19,14.77,25.75,83.67,346.9,False
2023-02-18 15:00:00,0.0,159.29,85.0,100.0,14.71,14.89,25.18,84.72,346.56,False
2023-02-18 16:00:00,0.0,149.4,85.0,100.0,14.64,15.0,25.02,91.14,346.46,False
2023-02-18 17:00:00,0.0,140.29,85.0,100.0,15.7,15.75,24.48,94.21,346.14,False
2023-02-18 18:00:00,5.27,141.5,85.0,100.0,14.27,14.67,23.58,90.68,345.59,False
2023-02-18 19:00:00,0.0,133.04,85.0,100.0,14.79,14.47,23.65,89.92,345.63,False
2023-02-18 20:00:00,0.0,124.66,85.0,100.0,15.09,15.4,25.0,89.07,346.45,False
2023-02-18 21:00:00,0.0,116.63,85.0,100.0,14.76,13.21,24.88,89.04,346.38,False
2023-02-18 22:00:00,14.24,135.4,85.0,100.0,15.06,14.75,26.29,87.46,347.23,False
2023-02-18 23:00:00,0.0,127.21,85.0,100.0,14.46,14.87,27.41,79.14,347.91,False
2023-02-19 00:00:00,10.64,139.21,85.0,100.0,14.26,14.62,28.69,75.0,348.68,False
2023-02-19 01:00:00,2.46,135.18,85.0,100.0,14.65,14.96,30.18,79.06,349.59,False
2023-02-19 02:00:00,0.0,127.41,85.0,100.0,15.06,14.74,29.99,70.65,349.48,False
2023-02-19 03:00:00,0.0,119.93,85.0,100.0,14.93,14.3,30.54,68.61,349.8,False
2023-02-19 04:00:00,0.0,112.98,85.0,100.0,15.25,15.25,32.06,64.49,350.73,False
2023-02-19 05:00:00,0.0,106.33,85.0,100.0,14.43,15.26,33.93,65.46,351.86,False
2023-02-19 06:00:00,0.0,100.09,85.0,100.0,14.77,14.61,34.21,65.92,352.03,False
2023-02-19 07:00:00,23.37,135.47,85.0,100.0,14.97,14.78,33.95,65.08,351.87,False
2023-02-19 08:00:00,40.94,200.95,85.0,100.0,14.61,15.74,32.28,69.36,350.86,False
2023-02-19 09:00:00,25.16,233.98,85.0,100.0,15.06,15.18,30.61,67.45,349.85,False
2023-02-19 10:00:00,0.0,220.33,85.0,100.0,14.89,15.0,29.34,70.47,349.08,False
2023-02-19 11:00:00,0.0,206.81,85.0,100.0,15.19,15.65,29.3,74.84,349.05,False
2023-02-19 12:00:00,0.0,194.31,85.0,100.0,15.12,14.35,28.38,78.93,348.5,False
2023-02-19 13:00:00,0.0,182.9,85.0,100.0,14.26,14.19,28.12,82.08,348.34,False
2023-02-19 14:00:00,0.0,172.01,85.0,100.0,15.59,15.07,26.77,82.43,347.52,False
2023-02-19 15:00:00,15.75,190.09,85.0,100.0,14.13,15.34,25.45,88.52,346.73,False
2023-02-19 16:00:00,3.67,185.62,85.0,100.0,14.38,14.32,24.07,89.38,345.89,False
2023-02-19 17:00:00,0.0,174.56,85.0,100.0,14.97,14.48,23.58,90.36,345.59,False
2023-02-19 18:00:00,0.0,163.93,85.0,100.0,15.12,15.32,24.15,92.06,345.94,False
2023-02-19 19:00:00,0.0,153.7,85.0,100.0,14.89,14.54,24.57,89.6,346.19,False
2023-02-19 20:00:00,3.16,150.31,85.0,100.0,14.78,14.9,24.84,87.85,346.35,False
2023-02-19 21:00:00,22.41,181.39,85.0,100.0,14.97,15.08,24.7,82.67,346.27,False
2023-02-19 22:00:00,20.6,207.52,85.0,100.0,15.21,15.38,26.64,88.49,347.44,False
2023-02-19 23:00:00,0.0,195.39,85.0,100.0,14.54,33.38,27.59,82.73,348.02,True
2023-02-20 00:00:00,14.98,210.57,85.0,100.0,14.55,15.2,27.86,77.77,348.18,False
2023-02-20 01:00:00,0.0,197.8,85.0,100.0,14.65,14.5,29.19,73.04,348.99,False
2023-02-20 02:00:00,0.0,185.85,85.0,100.0,15.53,15.24,31.16,65.25,350.18,False
2023-02-20 03:00:00,0.0,174.62,85.0,100.0,15.15,14.64,31.54,66.64,350.41,False
2023-02-20 04:00:00,7.64,177.6,85.0,100.0,15.23,14.45,33.35,67.31,351.51,False
2023-02-20 05:00:00,0.0,167.45,85.0,100.0,15.64,15.83,33.15,66.36,351.39,False
2023-02-20 06:00:00,10.73,176.55,85.0,100.0,15.31,15.73,32.71,65.28,351.12,False
2023-02-20 07:00:00,0.0,166.19,85.0,100.0,15.06,15.06,32.84,64.79,351.2,False
2023-02-20 08:00:00,16.01,184.74,85.0,100.0,15.62,15.62,32.44,68.48,350.96,False
2023-02-20 09:00:00,15.05,200.92,85.0,100.0,14.61,14.87,31.24,67.44,350.23,False
2023-02-20 10:00:00,0.0,188.91,85.0,100.0,14.89,14.95,30.2,73.17,349.6,False
2023-02-20 11:00:00,0.0,177.59,85.0,100.0,15.46,14.93,30.09,73.61,349.53,False
2023-02-20 12:00:00,0.0,166.98,85.0,100.0,14.12,14.63,29.01,76.24,348.88,False
2023-02-20 13:00:00,0.0,157.09,85.0,100.0,14.68,14.06,27.7,79.61,348.08,False
2023-02-20 14:00:00,5.52,157.53,85.0,100.0,15.32,14.88,27.16,82.87,347.76,False
2023-02-20 15:00:00,20.93,185.7,85.0,100.0,15.04,15.52,24.99,89.22,346.45,False
2023-02-20 16:00:00,0.0,174.73,85.0,100.0,15.21,15.11,25.61,88.64,346.82,False
2023-02-20 17:00:00,12.69,186.75,85.0,100.0,14.23,15.33,23.61,89.46,345.61,False
2023-02-20 18:00:00,0.0,175.15,85.0,100.0,14.66,15.16,23.39,93.43,345.48,False
2023-02-20 19:00:00,0.0,164.7,85.0,100.0,15.26,14.66,23.1,92.18,345.3,False
2023-02-20 20:00:00,0.0,154.21,85.0,100.0,14.64,15.1,24.34,92.05,346.05,False
2023-02-20 21:00:00,3.16,150.15,85.0,100.0,15.33,14.87,25.02,88.92,346.46,False
2023-02-20 22:00:00,0.0,141.68,85.0,100.0,15.11,14.57,26.57,83.49,347.4,False
2023-02-20 23:00:00,0.0,133.65,85.0,100.0,14.53,15.37,27.48,81.78,347.95,False
2023-02-21 00:00:00,0.0,125.46,85.0,100.0,15.14,14.48,27.78,78.25,348.14,False
2023-02-21 01:00:00,3.44,124.42,85.0,100.0,15.3,14.74,29.43,72.54,349.13,False
2023-02-21 02:00:00,0.0,117.26,85.0,100.0,15.14,15.89,30.53,68.79,349.8,False
2023-02-21 03:00:00,0.0,110.37,85.0,100.0,15.21,15.28,30.62,66.74,349.85,False
2023-02-21 04:00:00,0.0,103.72,85.0,100.0,14.31,15.1,31.81,69.95,350.58,False
2023-02-21 05:00:00,0.0,97.69,85.0,100.0,15.9,14.13,32.38,63.65,350.92,False
2023-02-21 06:00:00,0.0,92.07,84.96,99.95,16.17,15.0,33.86,66.47,351.82,False
2023-02-21 07:00:00,0.64,87.89,84.58,99.51,15.99,14.95,32.96,63.54,351.27,False
2023-02-21 08:00:00,23.52,124.49,84.88,99.86,15.17,15.09,32.79,67.65,351.17,False
2023-02-21 09:00:00,19.01,151.85,85.0,100.0,14.84,14.92,30.78,69.91,349.95,False
2023-02-21 10:00:00,18.87,177.43,85.0,100.0,14.85,14.66,31.47,72.91,350.37,False
2023-02-21 11:00:00,0.0,166.21,85.0,100.0,15.31,15.47,30.45,75.15,349.75,False
2023-02-21 12:00:00,0.0,156.39,85.0,100.0,15.43,15.38,27.3,80.75,347.84,False
2023-02-21 13:00:00,0.0,147.62,85.0,100.0,14.74,14.55,26.91,82.38,347.61,False
2023-02-21 14:00:00,0.0,139.07,85.0,100.0,14.99,15.63,26.55,88.43,347.39,False
2023-02-21 15:00:00,0.0,131.03,85.0,100.0,15.5,14.54,25.7,84.66,346.88,False
